[     309ms] [INFO] %cDownload the React DevTools for a better development experience: https://react.dev/link/react-devtools font-weight:bold @ http://localhost:3000/_next/static/chunks/node_modules_next_dist_115brz8._.js:2431
[     379ms] [LOG] [HMR] connected @ http://localhost:3000/_next/static/chunks/node_modules_next_dist_115brz8._.js:2431
[     498ms] [ERROR] Failed to load resource: the server responded with a status of 404 (Not Found) @ http://localhost:3000/favicon.ico:0
[     632ms] [ERROR] Failed to load resource: the server responded with a status of 401 (Unauthorized) @ http://localhost:3000/api/auth/me:0
[    3704ms] [WARNING] The resource http://localhost:3000/_next/static/chunks/src_shared_ui_page-shell_page-shell_module_scss_module_0i25aaj.css was preloaded using link preload but not used within a few seconds from the window's load event. Please make sure it has an appropriate `as` value and it is preloaded intentionally. @ http://localhost:3000/pt-BR/cargas:0
[    3704ms] [WARNING] The resource http://localhost:3000/_next/static/chunks/%5Broot-of-the-server%5D__0l6x6ze._.css was preloaded using link preload but not used within a few seconds from the window's load event. Please make sure it has an appropriate `as` value and it is preloaded intentionally. @ http://localhost:3000/pt-BR/cargas:0
[   15104ms] [INFO] %cDownload the React DevTools for a better development experience: https://react.dev/link/react-devtools font-weight:bold @ http://localhost:3000/_next/static/chunks/node_modules_next_dist_115brz8._.js:2431
[   15125ms] [LOG] [HMR] connected @ http://localhost:3000/_next/static/chunks/node_modules_next_dist_115brz8._.js:2431
[   15218ms] [ERROR] Failed to load resource: the server responded with a status of 401 (Unauthorized) @ http://localhost:3000/api/auth/me:0
[   18276ms] [WARNING] The resource http://localhost:3000/_next/static/chunks/src_shared_ui_page-shell_page-shell_module_scss_module_0i25aaj.css was preloaded using link preload but not used within a few seconds from the window's load event. Please make sure it has an appropriate `as` value and it is preloaded intentionally. @ http://localhost:3000/pt-BR/cargas:0
[  248179ms] [LOG] [Fast Refresh] rebuilding @ http://localhost:3000/_next/static/chunks/node_modules_next_dist_115brz8._.js:2431
[  248282ms] [LOG] [Fast Refresh] done in 208ms @ http://localhost:3000/_next/static/chunks/node_modules_next_dist_115brz8._.js:2431
[ 1165233ms] [LOG] [Fast Refresh] rebuilding @ http://localhost:3000/_next/static/chunks/node_modules_next_dist_115brz8._.js:2431
[ 1165567ms] [LOG] [Fast Refresh] done in 316ms @ http://localhost:3000/_next/static/chunks/node_modules_next_dist_115brz8._.js:2431
[ 1166578ms] [LOG] [Fast Refresh] rebuilding @ http://localhost:3000/_next/static/chunks/node_modules_next_dist_115brz8._.js:2431
[ 1167211ms] [LOG] [Fast Refresh] done in 705ms @ http://localhost:3000/_next/static/chunks/node_modules_next_dist_115brz8._.js:2431
[ 1170212ms] [WARNING] The resource http://localhost:3000/_next/static/chunks/src_shared_ui_page-shell_page-shell_module_scss_module_0i25aaj.css was preloaded using link preload but not used within a few seconds from the window's load event. Please make sure it has an appropriate `as` value and it is preloaded intentionally. @ http://localhost:3000/pt-BR/cargas:0
[ 1255828ms] [LOG] [Fast Refresh] rebuilding @ http://localhost:3000/_next/static/chunks/node_modules_next_dist_115brz8._.js:2431
[ 1255915ms] [LOG] [Fast Refresh] done in 190ms @ http://localhost:3000/_next/static/chunks/node_modules_next_dist_115brz8._.js:2431
[ 2894186ms] [LOG] [Fast Refresh] rebuilding @ http://localhost:3000/_next/static/chunks/node_modules_next_dist_115brz8._.js:2431
[ 2894897ms] [LOG] [Fast Refresh] done in 774ms @ http://localhost:3000/_next/static/chunks/node_modules_next_dist_115brz8._.js:2431
[ 2898155ms] [WARNING] The resource http://localhost:3000/_next/static/chunks/src_shared_ui_page-shell_page-shell_module_scss_module_0i25aaj.css was preloaded using link preload but not used within a few seconds from the window's load event. Please make sure it has an appropriate `as` value and it is preloaded intentionally. @ http://localhost:3000/pt-BR/cargas:0
[ 2905060ms] [ERROR] WebSocket connection to 'ws://localhost:3000/_next/webpack-hmr?id=o6j15U3A2Wbu9CaqCjIoG' failed: Error in connection establishment: net::ERR_CONNECTION_REFUSED @ http://localhost:3000/_next/static/chunks/node_modules_next_dist_client_0fhqo1d._.js:13299
[ 2906062ms] [ERROR] WebSocket connection to 'ws://localhost:3000/_next/webpack-hmr?id=o6j15U3A2Wbu9CaqCjIoG' failed: Error in connection establishment: net::ERR_CONNECTION_REFUSED @ http://localhost:3000/_next/static/chunks/node_modules_next_dist_client_0fhqo1d._.js:13299
[ 2907066ms] [ERROR] WebSocket connection to 'ws://localhost:3000/_next/webpack-hmr?id=o6j15U3A2Wbu9CaqCjIoG' failed: Error in connection establishment: net::ERR_CONNECTION_REFUSED @ http://localhost:3000/_next/static/chunks/node_modules_next_dist_client_0fhqo1d._.js:13299
[ 2908068ms] [ERROR] WebSocket connection to 'ws://localhost:3000/_next/webpack-hmr?id=o6j15U3A2Wbu9CaqCjIoG' failed: Error in connection establishment: net::ERR_CONNECTION_REFUSED @ http://localhost:3000/_next/static/chunks/node_modules_next_dist_client_0fhqo1d._.js:13299
[ 2909832ms] [LOG] [HMR] connected @ http://localhost:3000/_next/static/chunks/node_modules_next_dist_115brz8._.js:2431
[ 2912845ms] [WARNING] The resource http://localhost:3000/_next/static/chunks/src_shared_ui_page-shell_page-shell_module_scss_module_0i25aaj.css was preloaded using link preload but not used within a few seconds from the window's load event. Please make sure it has an appropriate `as` value and it is preloaded intentionally. @ http://localhost:3000/pt-BR/cargas:0
[ 2919840ms] [INFO] %cDownload the React DevTools for a better development experience: https://react.dev/link/react-devtools font-weight:bold @ http://localhost:3000/_next/static/chunks/node_modules_next_dist_115brz8._.js:2431
[ 2919947ms] [LOG] [HMR] connected @ http://localhost:3000/_next/static/chunks/node_modules_next_dist_115brz8._.js:2431
[ 2920140ms] [LOG] [Fast Refresh] rebuilding @ http://localhost:3000/_next/static/chunks/node_modules_next_dist_115brz8._.js:2431
[ 2923021ms] [WARNING] The resource http://localhost:3000/_next/static/chunks/src_shared_ui_page-shell_page-shell_module_scss_module_0i25aaj.css was preloaded using link preload but not used within a few seconds from the window's load event. Please make sure it has an appropriate `as` value and it is preloaded intentionally. @ http://localhost:3000/pt-BR/cargas:0
[ 2924136ms] [LOG] [Fast Refresh] done in 4162ms @ http://localhost:3000/_next/static/chunks/node_modules_next_dist_115brz8._.js:2431
[ 2924162ms] [ERROR] Failed to load resource: the server responded with a status of 401 (Unauthorized) @ http://localhost:3000/api/auth/me:0
[ 2927259ms] [WARNING] The resource http://localhost:3000/_next/static/chunks/src_shared_ui_page-shell_page-shell_module_scss_module_0i25aaj.css was preloaded using link preload but not used within a few seconds from the window's load event. Please make sure it has an appropriate `as` value and it is preloaded intentionally. @ http://localhost:3000/pt-BR/cargas:0
[ 3194206ms] [LOG] [Fast Refresh] rebuilding @ http://localhost:3000/_next/static/chunks/node_modules_next_dist_115brz8._.js:2431
[ 3194357ms] [LOG] [Fast Refresh] done in 203ms @ http://localhost:3000/_next/static/chunks/node_modules_next_dist_115brz8._.js:2431
[ 3194466ms] [LOG] [Fast Refresh] rebuilding @ http://localhost:3000/_next/static/chunks/node_modules_next_dist_115brz8._.js:2431
[ 3194502ms] [LOG] [Fast Refresh] done in 137ms @ http://localhost:3000/_next/static/chunks/node_modules_next_dist_115brz8._.js:2431
[ 3205472ms] [WARNING] The resource http://localhost:3000/_next/static/chunks/src_shared_ui_page-shell_page-shell_module_scss_module_0i25aaj.css was preloaded using link preload but not used within a few seconds from the window's load event. Please make sure it has an appropriate `as` value and it is preloaded intentionally. @ http://localhost:3000/pt-BR/cargas:0
[ 3942694ms] [LOG] [Fast Refresh] rebuilding @ http://localhost:3000/_next/static/chunks/node_modules_next_dist_115brz8._.js:2431
[ 3944684ms] [LOG] [Fast Refresh] done in 2106ms @ http://localhost:3000/_next/static/chunks/node_modules_next_dist_115brz8._.js:2431
[ 3945964ms] [LOG] [Fast Refresh] rebuilding @ http://localhost:3000/_next/static/chunks/node_modules_next_dist_115brz8._.js:2431
[ 3945991ms] [LOG] [Fast Refresh] done in 128ms @ http://localhost:3000/_next/static/chunks/node_modules_next_dist_115brz8._.js:2431
[ 3946379ms] [WARNING] The resource http://localhost:3000/_next/static/chunks/src_shared_ui_page-shell_page-shell_module_scss_module_0i25aaj.css was preloaded using link preload but not used within a few seconds from the window's load event. Please make sure it has an appropriate `as` value and it is preloaded intentionally. @ http://localhost:3000/pt-BR/cargas:0
[ 4521647ms] [LOG] [Fast Refresh] rebuilding @ http://localhost:3000/_next/static/chunks/node_modules_next_dist_115brz8._.js:2431
[ 4521835ms] [LOG] [Fast Refresh] done in 236ms @ http://localhost:3000/_next/static/chunks/node_modules_next_dist_115brz8._.js:2431
[ 4525610ms] [LOG] [Fast Refresh] rebuilding @ http://localhost:3000/_next/static/chunks/node_modules_next_dist_115brz8._.js:2431
[ 4525619ms] [LOG] [Fast Refresh] done in 20ms @ http://localhost:3000/_next/static/chunks/node_modules_next_dist_115brz8._.js:2431
[ 4544881ms] [LOG] [Fast Refresh] rebuilding @ http://localhost:3000/_next/static/chunks/node_modules_next_dist_115brz8._.js:2431
[ 4546697ms] [ERROR] ./src/app/[locale]/hy-ui-lab/icon-button/icon-button-visual-lab.module.sass
Error evaluating Node.js code
Error: Expected identifier.
    ╷
233 │ +  -webkit-backdrop-filter: blur(6px) saturate(1.08)
    │                            ^
    ╵
  src/app/[locale]/hy-ui-lab/icon-button/icon-button-visual-lab.module.sass 233:28  root stylesheet
  (from /Users/tialarocha/Desktop/hydririvers-ops-dashboard/node_modules/next/dist/build/webpack/loaders/resolve-url-loader/index.js, /Users/tialarocha/Desktop/hydririvers-ops-dashboard/node_modules/next/dist/compiled/sass-loader/cjs.js)
Caused by: Error: Expected identifier.
    ╷
233 │ +  -webkit-backdrop-filter: blur(6px) saturate(1.08)
    │                            ^
    ╵
  src/app/[locale]/hy-ui-lab/icon-button/icon-button-visual-lab.module.sass 233:28  root stylesheet
    [at Object.wrapException (/Users/tialarocha/Desktop/hydririvers-ops-dashboard/node_modules/sass/sass.dart.js:2337:47)]
    [at SpanScanner.error$3$length$position (/Users/tialarocha/Desktop/hydririvers-ops-dashboard/node_modules/sass/sass.dart.js:87427:15)]
    [at SpanScanner.error$1 (/Users/tialarocha/Desktop/hydririvers-ops-dashboard/node_modules/sass/sass.dart.js:87430:19)]
    [at SelectorParser0.identifier$2$normalize$unit (/Users/tialarocha/Desktop/hydririvers-ops-dashboard/node_modules/sass/sass.dart.js:117743:12)]
    [at SelectorParser0.identifier$0 (/Users/tialarocha/Desktop/hydririvers-ops-dashboard/node_modules/sass/sass.dart.js:117750:19)]
    [at SelectorParser0._selector$_pseudoSelector$0 (/Users/tialarocha/Desktop/hydririvers-ops-dashboard/node_modules/sass/sass.dart.js:120263:21)]
    [at SelectorParser0._selector$_simpleSelector$1$allowParent (/Users/tialarocha/Desktop/hydririvers-ops-dashboard/node_modules/sass/sass.dart.js:120171:24)]
    [at SelectorParser0._selector$_compoundSelector$0 (/Users/tialarocha/Desktop/hydririvers-ops-dashboard/node_modules/sass/sass.dart.js:120142:31)]
    [at SelectorParser0._selector$_complexSelector$1$lineBreak (/Users/tialarocha/Desktop/hydririvers-ops-dashboard/node_modules/sass/sass.dart.js:120112:32)]
    [at SelectorParser0._selector$_complexSelector$0 (/Users/tialarocha/Desktop/hydririvers-ops-dashboard/node_modules/sass/sass.dart.js:120134:19)]

Import traces:
  Client Component Browser:
    ./src/app/[locale]/hy-ui-lab/icon-button/icon-button-visual-lab.module.sass [Client Component Browser]
    ./src/app/[locale]/hy-ui-lab/icon-button/icon-button-visual-lab.tsx [Client Component Browser]
    ./src/app/[locale]/hy-ui-lab/icon-button/icon-button-visual-lab.tsx [Server Component]
    ./src/app/[locale]/hy-ui-lab/icon-button/page.tsx [Server Component]

  Client Component SSR:
    ./src/app/[locale]/hy-ui-lab/icon-button/icon-button-visual-lab.module.sass [Client Component SSR]
    ./src/app/[locale]/hy-ui-lab/icon-button/icon-button-visual-lab.tsx [Client Component SSR]
    ./src/app/[locale]/hy-ui-lab/icon-button/icon-button-visual-lab.tsx [Server Component]
    ./src/app/[locale]/hy-ui-lab/icon-button/page.tsx [Server Component] @ http://localhost:3000/_next/static/chunks/node_modules_next_dist_115brz8._.js:3272
[ 4547041ms] [LOG] [Fast Refresh] rebuilding @ http://localhost:3000/_next/static/chunks/node_modules_next_dist_115brz8._.js:2431
[ 4547056ms] [ERROR] ./src/app/[locale]/hy-ui-lab/icon-button/icon-button-visual-lab.module.sass
Error evaluating Node.js code
Error: Expected identifier.
    ╷
233 │ +  -webkit-backdrop-filter: blur(6px) saturate(1.08)
    │                            ^
    ╵
  src/app/[locale]/hy-ui-lab/icon-button/icon-button-visual-lab.module.sass 233:28  root stylesheet
  (from /Users/tialarocha/Desktop/hydririvers-ops-dashboard/node_modules/next/dist/build/webpack/loaders/resolve-url-loader/index.js, /Users/tialarocha/Desktop/hydririvers-ops-dashboard/node_modules/next/dist/compiled/sass-loader/cjs.js)
Caused by: Error: Expected identifier.
    ╷
233 │ +  -webkit-backdrop-filter: blur(6px) saturate(1.08)
    │                            ^
    ╵
  src/app/[locale]/hy-ui-lab/icon-button/icon-button-visual-lab.module.sass 233:28  root stylesheet
    [at Object.wrapException (/Users/tialarocha/Desktop/hydririvers-ops-dashboard/node_modules/sass/sass.dart.js:2337:47)]
    [at SpanScanner.error$3$length$position (/Users/tialarocha/Desktop/hydririvers-ops-dashboard/node_modules/sass/sass.dart.js:87427:15)]
    [at SpanScanner.error$1 (/Users/tialarocha/Desktop/hydririvers-ops-dashboard/node_modules/sass/sass.dart.js:87430:19)]
    [at SelectorParser0.identifier$2$normalize$unit (/Users/tialarocha/Desktop/hydririvers-ops-dashboard/node_modules/sass/sass.dart.js:117743:12)]
    [at SelectorParser0.identifier$0 (/Users/tialarocha/Desktop/hydririvers-ops-dashboard/node_modules/sass/sass.dart.js:117750:19)]
    [at SelectorParser0._selector$_pseudoSelector$0 (/Users/tialarocha/Desktop/hydririvers-ops-dashboard/node_modules/sass/sass.dart.js:120263:21)]
    [at SelectorParser0._selector$_simpleSelector$1$allowParent (/Users/tialarocha/Desktop/hydririvers-ops-dashboard/node_modules/sass/sass.dart.js:120171:24)]
    [at SelectorParser0._selector$_compoundSelector$0 (/Users/tialarocha/Desktop/hydririvers-ops-dashboard/node_modules/sass/sass.dart.js:120142:31)]
    [at SelectorParser0._selector$_complexSelector$1$lineBreak (/Users/tialarocha/Desktop/hydririvers-ops-dashboard/node_modules/sass/sass.dart.js:120112:32)]
    [at SelectorParser0._selector$_complexSelector$0 (/Users/tialarocha/Desktop/hydririvers-ops-dashboard/node_modules/sass/sass.dart.js:120134:19)]

Import traces:
  Client Component Browser:
    ./src/app/[locale]/hy-ui-lab/icon-button/icon-button-visual-lab.module.sass [Client Component Browser]
    ./src/app/[locale]/hy-ui-lab/icon-button/icon-button-visual-lab.tsx [Client Component Browser]
    ./src/app/[locale]/hy-ui-lab/icon-button/icon-button-visual-lab.tsx [Server Component]
    ./src/app/[locale]/hy-ui-lab/icon-button/page.tsx [Server Component]

  Client Component SSR:
    ./src/app/[locale]/hy-ui-lab/icon-button/icon-button-visual-lab.module.sass [Client Component SSR]
    ./src/app/[locale]/hy-ui-lab/icon-button/icon-button-visual-lab.tsx [Client Component SSR]
    ./src/app/[locale]/hy-ui-lab/icon-button/icon-button-visual-lab.tsx [Server Component]
    ./src/app/[locale]/hy-ui-lab/icon-button/page.tsx [Server Component] @ http://localhost:3000/_next/static/chunks/node_modules_next_dist_115brz8._.js:3272
[ 4548880ms] [LOG] [Fast Refresh] rebuilding @ http://localhost:3000/_next/static/chunks/node_modules_next_dist_115brz8._.js:2431
[ 4549241ms] [LOG] [Fast Refresh] done in 461ms @ http://localhost:3000/_next/static/chunks/node_modules_next_dist_115brz8._.js:2431
[ 4549440ms] [LOG] [Fast Refresh] rebuilding @ http://localhost:3000/_next/static/chunks/node_modules_next_dist_115brz8._.js:2431
[ 4549452ms] [LOG] [Fast Refresh] done in 113ms @ http://localhost:3000/_next/static/chunks/node_modules_next_dist_115brz8._.js:2431
[ 4553325ms] [WARNING] The resource http://localhost:3000/_next/static/chunks/src_shared_ui_page-shell_page-shell_module_scss_module_0i25aaj.css was preloaded using link preload but not used within a few seconds from the window's load event. Please make sure it has an appropriate `as` value and it is preloaded intentionally. @ http://localhost:3000/pt-BR/cargas:0
[ 4668771ms] [LOG] [Fast Refresh] rebuilding @ http://localhost:3000/_next/static/chunks/node_modules_next_dist_115brz8._.js:2431
[ 4668995ms] [LOG] [Fast Refresh] done in 331ms @ http://localhost:3000/_next/static/chunks/node_modules_next_dist_115brz8._.js:2431
[ 4722510ms] [LOG] [Fast Refresh] rebuilding @ http://localhost:3000/_next/static/chunks/node_modules_next_dist_115brz8._.js:2431
[ 4722513ms] [LOG] [Fast Refresh] done in 106ms @ http://localhost:3000/_next/static/chunks/node_modules_next_dist_115brz8._.js:2431
[ 4724163ms] [LOG] [Fast Refresh] rebuilding @ http://localhost:3000/_next/static/chunks/node_modules_next_dist_115brz8._.js:2431
[ 4724400ms] [LOG] [Fast Refresh] done in 339ms @ http://localhost:3000/_next/static/chunks/node_modules_next_dist_115brz8._.js:2431
[ 6746435ms] [LOG] [Fast Refresh] rebuilding @ http://localhost:3000/_next/static/chunks/node_modules_next_dist_115brz8._.js:2431
[ 6746599ms] [LOG] [Fast Refresh] done in 261ms @ http://localhost:3000/_next/static/chunks/node_modules_next_dist_115brz8._.js:2431
[ 6747170ms] [LOG] [Fast Refresh] rebuilding @ http://localhost:3000/_next/static/chunks/node_modules_next_dist_115brz8._.js:2431
[ 6747183ms] [LOG] [Fast Refresh] done in 97ms @ http://localhost:3000/_next/static/chunks/node_modules_next_dist_115brz8._.js:2431
[ 6751820ms] [LOG] [Fast Refresh] rebuilding @ http://localhost:3000/_next/static/chunks/node_modules_next_dist_115brz8._.js:2431
[ 6752084ms] [LOG] [Fast Refresh] done in 338ms @ http://localhost:3000/_next/static/chunks/node_modules_next_dist_115brz8._.js:2431
[ 6780274ms] [LOG] [Fast Refresh] rebuilding @ http://localhost:3000/_next/static/chunks/node_modules_next_dist_115brz8._.js:2431
[ 6780287ms] [LOG] [Fast Refresh] done in 115ms @ http://localhost:3000/_next/static/chunks/node_modules_next_dist_115brz8._.js:2431
[ 6800425ms] [LOG] [Fast Refresh] rebuilding @ http://localhost:3000/_next/static/chunks/node_modules_next_dist_115brz8._.js:2431
[ 6800563ms] [LOG] [Fast Refresh] done in 241ms @ http://localhost:3000/_next/static/chunks/node_modules_next_dist_115brz8._.js:2431
[ 6802062ms] [LOG] [Fast Refresh] rebuilding @ http://localhost:3000/_next/static/chunks/node_modules_next_dist_115brz8._.js:2431
[ 6802266ms] [LOG] [Fast Refresh] done in 306ms @ http://localhost:3000/_next/static/chunks/node_modules_next_dist_115brz8._.js:2431
[ 7343840ms] [ERROR] WebSocket connection to 'ws://localhost:3000/_next/webpack-hmr?id=et0Ggs5B3BP96yA1Jr_K1' failed: Error in connection establishment: net::ERR_CONNECTION_REFUSED @ http://localhost:3000/_next/static/chunks/node_modules_next_dist_client_0fhqo1d._.js:13299
[ 7344848ms] [ERROR] WebSocket connection to 'ws://localhost:3000/_next/webpack-hmr?id=et0Ggs5B3BP96yA1Jr_K1' failed: Error in connection establishment: net::ERR_CONNECTION_REFUSED @ http://localhost:3000/_next/static/chunks/node_modules_next_dist_client_0fhqo1d._.js:13299
[ 7345851ms] [ERROR] WebSocket connection to 'ws://localhost:3000/_next/webpack-hmr?id=et0Ggs5B3BP96yA1Jr_K1' failed: Error in connection establishment: net::ERR_CONNECTION_REFUSED @ http://localhost:3000/_next/static/chunks/node_modules_next_dist_client_0fhqo1d._.js:13299
[ 7346857ms] [ERROR] WebSocket connection to 'ws://localhost:3000/_next/webpack-hmr?id=et0Ggs5B3BP96yA1Jr_K1' failed: Error in connection establishment: net::ERR_CONNECTION_REFUSED @ http://localhost:3000/_next/static/chunks/node_modules_next_dist_client_0fhqo1d._.js:13299
[ 7347867ms] [ERROR] WebSocket connection to 'ws://localhost:3000/_next/webpack-hmr?id=et0Ggs5B3BP96yA1Jr_K1' failed: Error in connection establishment: net::ERR_CONNECTION_REFUSED @ http://localhost:3000/_next/static/chunks/node_modules_next_dist_client_0fhqo1d._.js:13299
[ 7352878ms] [ERROR] WebSocket connection to 'ws://localhost:3000/_next/webpack-hmr?id=et0Ggs5B3BP96yA1Jr_K1' failed: Error in connection establishment: net::ERR_CONNECTION_REFUSED @ http://localhost:3000/_next/static/chunks/node_modules_next_dist_client_0fhqo1d._.js:13299
[ 7357976ms] [LOG] [HMR] connected @ http://localhost:3000/_next/static/chunks/node_modules_next_dist_115brz8._.js:2431
[ 7361108ms] [WARNING] The resource http://localhost:3000/_next/static/chunks/src_shared_ui_page-shell_page-shell_module_scss_module_0i25aaj.css was preloaded using link preload but not used within a few seconds from the window's load event. Please make sure it has an appropriate `as` value and it is preloaded intentionally. @ http://localhost:3000/pt-BR/cargas:0
[ 7366066ms] [INFO] %cDownload the React DevTools for a better development experience: https://react.dev/link/react-devtools font-weight:bold @ http://localhost:3000/_next/static/chunks/node_modules_next_dist_115brz8._.js:2431
[ 7366429ms] [LOG] [HMR] connected @ http://localhost:3000/_next/static/chunks/node_modules_next_dist_115brz8._.js:2431
[ 7367072ms] [ERROR] Failed to load resource: the server responded with a status of 401 (Unauthorized) @ http://localhost:3000/api/auth/me:0
[ 7370126ms] [WARNING] The resource http://localhost:3000/_next/static/chunks/src_shared_ui_page-shell_page-shell_module_scss_module_0i25aaj.css was preloaded using link preload but not used within a few seconds from the window's load event. Please make sure it has an appropriate `as` value and it is preloaded intentionally. @ http://localhost:3000/pt-BR/cargas:0
[ 7423065ms] [LOG] [Fast Refresh] rebuilding @ http://localhost:3000/_next/static/chunks/node_modules_next_dist_115brz8._.js:2431
[ 7423069ms] [LOG] [Fast Refresh] done in 105ms @ http://localhost:3000/_next/static/chunks/node_modules_next_dist_115brz8._.js:2431
[ 7424048ms] [LOG] [Fast Refresh] rebuilding @ http://localhost:3000/_next/static/chunks/node_modules_next_dist_115brz8._.js:2431
[ 7424132ms] [LOG] [Fast Refresh] done in 187ms @ http://localhost:3000/_next/static/chunks/node_modules_next_dist_115brz8._.js:2431
[ 7864201ms] [LOG] [Fast Refresh] rebuilding @ http://localhost:3000/_next/static/chunks/node_modules_next_dist_115brz8._.js:2431
[ 7864730ms] [LOG] [Fast Refresh] done in 637ms @ http://localhost:3000/_next/static/chunks/node_modules_next_dist_115brz8._.js:2431
[ 7867577ms] [WARNING] The resource http://localhost:3000/_next/static/chunks/src_shared_ui_page-shell_page-shell_module_scss_module_0i25aaj.css was preloaded using link preload but not used within a few seconds from the window's load event. Please make sure it has an appropriate `as` value and it is preloaded intentionally. @ http://localhost:3000/pt-BR/cargas:0
[ 7883489ms] [LOG] [Fast Refresh] rebuilding @ http://localhost:3000/_next/static/chunks/node_modules_next_dist_115brz8._.js:2431
[ 7883692ms] [LOG] [Fast Refresh] done in 288ms @ http://localhost:3000/_next/static/chunks/node_modules_next_dist_115brz8._.js:2431
[ 7887911ms] [LOG] [Fast Refresh] rebuilding @ http://localhost:3000/_next/static/chunks/node_modules_next_dist_115brz8._.js:2431
[ 7888565ms] [ERROR] ./src/app/[locale]/hy-ui-lab/icon-button/glass-test-backdrop.module.sass
Error evaluating Node.js code
Error: Expected identifier.
   ╷
19 │ +  filter: blur(0.5px)
   │           ^
   ╵
  src/app/[locale]/hy-ui-lab/icon-button/glass-test-backdrop.module.sass 19:11  root stylesheet
  (from /Users/tialarocha/Desktop/hydririvers-ops-dashboard/node_modules/next/dist/build/webpack/loaders/resolve-url-loader/index.js, /Users/tialarocha/Desktop/hydririvers-ops-dashboard/node_modules/next/dist/compiled/sass-loader/cjs.js)
Caused by: Error: Expected identifier.
   ╷
19 │ +  filter: blur(0.5px)
   │           ^
   ╵
  src/app/[locale]/hy-ui-lab/icon-button/glass-test-backdrop.module.sass 19:11  root stylesheet
    [at Object.wrapException (/Users/tialarocha/Desktop/hydririvers-ops-dashboard/node_modules/sass/sass.dart.js:2337:47)]
    [at SpanScanner.error$3$length$position (/Users/tialarocha/Desktop/hydririvers-ops-dashboard/node_modules/sass/sass.dart.js:87427:15)]
    [at SpanScanner.error$1 (/Users/tialarocha/Desktop/hydririvers-ops-dashboard/node_modules/sass/sass.dart.js:87430:19)]
    [at SelectorParser0.identifier$2$normalize$unit (/Users/tialarocha/Desktop/hydririvers-ops-dashboard/node_modules/sass/sass.dart.js:117743:12)]
    [at SelectorParser0.identifier$0 (/Users/tialarocha/Desktop/hydririvers-ops-dashboard/node_modules/sass/sass.dart.js:117750:19)]
    [at SelectorParser0._selector$_pseudoSelector$0 (/Users/tialarocha/Desktop/hydririvers-ops-dashboard/node_modules/sass/sass.dart.js:120263:21)]
    [at SelectorParser0._selector$_simpleSelector$1$allowParent (/Users/tialarocha/Desktop/hydririvers-ops-dashboard/node_modules/sass/sass.dart.js:120171:24)]
    [at SelectorParser0._selector$_compoundSelector$0 (/Users/tialarocha/Desktop/hydririvers-ops-dashboard/node_modules/sass/sass.dart.js:120142:31)]
    [at SelectorParser0._selector$_complexSelector$1$lineBreak (/Users/tialarocha/Desktop/hydririvers-ops-dashboard/node_modules/sass/sass.dart.js:120112:32)]
    [at SelectorParser0._selector$_complexSelector$0 (/Users/tialarocha/Desktop/hydririvers-ops-dashboard/node_modules/sass/sass.dart.js:120134:19)]

Import traces:
  Client Component Browser:
    ./src/app/[locale]/hy-ui-lab/icon-button/glass-test-backdrop.module.sass [Client Component Browser]
    ./src/app/[locale]/hy-ui-lab/icon-button/glass-test-backdrop.tsx [Client Component Browser]
    ./src/app/[locale]/hy-ui-lab/icon-button/icon-button-visual-lab.tsx [Client Component Browser]
    ./src/app/[locale]/hy-ui-lab/icon-button/icon-button-visual-lab.tsx [Server Component]
    ./src/app/[locale]/hy-ui-lab/icon-button/page.tsx [Server Component]

  Client Component SSR:
    ./src/app/[locale]/hy-ui-lab/icon-button/glass-test-backdrop.module.sass [Client Component SSR]
    ./src/app/[locale]/hy-ui-lab/icon-button/glass-test-backdrop.tsx [Client Component SSR]
    ./src/app/[locale]/hy-ui-lab/icon-button/icon-button-visual-lab.tsx [Client Component SSR]
    ./src/app/[locale]/hy-ui-lab/icon-button/icon-button-visual-lab.tsx [Server Component]
    ./src/app/[locale]/hy-ui-lab/icon-button/page.tsx [Server Component] @ http://localhost:3000/_next/static/chunks/node_modules_next_dist_115brz8._.js:3272
[ 7888814ms] [LOG] [Fast Refresh] rebuilding @ http://localhost:3000/_next/static/chunks/node_modules_next_dist_115brz8._.js:2431
[ 7889304ms] [ERROR] ./src/app/[locale]/hy-ui-lab/icon-button/glass-test-backdrop.module.sass
Error evaluating Node.js code
Error: Expected identifier.
   ╷
19 │ +  filter: blur(0.5px)
   │           ^
   ╵
  src/app/[locale]/hy-ui-lab/icon-button/glass-test-backdrop.module.sass 19:11  root stylesheet
  (from /Users/tialarocha/Desktop/hydririvers-ops-dashboard/node_modules/next/dist/build/webpack/loaders/resolve-url-loader/index.js, /Users/tialarocha/Desktop/hydririvers-ops-dashboard/node_modules/next/dist/compiled/sass-loader/cjs.js)
Caused by: Error: Expected identifier.
   ╷
19 │ +  filter: blur(0.5px)
   │           ^
   ╵
  src/app/[locale]/hy-ui-lab/icon-button/glass-test-backdrop.module.sass 19:11  root stylesheet
    [at Object.wrapException (/Users/tialarocha/Desktop/hydririvers-ops-dashboard/node_modules/sass/sass.dart.js:2337:47)]
    [at SpanScanner.error$3$length$position (/Users/tialarocha/Desktop/hydririvers-ops-dashboard/node_modules/sass/sass.dart.js:87427:15)]
    [at SpanScanner.error$1 (/Users/tialarocha/Desktop/hydririvers-ops-dashboard/node_modules/sass/sass.dart.js:87430:19)]
    [at SelectorParser0.identifier$2$normalize$unit (/Users/tialarocha/Desktop/hydririvers-ops-dashboard/node_modules/sass/sass.dart.js:117743:12)]
    [at SelectorParser0.identifier$0 (/Users/tialarocha/Desktop/hydririvers-ops-dashboard/node_modules/sass/sass.dart.js:117750:19)]
    [at SelectorParser0._selector$_pseudoSelector$0 (/Users/tialarocha/Desktop/hydririvers-ops-dashboard/node_modules/sass/sass.dart.js:120263:21)]
    [at SelectorParser0._selector$_simpleSelector$1$allowParent (/Users/tialarocha/Desktop/hydririvers-ops-dashboard/node_modules/sass/sass.dart.js:120171:24)]
    [at SelectorParser0._selector$_compoundSelector$0 (/Users/tialarocha/Desktop/hydririvers-ops-dashboard/node_modules/sass/sass.dart.js:120142:31)]
    [at SelectorParser0._selector$_complexSelector$1$lineBreak (/Users/tialarocha/Desktop/hydririvers-ops-dashboard/node_modules/sass/sass.dart.js:120112:32)]
    [at SelectorParser0._selector$_complexSelector$0 (/Users/tialarocha/Desktop/hydririvers-ops-dashboard/node_modules/sass/sass.dart.js:120134:19)]

Import traces:
  Client Component Browser:
    ./src/app/[locale]/hy-ui-lab/icon-button/glass-test-backdrop.module.sass [Client Component Browser]
    ./src/app/[locale]/hy-ui-lab/icon-button/glass-test-backdrop.tsx [Client Component Browser]
    ./src/app/[locale]/hy-ui-lab/icon-button/icon-button-visual-lab.tsx [Client Component Browser]
    ./src/app/[locale]/hy-ui-lab/icon-button/icon-button-visual-lab.tsx [Server Component]
    ./src/app/[locale]/hy-ui-lab/icon-button/page.tsx [Server Component]

  Client Component SSR:
    ./src/app/[locale]/hy-ui-lab/icon-button/glass-test-backdrop.module.sass [Client Component SSR]
    ./src/app/[locale]/hy-ui-lab/icon-button/glass-test-backdrop.tsx [Client Component SSR]
    ./src/app/[locale]/hy-ui-lab/icon-button/icon-button-visual-lab.tsx [Client Component SSR]
    ./src/app/[locale]/hy-ui-lab/icon-button/icon-button-visual-lab.tsx [Server Component]
    ./src/app/[locale]/hy-ui-lab/icon-button/page.tsx [Server Component] @ http://localhost:3000/_next/static/chunks/node_modules_next_dist_115brz8._.js:3272
[ 7889408ms] [LOG] [Fast Refresh] rebuilding @ http://localhost:3000/_next/static/chunks/node_modules_next_dist_115brz8._.js:2431
[ 7889615ms] [ERROR] ./src/app/[locale]/hy-ui-lab/icon-button/glass-test-backdrop.module.sass
Error evaluating Node.js code
Error: Expected identifier.
   ╷
19 │ +  filter: blur(0.5px)
   │           ^
   ╵
  src/app/[locale]/hy-ui-lab/icon-button/glass-test-backdrop.module.sass 19:11  root stylesheet
  (from /Users/tialarocha/Desktop/hydririvers-ops-dashboard/node_modules/next/dist/build/webpack/loaders/resolve-url-loader/index.js, /Users/tialarocha/Desktop/hydririvers-ops-dashboard/node_modules/next/dist/compiled/sass-loader/cjs.js)
Caused by: Error: Expected identifier.
   ╷
19 │ +  filter: blur(0.5px)
   │           ^
   ╵
  src/app/[locale]/hy-ui-lab/icon-button/glass-test-backdrop.module.sass 19:11  root stylesheet
    [at Object.wrapException (/Users/tialarocha/Desktop/hydririvers-ops-dashboard/node_modules/sass/sass.dart.js:2337:47)]
    [at SpanScanner.error$3$length$position (/Users/tialarocha/Desktop/hydririvers-ops-dashboard/node_modules/sass/sass.dart.js:87427:15)]
    [at SpanScanner.error$1 (/Users/tialarocha/Desktop/hydririvers-ops-dashboard/node_modules/sass/sass.dart.js:87430:19)]
    [at SelectorParser0.identifier$2$normalize$unit (/Users/tialarocha/Desktop/hydririvers-ops-dashboard/node_modules/sass/sass.dart.js:117743:12)]
    [at SelectorParser0.identifier$0 (/Users/tialarocha/Desktop/hydririvers-ops-dashboard/node_modules/sass/sass.dart.js:117750:19)]
    [at SelectorParser0._selector$_pseudoSelector$0 (/Users/tialarocha/Desktop/hydririvers-ops-dashboard/node_modules/sass/sass.dart.js:120263:21)]
    [at SelectorParser0._selector$_simpleSelector$1$allowParent (/Users/tialarocha/Desktop/hydririvers-ops-dashboard/node_modules/sass/sass.dart.js:120171:24)]
    [at SelectorParser0._selector$_compoundSelector$0 (/Users/tialarocha/Desktop/hydririvers-ops-dashboard/node_modules/sass/sass.dart.js:120142:31)]
    [at SelectorParser0._selector$_complexSelector$1$lineBreak (/Users/tialarocha/Desktop/hydririvers-ops-dashboard/node_modules/sass/sass.dart.js:120112:32)]
    [at SelectorParser0._selector$_complexSelector$0 (/Users/tialarocha/Desktop/hydririvers-ops-dashboard/node_modules/sass/sass.dart.js:120134:19)]

Import traces:
  Client Component Browser:
    ./src/app/[locale]/hy-ui-lab/icon-button/glass-test-backdrop.module.sass [Client Component Browser]
    ./src/app/[locale]/hy-ui-lab/icon-button/glass-test-backdrop.tsx [Client Component Browser]
    ./src/app/[locale]/hy-ui-lab/icon-button/icon-button-visual-lab.tsx [Client Component Browser]
    ./src/app/[locale]/hy-ui-lab/icon-button/icon-button-visual-lab.tsx [Server Component]
    ./src/app/[locale]/hy-ui-lab/icon-button/page.tsx [Server Component]

  Client Component SSR:
    ./src/app/[locale]/hy-ui-lab/icon-button/glass-test-backdrop.module.sass [Client Component SSR]
    ./src/app/[locale]/hy-ui-lab/icon-button/glass-test-backdrop.tsx [Client Component SSR]
    ./src/app/[locale]/hy-ui-lab/icon-button/icon-button-visual-lab.tsx [Client Component SSR]
    ./src/app/[locale]/hy-ui-lab/icon-button/icon-button-visual-lab.tsx [Server Component]
    ./src/app/[locale]/hy-ui-lab/icon-button/page.tsx [Server Component] @ http://localhost:3000/_next/static/chunks/node_modules_next_dist_115brz8._.js:3272
[ 7889747ms] [ERROR] Failed to load resource: the server responded with a status of 500 (Internal Server Error) @ http://localhost:3000/pt-BR/cargas?_rsc=8ldac:0
[ 7889951ms] [LOG] [Fast Refresh] rebuilding @ http://localhost:3000/_next/static/chunks/node_modules_next_dist_115brz8._.js:2431
[ 7889957ms] [ERROR] Failed to load resource: the server responded with a status of 500 (Internal Server Error) @ http://localhost:3000/pt-BR/cargas?_rsc=8ldac:0
[ 7889967ms] [ERROR] ./src/app/[locale]/hy-ui-lab/icon-button/glass-test-backdrop.module.sass
Error evaluating Node.js code
Error: Expected identifier.
   ╷
19 │ +  filter: blur(0.5px)
   │           ^
   ╵
  src/app/[locale]/hy-ui-lab/icon-button/glass-test-backdrop.module.sass 19:11  root stylesheet
  (from /Users/tialarocha/Desktop/hydririvers-ops-dashboard/node_modules/next/dist/build/webpack/loaders/resolve-url-loader/index.js, /Users/tialarocha/Desktop/hydririvers-ops-dashboard/node_modules/next/dist/compiled/sass-loader/cjs.js)
Caused by: Error: Expected identifier.
   ╷
19 │ +  filter: blur(0.5px)
   │           ^
   ╵
  src/app/[locale]/hy-ui-lab/icon-button/glass-test-backdrop.module.sass 19:11  root stylesheet
    [at Object.wrapException (/Users/tialarocha/Desktop/hydririvers-ops-dashboard/node_modules/sass/sass.dart.js:2337:47)]
    [at SpanScanner.error$3$length$position (/Users/tialarocha/Desktop/hydririvers-ops-dashboard/node_modules/sass/sass.dart.js:87427:15)]
    [at SpanScanner.error$1 (/Users/tialarocha/Desktop/hydririvers-ops-dashboard/node_modules/sass/sass.dart.js:87430:19)]
    [at SelectorParser0.identifier$2$normalize$unit (/Users/tialarocha/Desktop/hydririvers-ops-dashboard/node_modules/sass/sass.dart.js:117743:12)]
    [at SelectorParser0.identifier$0 (/Users/tialarocha/Desktop/hydririvers-ops-dashboard/node_modules/sass/sass.dart.js:117750:19)]
    [at SelectorParser0._selector$_pseudoSelector$0 (/Users/tialarocha/Desktop/hydririvers-ops-dashboard/node_modules/sass/sass.dart.js:120263:21)]
    [at SelectorParser0._selector$_simpleSelector$1$allowParent (/Users/tialarocha/Desktop/hydririvers-ops-dashboard/node_modules/sass/sass.dart.js:120171:24)]
    [at SelectorParser0._selector$_compoundSelector$0 (/Users/tialarocha/Desktop/hydririvers-ops-dashboard/node_modules/sass/sass.dart.js:120142:31)]
    [at SelectorParser0._selector$_complexSelector$1$lineBreak (/Users/tialarocha/Desktop/hydririvers-ops-dashboard/node_modules/sass/sass.dart.js:120112:32)]
    [at SelectorParser0._selector$_complexSelector$0 (/Users/tialarocha/Desktop/hydririvers-ops-dashboard/node_modules/sass/sass.dart.js:120134:19)]

Import traces:
  Client Component Browser:
    ./src/app/[locale]/hy-ui-lab/icon-button/glass-test-backdrop.module.sass [Client Component Browser]
    ./src/app/[locale]/hy-ui-lab/icon-button/glass-test-backdrop.tsx [Client Component Browser]
    ./src/app/[locale]/hy-ui-lab/icon-button/icon-button-visual-lab.tsx [Client Component Browser]
    ./src/app/[locale]/hy-ui-lab/icon-button/icon-button-visual-lab.tsx [Server Component]
    ./src/app/[locale]/hy-ui-lab/icon-button/page.tsx [Server Component]

  Client Component SSR:
    ./src/app/[locale]/hy-ui-lab/icon-button/glass-test-backdrop.module.sass [Client Component SSR]
    ./src/app/[locale]/hy-ui-lab/icon-button/glass-test-backdrop.tsx [Client Component SSR]
    ./src/app/[locale]/hy-ui-lab/icon-button/icon-button-visual-lab.tsx [Client Component SSR]
    ./src/app/[locale]/hy-ui-lab/icon-button/icon-button-visual-lab.tsx [Server Component]
    ./src/app/[locale]/hy-ui-lab/icon-button/page.tsx [Server Component] @ http://localhost:3000/_next/static/chunks/node_modules_next_dist_115brz8._.js:3272
[ 7890045ms] [ERROR] ./src/app/[locale]/hy-ui-lab/icon-button/glass-test-backdrop.module.sass
Error evaluating Node.js code
Error: Expected identifier.
   ╷
19 │ +  filter: blur(0.5px)
   │           ^
   ╵
  src/app/[locale]/hy-ui-lab/icon-button/glass-test-backdrop.module.sass 19:11  root stylesheet
  (from /Users/tialarocha/Desktop/hydririvers-ops-dashboard/node_modules/next/dist/build/webpack/loaders/resolve-url-loader/index.js, /Users/tialarocha/Desktop/hydririvers-ops-dashboard/node_modules/next/dist/compiled/sass-loader/cjs.js)
Caused by: Error: Expected identifier.
   ╷
19 │ +  filter: blur(0.5px)
   │           ^
   ╵
  src/app/[locale]/hy-ui-lab/icon-button/glass-test-backdrop.module.sass 19:11  root stylesheet
    [at Object.wrapException (/Users/tialarocha/Desktop/hydririvers-ops-dashboard/node_modules/sass/sass.dart.js:2337:47)]
    [at SpanScanner.error$3$length$position (/Users/tialarocha/Desktop/hydririvers-ops-dashboard/node_modules/sass/sass.dart.js:87427:15)]
    [at SpanScanner.error$1 (/Users/tialarocha/Desktop/hydririvers-ops-dashboard/node_modules/sass/sass.dart.js:87430:19)]
    [at SelectorParser0.identifier$2$normalize$unit (/Users/tialarocha/Desktop/hydririvers-ops-dashboard/node_modules/sass/sass.dart.js:117743:12)]
    [at SelectorParser0.identifier$0 (/Users/tialarocha/Desktop/hydririvers-ops-dashboard/node_modules/sass/sass.dart.js:117750:19)]
    [at SelectorParser0._selector$_pseudoSelector$0 (/Users/tialarocha/Desktop/hydririvers-ops-dashboard/node_modules/sass/sass.dart.js:120263:21)]
    [at SelectorParser0._selector$_simpleSelector$1$allowParent (/Users/tialarocha/Desktop/hydririvers-ops-dashboard/node_modules/sass/sass.dart.js:120171:24)]
    [at SelectorParser0._selector$_compoundSelector$0 (/Users/tialarocha/Desktop/hydririvers-ops-dashboard/node_modules/sass/sass.dart.js:120142:31)]
    [at SelectorParser0._selector$_complexSelector$1$lineBreak (/Users/tialarocha/Desktop/hydririvers-ops-dashboard/node_modules/sass/sass.dart.js:120112:32)]
    [at SelectorParser0._selector$_complexSelector$0 (/Users/tialarocha/Desktop/hydririvers-ops-dashboard/node_modules/sass/sass.dart.js:120134:19)]

Import traces:
  Client Component Browser:
    ./src/app/[locale]/hy-ui-lab/icon-button/glass-test-backdrop.module.sass [Client Component Browser]
    ./src/app/[locale]/hy-ui-lab/icon-button/glass-test-backdrop.tsx [Client Component Browser]
    ./src/app/[locale]/hy-ui-lab/icon-button/icon-button-visual-lab.tsx [Client Component Browser]
    ./src/app/[locale]/hy-ui-lab/icon-button/icon-button-visual-lab.tsx [Server Component]
    ./src/app/[locale]/hy-ui-lab/icon-button/page.tsx [Server Component]

  Client Component SSR:
    ./src/app/[locale]/hy-ui-lab/icon-button/glass-test-backdrop.module.sass [Client Component SSR]
    ./src/app/[locale]/hy-ui-lab/icon-button/glass-test-backdrop.tsx [Client Component SSR]
    ./src/app/[locale]/hy-ui-lab/icon-button/icon-button-visual-lab.tsx [Client Component SSR]
    ./src/app/[locale]/hy-ui-lab/icon-button/icon-button-visual-lab.tsx [Server Component]
    ./src/app/[locale]/hy-ui-lab/icon-button/page.tsx [Server Component] @ http://localhost:3000/_next/static/chunks/node_modules_next_dist_115brz8._.js:3272
[ 7890070ms] [LOG] [Fast Refresh] rebuilding @ http://localhost:3000/_next/static/chunks/node_modules_next_dist_115brz8._.js:2431
[ 7890263ms] [LOG] [Fast Refresh] rebuilding @ http://localhost:3000/_next/static/chunks/node_modules_next_dist_115brz8._.js:2431
[ 7890494ms] [ERROR] ./src/app/[locale]/hy-ui-lab/icon-button/glass-test-backdrop.module.sass
Error evaluating Node.js code
Error: Expected identifier.
   ╷
19 │ +  filter: blur(0.5px)
   │           ^
   ╵
  src/app/[locale]/hy-ui-lab/icon-button/glass-test-backdrop.module.sass 19:11  root stylesheet
  (from /Users/tialarocha/Desktop/hydririvers-ops-dashboard/node_modules/next/dist/build/webpack/loaders/resolve-url-loader/index.js, /Users/tialarocha/Desktop/hydririvers-ops-dashboard/node_modules/next/dist/compiled/sass-loader/cjs.js)
Caused by: Error: Expected identifier.
   ╷
19 │ +  filter: blur(0.5px)
   │           ^
   ╵
  src/app/[locale]/hy-ui-lab/icon-button/glass-test-backdrop.module.sass 19:11  root stylesheet
    [at Object.wrapException (/Users/tialarocha/Desktop/hydririvers-ops-dashboard/node_modules/sass/sass.dart.js:2337:47)]
    [at SpanScanner.error$3$length$position (/Users/tialarocha/Desktop/hydririvers-ops-dashboard/node_modules/sass/sass.dart.js:87427:15)]
    [at SpanScanner.error$1 (/Users/tialarocha/Desktop/hydririvers-ops-dashboard/node_modules/sass/sass.dart.js:87430:19)]
    [at SelectorParser0.identifier$2$normalize$unit (/Users/tialarocha/Desktop/hydririvers-ops-dashboard/node_modules/sass/sass.dart.js:117743:12)]
    [at SelectorParser0.identifier$0 (/Users/tialarocha/Desktop/hydririvers-ops-dashboard/node_modules/sass/sass.dart.js:117750:19)]
    [at SelectorParser0._selector$_pseudoSelector$0 (/Users/tialarocha/Desktop/hydririvers-ops-dashboard/node_modules/sass/sass.dart.js:120263:21)]
    [at SelectorParser0._selector$_simpleSelector$1$allowParent (/Users/tialarocha/Desktop/hydririvers-ops-dashboard/node_modules/sass/sass.dart.js:120171:24)]
    [at SelectorParser0._selector$_compoundSelector$0 (/Users/tialarocha/Desktop/hydririvers-ops-dashboard/node_modules/sass/sass.dart.js:120142:31)]
    [at SelectorParser0._selector$_complexSelector$1$lineBreak (/Users/tialarocha/Desktop/hydririvers-ops-dashboard/node_modules/sass/sass.dart.js:120112:32)]
    [at SelectorParser0._selector$_complexSelector$0 (/Users/tialarocha/Desktop/hydririvers-ops-dashboard/node_modules/sass/sass.dart.js:120134:19)]

Import traces:
  Client Component Browser:
    ./src/app/[locale]/hy-ui-lab/icon-button/glass-test-backdrop.module.sass [Client Component Browser]
    ./src/app/[locale]/hy-ui-lab/icon-button/glass-test-backdrop.tsx [Client Component Browser]
    ./src/app/[locale]/hy-ui-lab/icon-button/icon-button-visual-lab.tsx [Client Component Browser]
    ./src/app/[locale]/hy-ui-lab/icon-button/icon-button-visual-lab.tsx [Server Component]
    ./src/app/[locale]/hy-ui-lab/icon-button/page.tsx [Server Component]

  Client Component SSR:
    ./src/app/[locale]/hy-ui-lab/icon-button/glass-test-backdrop.module.sass [Client Component SSR]
    ./src/app/[locale]/hy-ui-lab/icon-button/glass-test-backdrop.tsx [Client Component SSR]
    ./src/app/[locale]/hy-ui-lab/icon-button/icon-button-visual-lab.tsx [Client Component SSR]
    ./src/app/[locale]/hy-ui-lab/icon-button/icon-button-visual-lab.tsx [Server Component]
    ./src/app/[locale]/hy-ui-lab/icon-button/page.tsx [Server Component] @ http://localhost:3000/_next/static/chunks/node_modules_next_dist_115brz8._.js:3272
[ 7890501ms] [ERROR] ./src/app/[locale]/hy-ui-lab/icon-button/glass-test-backdrop.module.sass
Error evaluating Node.js code
Error: Expected identifier.
   ╷
19 │ +  filter: blur(0.5px)
   │           ^
   ╵
  src/app/[locale]/hy-ui-lab/icon-button/glass-test-backdrop.module.sass 19:11  root stylesheet
  (from /Users/tialarocha/Desktop/hydririvers-ops-dashboard/node_modules/next/dist/build/webpack/loaders/resolve-url-loader/index.js, /Users/tialarocha/Desktop/hydririvers-ops-dashboard/node_modules/next/dist/compiled/sass-loader/cjs.js)
Caused by: Error: Expected identifier.
   ╷
19 │ +  filter: blur(0.5px)
   │           ^
   ╵
  src/app/[locale]/hy-ui-lab/icon-button/glass-test-backdrop.module.sass 19:11  root stylesheet
    [at Object.wrapException (/Users/tialarocha/Desktop/hydririvers-ops-dashboard/node_modules/sass/sass.dart.js:2337:47)]
    [at SpanScanner.error$3$length$position (/Users/tialarocha/Desktop/hydririvers-ops-dashboard/node_modules/sass/sass.dart.js:87427:15)]
    [at SpanScanner.error$1 (/Users/tialarocha/Desktop/hydririvers-ops-dashboard/node_modules/sass/sass.dart.js:87430:19)]
    [at SelectorParser0.identifier$2$normalize$unit (/Users/tialarocha/Desktop/hydririvers-ops-dashboard/node_modules/sass/sass.dart.js:117743:12)]
    [at SelectorParser0.identifier$0 (/Users/tialarocha/Desktop/hydririvers-ops-dashboard/node_modules/sass/sass.dart.js:117750:19)]
    [at SelectorParser0._selector$_pseudoSelector$0 (/Users/tialarocha/Desktop/hydririvers-ops-dashboard/node_modules/sass/sass.dart.js:120263:21)]
    [at SelectorParser0._selector$_simpleSelector$1$allowParent (/Users/tialarocha/Desktop/hydririvers-ops-dashboard/node_modules/sass/sass.dart.js:120171:24)]
    [at SelectorParser0._selector$_compoundSelector$0 (/Users/tialarocha/Desktop/hydririvers-ops-dashboard/node_modules/sass/sass.dart.js:120142:31)]
    [at SelectorParser0._selector$_complexSelector$1$lineBreak (/Users/tialarocha/Desktop/hydririvers-ops-dashboard/node_modules/sass/sass.dart.js:120112:32)]
    [at SelectorParser0._selector$_complexSelector$0 (/Users/tialarocha/Desktop/hydririvers-ops-dashboard/node_modules/sass/sass.dart.js:120134:19)]

Import traces:
  Client Component Browser:
    ./src/app/[locale]/hy-ui-lab/icon-button/glass-test-backdrop.module.sass [Client Component Browser]
    ./src/app/[locale]/hy-ui-lab/icon-button/glass-test-backdrop.tsx [Client Component Browser]
    ./src/app/[locale]/hy-ui-lab/icon-button/icon-button-visual-lab.tsx [Client Component Browser]
    ./src/app/[locale]/hy-ui-lab/icon-button/icon-button-visual-lab.tsx [Server Component]
    ./src/app/[locale]/hy-ui-lab/icon-button/page.tsx [Server Component]

  Client Component SSR:
    ./src/app/[locale]/hy-ui-lab/icon-button/glass-test-backdrop.module.sass [Client Component SSR]
    ./src/app/[locale]/hy-ui-lab/icon-button/glass-test-backdrop.tsx [Client Component SSR]
    ./src/app/[locale]/hy-ui-lab/icon-button/icon-button-visual-lab.tsx [Client Component SSR]
    ./src/app/[locale]/hy-ui-lab/icon-button/icon-button-visual-lab.tsx [Server Component]
    ./src/app/[locale]/hy-ui-lab/icon-button/page.tsx [Server Component] @ http://localhost:3000/_next/static/chunks/node_modules_next_dist_115brz8._.js:3272
[ 7890564ms] [ERROR] ./src/app/[locale]/hy-ui-lab/icon-button/glass-test-backdrop.module.sass
Error evaluating Node.js code
Error: Expected identifier.
   ╷
19 │ +  filter: blur(0.5px)
   │           ^
   ╵
  src/app/[locale]/hy-ui-lab/icon-button/glass-test-backdrop.module.sass 19:11  root stylesheet
  (from /Users/tialarocha/Desktop/hydririvers-ops-dashboard/node_modules/next/dist/build/webpack/loaders/resolve-url-loader/index.js, /Users/tialarocha/Desktop/hydririvers-ops-dashboard/node_modules/next/dist/compiled/sass-loader/cjs.js)
Caused by: Error: Expected identifier.
   ╷
19 │ +  filter: blur(0.5px)
   │           ^
   ╵
  src/app/[locale]/hy-ui-lab/icon-button/glass-test-backdrop.module.sass 19:11  root stylesheet
    [at Object.wrapException (/Users/tialarocha/Desktop/hydririvers-ops-dashboard/node_modules/sass/sass.dart.js:2337:47)]
    [at SpanScanner.error$3$length$position (/Users/tialarocha/Desktop/hydririvers-ops-dashboard/node_modules/sass/sass.dart.js:87427:15)]
    [at SpanScanner.error$1 (/Users/tialarocha/Desktop/hydririvers-ops-dashboard/node_modules/sass/sass.dart.js:87430:19)]
    [at SelectorParser0.identifier$2$normalize$unit (/Users/tialarocha/Desktop/hydririvers-ops-dashboard/node_modules/sass/sass.dart.js:117743:12)]
    [at SelectorParser0.identifier$0 (/Users/tialarocha/Desktop/hydririvers-ops-dashboard/node_modules/sass/sass.dart.js:117750:19)]
    [at SelectorParser0._selector$_pseudoSelector$0 (/Users/tialarocha/Desktop/hydririvers-ops-dashboard/node_modules/sass/sass.dart.js:120263:21)]
    [at SelectorParser0._selector$_simpleSelector$1$allowParent (/Users/tialarocha/Desktop/hydririvers-ops-dashboard/node_modules/sass/sass.dart.js:120171:24)]
    [at SelectorParser0._selector$_compoundSelector$0 (/Users/tialarocha/Desktop/hydririvers-ops-dashboard/node_modules/sass/sass.dart.js:120142:31)]
    [at SelectorParser0._selector$_complexSelector$1$lineBreak (/Users/tialarocha/Desktop/hydririvers-ops-dashboard/node_modules/sass/sass.dart.js:120112:32)]
    [at SelectorParser0._selector$_complexSelector$0 (/Users/tialarocha/Desktop/hydririvers-ops-dashboard/node_modules/sass/sass.dart.js:120134:19)]

Import traces:
  Client Component Browser:
    ./src/app/[locale]/hy-ui-lab/icon-button/glass-test-backdrop.module.sass [Client Component Browser]
    ./src/app/[locale]/hy-ui-lab/icon-button/glass-test-backdrop.tsx [Client Component Browser]
    ./src/app/[locale]/hy-ui-lab/icon-button/icon-button-visual-lab.tsx [Client Component Browser]
    ./src/app/[locale]/hy-ui-lab/icon-button/icon-button-visual-lab.tsx [Server Component]
    ./src/app/[locale]/hy-ui-lab/icon-button/page.tsx [Server Component]

  Client Component SSR:
    ./src/app/[locale]/hy-ui-lab/icon-button/glass-test-backdrop.module.sass [Client Component SSR]
    ./src/app/[locale]/hy-ui-lab/icon-button/glass-test-backdrop.tsx [Client Component SSR]
    ./src/app/[locale]/hy-ui-lab/icon-button/icon-button-visual-lab.tsx [Client Component SSR]
    ./src/app/[locale]/hy-ui-lab/icon-button/icon-button-visual-lab.tsx [Server Component]
    ./src/app/[locale]/hy-ui-lab/icon-button/page.tsx [Server Component] @ http://localhost:3000/_next/static/chunks/node_modules_next_dist_115brz8._.js:3272
[ 7890665ms] [LOG] [Fast Refresh] rebuilding @ http://localhost:3000/_next/static/chunks/node_modules_next_dist_115brz8._.js:2431
[ 7890714ms] [ERROR] ./src/app/[locale]/hy-ui-lab/icon-button/glass-test-backdrop.module.sass
Error evaluating Node.js code
Error: Expected identifier.
   ╷
19 │ +  filter: blur(0.5px)
   │           ^
   ╵
  src/app/[locale]/hy-ui-lab/icon-button/glass-test-backdrop.module.sass 19:11  root stylesheet
  (from /Users/tialarocha/Desktop/hydririvers-ops-dashboard/node_modules/next/dist/build/webpack/loaders/resolve-url-loader/index.js, /Users/tialarocha/Desktop/hydririvers-ops-dashboard/node_modules/next/dist/compiled/sass-loader/cjs.js)
Caused by: Error: Expected identifier.
   ╷
19 │ +  filter: blur(0.5px)
   │           ^
   ╵
  src/app/[locale]/hy-ui-lab/icon-button/glass-test-backdrop.module.sass 19:11  root stylesheet
    [at Object.wrapException (/Users/tialarocha/Desktop/hydririvers-ops-dashboard/node_modules/sass/sass.dart.js:2337:47)]
    [at SpanScanner.error$3$length$position (/Users/tialarocha/Desktop/hydririvers-ops-dashboard/node_modules/sass/sass.dart.js:87427:15)]
    [at SpanScanner.error$1 (/Users/tialarocha/Desktop/hydririvers-ops-dashboard/node_modules/sass/sass.dart.js:87430:19)]
    [at SelectorParser0.identifier$2$normalize$unit (/Users/tialarocha/Desktop/hydririvers-ops-dashboard/node_modules/sass/sass.dart.js:117743:12)]
    [at SelectorParser0.identifier$0 (/Users/tialarocha/Desktop/hydririvers-ops-dashboard/node_modules/sass/sass.dart.js:117750:19)]
    [at SelectorParser0._selector$_pseudoSelector$0 (/Users/tialarocha/Desktop/hydririvers-ops-dashboard/node_modules/sass/sass.dart.js:120263:21)]
    [at SelectorParser0._selector$_simpleSelector$1$allowParent (/Users/tialarocha/Desktop/hydririvers-ops-dashboard/node_modules/sass/sass.dart.js:120171:24)]
    [at SelectorParser0._selector$_compoundSelector$0 (/Users/tialarocha/Desktop/hydririvers-ops-dashboard/node_modules/sass/sass.dart.js:120142:31)]
    [at SelectorParser0._selector$_complexSelector$1$lineBreak (/Users/tialarocha/Desktop/hydririvers-ops-dashboard/node_modules/sass/sass.dart.js:120112:32)]
    [at SelectorParser0._selector$_complexSelector$0 (/Users/tialarocha/Desktop/hydririvers-ops-dashboard/node_modules/sass/sass.dart.js:120134:19)]

Import traces:
  Client Component Browser:
    ./src/app/[locale]/hy-ui-lab/icon-button/glass-test-backdrop.module.sass [Client Component Browser]
    ./src/app/[locale]/hy-ui-lab/icon-button/glass-test-backdrop.tsx [Client Component Browser]
    ./src/app/[locale]/hy-ui-lab/icon-button/icon-button-visual-lab.tsx [Client Component Browser]
    ./src/app/[locale]/hy-ui-lab/icon-button/icon-button-visual-lab.tsx [Server Component]
    ./src/app/[locale]/hy-ui-lab/icon-button/page.tsx [Server Component]

  Client Component SSR:
    ./src/app/[locale]/hy-ui-lab/icon-button/glass-test-backdrop.module.sass [Client Component SSR]
    ./src/app/[locale]/hy-ui-lab/icon-button/glass-test-backdrop.tsx [Client Component SSR]
    ./src/app/[locale]/hy-ui-lab/icon-button/icon-button-visual-lab.tsx [Client Component SSR]
    ./src/app/[locale]/hy-ui-lab/icon-button/icon-button-visual-lab.tsx [Server Component]
    ./src/app/[locale]/hy-ui-lab/icon-button/page.tsx [Server Component] @ http://localhost:3000/_next/static/chunks/node_modules_next_dist_115brz8._.js:3272
[ 7890951ms] [ERROR] Failed to load resource: the server responded with a status of 500 (Internal Server Error) @ http://localhost:3000/pt-BR/cargas:0
[ 7891950ms] [INFO] %cDownload the React DevTools for a better development experience: https://react.dev/link/react-devtools font-weight:bold @ http://localhost:3000/_next/static/chunks/node_modules_react-dom_0bruynb._.js:13920
[ 7892308ms] Error: ./src/app/[locale]/hy-ui-lab/icon-button/glass-test-backdrop.module.sass
Error evaluating Node.js code
Error: Expected identifier.
   ╷
19 │ +  filter: blur(0.5px)
   │           ^
   ╵
  src/app/[locale]/hy-ui-lab/icon-button/glass-test-backdrop.module.sass 19:11  root stylesheet
  (from /Users/tialarocha/Desktop/hydririvers-ops-dashboard/node_modules/next/dist/build/webpack/loaders/resolve-url-loader/index.js, /Users/tialarocha/Desktop/hydririvers-ops-dashboard/node_modules/next/dist/compiled/sass-loader/cjs.js)
Caused by: Error: Expected identifier.
   ╷
19 │ +  filter: blur(0.5px)
   │           ^
   ╵
  src/app/[locale]/hy-ui-lab/icon-button/glass-test-backdrop.module.sass 19:11  root stylesheet
    [at Object.wrapException (/Users/tialarocha/Desktop/hydririvers-ops-dashboard/node_modules/sass/sass.dart.js:2337:47)]
    [at SpanScanner.error$3$length$position (/Users/tialarocha/Desktop/hydririvers-ops-dashboard/node_modules/sass/sass.dart.js:87427:15)]
    [at SpanScanner.error$1 (/Users/tialarocha/Desktop/hydririvers-ops-dashboard/node_modules/sass/sass.dart.js:87430:19)]
    [at SelectorParser0.identifier$2$normalize$unit (/Users/tialarocha/Desktop/hydririvers-ops-dashboard/node_modules/sass/sass.dart.js:117743:12)]
    [at SelectorParser0.identifier$0 (/Users/tialarocha/Desktop/hydririvers-ops-dashboard/node_modules/sass/sass.dart.js:117750:19)]
    [at SelectorParser0._selector$_pseudoSelector$0 (/Users/tialarocha/Desktop/hydririvers-ops-dashboard/node_modules/sass/sass.dart.js:120263:21)]
    [at SelectorParser0._selector$_simpleSelector$1$allowParent (/Users/tialarocha/Desktop/hydririvers-ops-dashboard/node_modules/sass/sass.dart.js:120171:24)]
    [at SelectorParser0._selector$_compoundSelector$0 (/Users/tialarocha/Desktop/hydririvers-ops-dashboard/node_modules/sass/sass.dart.js:120142:31)]
    [at SelectorParser0._selector$_complexSelector$1$lineBreak (/Users/tialarocha/Desktop/hydririvers-ops-dashboard/node_modules/sass/sass.dart.js:120112:32)]
    [at SelectorParser0._selector$_complexSelector$0 (/Users/tialarocha/Desktop/hydririvers-ops-dashboard/node_modules/sass/sass.dart.js:120134:19)]

Import traces:
  Client Component Browser:
    ./src/app/[locale]/hy-ui-lab/icon-button/glass-test-backdrop.module.sass [Client Component Browser]
    ./src/app/[locale]/hy-ui-lab/icon-button/glass-test-backdrop.tsx [Client Component Browser]
    ./src/app/[locale]/hy-ui-lab/icon-button/icon-button-visual-lab.tsx [Client Component Browser]
    ./src/app/[locale]/hy-ui-lab/icon-button/icon-button-visual-lab.tsx [Server Component]
    ./src/app/[locale]/hy-ui-lab/icon-button/page.tsx [Server Component]

  Client Component SSR:
    ./src/app/[locale]/hy-ui-lab/icon-button/glass-test-backdrop.module.sass [Client Component SSR]
    ./src/app/[locale]/hy-ui-lab/icon-button/glass-test-backdrop.tsx [Client Component SSR]
    ./src/app/[locale]/hy-ui-lab/icon-button/icon-button-visual-lab.tsx [Client Component SSR]
    ./src/app/[locale]/hy-ui-lab/icon-button/icon-button-visual-lab.tsx [Server Component]
    ./src/app/[locale]/hy-ui-lab/icon-button/page.tsx [Server Component]


    at Object.getCompilationErrors (file:///Users/tialarocha/Desktop/hydririvers-ops-dashboard/node_modules/next/dist/server/dev/hot-reloader-turbopack.js:1186:59)
    at DevBundlerService.getCompilationError (file:///Users/tialarocha/Desktop/hydririvers-ops-dashboard/node_modules/next/dist/server/lib/dev-bundler-service.js:44:55)
    at DevServer.getCompilationError (file:///Users/tialarocha/Desktop/hydririvers-ops-dashboard/node_modules/next/dist/server/dev/next-dev-server.js:719:42)
    at DevServer.findPageComponents (file:///Users/tialarocha/Desktop/hydririvers-ops-dashboard/node_modules/next/dist/server/dev/next-dev-server.js:689:43)
    at async DevServer.renderErrorToResponseImpl (file:///Users/tialarocha/Desktop/hydririvers-ops-dashboard/node_modules/next/dist/server/base-server.js:1745:26)
[ 7892458ms] [LOG] [HMR] connected @ http://localhost:3000/_next/static/chunks/node_modules_next_dist_0u_w_5s._.js:1226
[ 7892480ms] [ERROR] ./src/app/[locale]/hy-ui-lab/icon-button/glass-test-backdrop.module.sass
Error evaluating Node.js code
Error: Expected identifier.
   ╷
19 │ +  filter: blur(0.5px)
   │           ^
   ╵
  src/app/[locale]/hy-ui-lab/icon-button/glass-test-backdrop.module.sass 19:11  root stylesheet
  (from /Users/tialarocha/Desktop/hydririvers-ops-dashboard/node_modules/next/dist/build/webpack/loaders/resolve-url-loader/index.js, /Users/tialarocha/Desktop/hydririvers-ops-dashboard/node_modules/next/dist/compiled/sass-loader/cjs.js)
Caused by: Error: Expected identifier.
   ╷
19 │ +  filter: blur(0.5px)
   │           ^
   ╵
  src/app/[locale]/hy-ui-lab/icon-button/glass-test-backdrop.module.sass 19:11  root stylesheet
    [at Object.wrapException (/Users/tialarocha/Desktop/hydririvers-ops-dashboard/node_modules/sass/sass.dart.js:2337:47)]
    [at SpanScanner.error$3$length$position (/Users/tialarocha/Desktop/hydririvers-ops-dashboard/node_modules/sass/sass.dart.js:87427:15)]
    [at SpanScanner.error$1 (/Users/tialarocha/Desktop/hydririvers-ops-dashboard/node_modules/sass/sass.dart.js:87430:19)]
    [at SelectorParser0.identifier$2$normalize$unit (/Users/tialarocha/Desktop/hydririvers-ops-dashboard/node_modules/sass/sass.dart.js:117743:12)]
    [at SelectorParser0.identifier$0 (/Users/tialarocha/Desktop/hydririvers-ops-dashboard/node_modules/sass/sass.dart.js:117750:19)]
    [at SelectorParser0._selector$_pseudoSelector$0 (/Users/tialarocha/Desktop/hydririvers-ops-dashboard/node_modules/sass/sass.dart.js:120263:21)]
    [at SelectorParser0._selector$_simpleSelector$1$allowParent (/Users/tialarocha/Desktop/hydririvers-ops-dashboard/node_modules/sass/sass.dart.js:120171:24)]
    [at SelectorParser0._selector$_compoundSelector$0 (/Users/tialarocha/Desktop/hydririvers-ops-dashboard/node_modules/sass/sass.dart.js:120142:31)]
    [at SelectorParser0._selector$_complexSelector$1$lineBreak (/Users/tialarocha/Desktop/hydririvers-ops-dashboard/node_modules/sass/sass.dart.js:120112:32)]
    [at SelectorParser0._selector$_complexSelector$0 (/Users/tialarocha/Desktop/hydririvers-ops-dashboard/node_modules/sass/sass.dart.js:120134:19)]

Import traces:
  Client Component Browser:
    ./src/app/[locale]/hy-ui-lab/icon-button/glass-test-backdrop.module.sass [Client Component Browser]
    ./src/app/[locale]/hy-ui-lab/icon-button/glass-test-backdrop.tsx [Client Component Browser]
    ./src/app/[locale]/hy-ui-lab/icon-button/icon-button-visual-lab.tsx [Client Component Browser]
    ./src/app/[locale]/hy-ui-lab/icon-button/icon-button-visual-lab.tsx [Server Component]
    ./src/app/[locale]/hy-ui-lab/icon-button/page.tsx [Server Component]

  Client Component SSR:
    ./src/app/[locale]/hy-ui-lab/icon-button/glass-test-backdrop.module.sass [Client Component SSR]
    ./src/app/[locale]/hy-ui-lab/icon-button/glass-test-backdrop.tsx [Client Component SSR]
    ./src/app/[locale]/hy-ui-lab/icon-button/icon-button-visual-lab.tsx [Client Component SSR]
    ./src/app/[locale]/hy-ui-lab/icon-button/icon-button-visual-lab.tsx [Server Component]
    ./src/app/[locale]/hy-ui-lab/icon-button/page.tsx [Server Component] @ http://localhost:3000/_next/static/chunks/node_modules_next_dist_0u_w_5s._.js:1945
[ 7892495ms] [ERROR] ./src/app/[locale]/hy-ui-lab/icon-button/glass-test-backdrop.module.sass
Error evaluating Node.js code
Error: Expected identifier.
   ╷
19 │ +  filter: blur(0.5px)
   │           ^
   ╵
  src/app/[locale]/hy-ui-lab/icon-button/glass-test-backdrop.module.sass 19:11  root stylesheet
  (from /Users/tialarocha/Desktop/hydririvers-ops-dashboard/node_modules/next/dist/build/webpack/loaders/resolve-url-loader/index.js, /Users/tialarocha/Desktop/hydririvers-ops-dashboard/node_modules/next/dist/compiled/sass-loader/cjs.js)
Caused by: Error: Expected identifier.
   ╷
19 │ +  filter: blur(0.5px)
   │           ^
   ╵
  src/app/[locale]/hy-ui-lab/icon-button/glass-test-backdrop.module.sass 19:11  root stylesheet
    [at Object.wrapException (/Users/tialarocha/Desktop/hydririvers-ops-dashboard/node_modules/sass/sass.dart.js:2337:47)]
    [at SpanScanner.error$3$length$position (/Users/tialarocha/Desktop/hydririvers-ops-dashboard/node_modules/sass/sass.dart.js:87427:15)]
    [at SpanScanner.error$1 (/Users/tialarocha/Desktop/hydririvers-ops-dashboard/node_modules/sass/sass.dart.js:87430:19)]
    [at SelectorParser0.identifier$2$normalize$unit (/Users/tialarocha/Desktop/hydririvers-ops-dashboard/node_modules/sass/sass.dart.js:117743:12)]
    [at SelectorParser0.identifier$0 (/Users/tialarocha/Desktop/hydririvers-ops-dashboard/node_modules/sass/sass.dart.js:117750:19)]
    [at SelectorParser0._selector$_pseudoSelector$0 (/Users/tialarocha/Desktop/hydririvers-ops-dashboard/node_modules/sass/sass.dart.js:120263:21)]
    [at SelectorParser0._selector$_simpleSelector$1$allowParent (/Users/tialarocha/Desktop/hydririvers-ops-dashboard/node_modules/sass/sass.dart.js:120171:24)]
    [at SelectorParser0._selector$_compoundSelector$0 (/Users/tialarocha/Desktop/hydririvers-ops-dashboard/node_modules/sass/sass.dart.js:120142:31)]
    [at SelectorParser0._selector$_complexSelector$1$lineBreak (/Users/tialarocha/Desktop/hydririvers-ops-dashboard/node_modules/sass/sass.dart.js:120112:32)]
    [at SelectorParser0._selector$_complexSelector$0 (/Users/tialarocha/Desktop/hydririvers-ops-dashboard/node_modules/sass/sass.dart.js:120134:19)]

Import traces:
  Client Component Browser:
    ./src/app/[locale]/hy-ui-lab/icon-button/glass-test-backdrop.module.sass [Client Component Browser]
    ./src/app/[locale]/hy-ui-lab/icon-button/glass-test-backdrop.tsx [Client Component Browser]
    ./src/app/[locale]/hy-ui-lab/icon-button/icon-button-visual-lab.tsx [Client Component Browser]
    ./src/app/[locale]/hy-ui-lab/icon-button/icon-button-visual-lab.tsx [Server Component]
    ./src/app/[locale]/hy-ui-lab/icon-button/page.tsx [Server Component]

  Client Component SSR:
    ./src/app/[locale]/hy-ui-lab/icon-button/glass-test-backdrop.module.sass [Client Component SSR]
    ./src/app/[locale]/hy-ui-lab/icon-button/glass-test-backdrop.tsx [Client Component SSR]
    ./src/app/[locale]/hy-ui-lab/icon-button/icon-button-visual-lab.tsx [Client Component SSR]
    ./src/app/[locale]/hy-ui-lab/icon-button/icon-button-visual-lab.tsx [Server Component]
    ./src/app/[locale]/hy-ui-lab/icon-button/page.tsx [Server Component] @ http://localhost:3000/_next/static/chunks/node_modules_next_dist_0u_w_5s._.js:1945
[ 7892531ms] [ERROR] ./src/app/[locale]/hy-ui-lab/icon-button/glass-test-backdrop.module.sass
Error evaluating Node.js code
Error: Expected identifier.
   ╷
19 │ +  filter: blur(0.5px)
   │           ^
   ╵
  src/app/[locale]/hy-ui-lab/icon-button/glass-test-backdrop.module.sass 19:11  root stylesheet
  (from /Users/tialarocha/Desktop/hydririvers-ops-dashboard/node_modules/next/dist/build/webpack/loaders/resolve-url-loader/index.js, /Users/tialarocha/Desktop/hydririvers-ops-dashboard/node_modules/next/dist/compiled/sass-loader/cjs.js)
Caused by: Error: Expected identifier.
   ╷
19 │ +  filter: blur(0.5px)
   │           ^
   ╵
  src/app/[locale]/hy-ui-lab/icon-button/glass-test-backdrop.module.sass 19:11  root stylesheet
    [at Object.wrapException (/Users/tialarocha/Desktop/hydririvers-ops-dashboard/node_modules/sass/sass.dart.js:2337:47)]
    [at SpanScanner.error$3$length$position (/Users/tialarocha/Desktop/hydririvers-ops-dashboard/node_modules/sass/sass.dart.js:87427:15)]
    [at SpanScanner.error$1 (/Users/tialarocha/Desktop/hydririvers-ops-dashboard/node_modules/sass/sass.dart.js:87430:19)]
    [at SelectorParser0.identifier$2$normalize$unit (/Users/tialarocha/Desktop/hydririvers-ops-dashboard/node_modules/sass/sass.dart.js:117743:12)]
    [at SelectorParser0.identifier$0 (/Users/tialarocha/Desktop/hydririvers-ops-dashboard/node_modules/sass/sass.dart.js:117750:19)]
    [at SelectorParser0._selector$_pseudoSelector$0 (/Users/tialarocha/Desktop/hydririvers-ops-dashboard/node_modules/sass/sass.dart.js:120263:21)]
    [at SelectorParser0._selector$_simpleSelector$1$allowParent (/Users/tialarocha/Desktop/hydririvers-ops-dashboard/node_modules/sass/sass.dart.js:120171:24)]
    [at SelectorParser0._selector$_compoundSelector$0 (/Users/tialarocha/Desktop/hydririvers-ops-dashboard/node_modules/sass/sass.dart.js:120142:31)]
    [at SelectorParser0._selector$_complexSelector$1$lineBreak (/Users/tialarocha/Desktop/hydririvers-ops-dashboard/node_modules/sass/sass.dart.js:120112:32)]
    [at SelectorParser0._selector$_complexSelector$0 (/Users/tialarocha/Desktop/hydririvers-ops-dashboard/node_modules/sass/sass.dart.js:120134:19)]

Import traces:
  Client Component Browser:
    ./src/app/[locale]/hy-ui-lab/icon-button/glass-test-backdrop.module.sass [Client Component Browser]
    ./src/app/[locale]/hy-ui-lab/icon-button/glass-test-backdrop.tsx [Client Component Browser]
    ./src/app/[locale]/hy-ui-lab/icon-button/icon-button-visual-lab.tsx [Client Component Browser]
    ./src/app/[locale]/hy-ui-lab/icon-button/icon-button-visual-lab.tsx [Server Component]
    ./src/app/[locale]/hy-ui-lab/icon-button/page.tsx [Server Component]

  Client Component SSR:
    ./src/app/[locale]/hy-ui-lab/icon-button/glass-test-backdrop.module.sass [Client Component SSR]
    ./src/app/[locale]/hy-ui-lab/icon-button/glass-test-backdrop.tsx [Client Component SSR]
    ./src/app/[locale]/hy-ui-lab/icon-button/icon-button-visual-lab.tsx [Client Component SSR]
    ./src/app/[locale]/hy-ui-lab/icon-button/icon-button-visual-lab.tsx [Server Component]
    ./src/app/[locale]/hy-ui-lab/icon-button/page.tsx [Server Component] @ http://localhost:3000/_next/static/chunks/node_modules_next_dist_0u_w_5s._.js:1945
[ 7892574ms] [ERROR] ./src/app/[locale]/hy-ui-lab/icon-button/glass-test-backdrop.module.sass
Error evaluating Node.js code
Error: Expected identifier.
   ╷
19 │ +  filter: blur(0.5px)
   │           ^
   ╵
  src/app/[locale]/hy-ui-lab/icon-button/glass-test-backdrop.module.sass 19:11  root stylesheet
  (from /Users/tialarocha/Desktop/hydririvers-ops-dashboard/node_modules/next/dist/build/webpack/loaders/resolve-url-loader/index.js, /Users/tialarocha/Desktop/hydririvers-ops-dashboard/node_modules/next/dist/compiled/sass-loader/cjs.js)
Caused by: Error: Expected identifier.
   ╷
19 │ +  filter: blur(0.5px)
   │           ^
   ╵
  src/app/[locale]/hy-ui-lab/icon-button/glass-test-backdrop.module.sass 19:11  root stylesheet
    [at Object.wrapException (/Users/tialarocha/Desktop/hydririvers-ops-dashboard/node_modules/sass/sass.dart.js:2337:47)]
    [at SpanScanner.error$3$length$position (/Users/tialarocha/Desktop/hydririvers-ops-dashboard/node_modules/sass/sass.dart.js:87427:15)]
    [at SpanScanner.error$1 (/Users/tialarocha/Desktop/hydririvers-ops-dashboard/node_modules/sass/sass.dart.js:87430:19)]
    [at SelectorParser0.identifier$2$normalize$unit (/Users/tialarocha/Desktop/hydririvers-ops-dashboard/node_modules/sass/sass.dart.js:117743:12)]
    [at SelectorParser0.identifier$0 (/Users/tialarocha/Desktop/hydririvers-ops-dashboard/node_modules/sass/sass.dart.js:117750:19)]
    [at SelectorParser0._selector$_pseudoSelector$0 (/Users/tialarocha/Desktop/hydririvers-ops-dashboard/node_modules/sass/sass.dart.js:120263:21)]
    [at SelectorParser0._selector$_simpleSelector$1$allowParent (/Users/tialarocha/Desktop/hydririvers-ops-dashboard/node_modules/sass/sass.dart.js:120171:24)]
    [at SelectorParser0._selector$_compoundSelector$0 (/Users/tialarocha/Desktop/hydririvers-ops-dashboard/node_modules/sass/sass.dart.js:120142:31)]
    [at SelectorParser0._selector$_complexSelector$1$lineBreak (/Users/tialarocha/Desktop/hydririvers-ops-dashboard/node_modules/sass/sass.dart.js:120112:32)]
    [at SelectorParser0._selector$_complexSelector$0 (/Users/tialarocha/Desktop/hydririvers-ops-dashboard/node_modules/sass/sass.dart.js:120134:19)]

Import traces:
  Client Component Browser:
    ./src/app/[locale]/hy-ui-lab/icon-button/glass-test-backdrop.module.sass [Client Component Browser]
    ./src/app/[locale]/hy-ui-lab/icon-button/glass-test-backdrop.tsx [Client Component Browser]
    ./src/app/[locale]/hy-ui-lab/icon-button/icon-button-visual-lab.tsx [Client Component Browser]
    ./src/app/[locale]/hy-ui-lab/icon-button/icon-button-visual-lab.tsx [Server Component]
    ./src/app/[locale]/hy-ui-lab/icon-button/page.tsx [Server Component]

  Client Component SSR:
    ./src/app/[locale]/hy-ui-lab/icon-button/glass-test-backdrop.module.sass [Client Component SSR]
    ./src/app/[locale]/hy-ui-lab/icon-button/glass-test-backdrop.tsx [Client Component SSR]
    ./src/app/[locale]/hy-ui-lab/icon-button/icon-button-visual-lab.tsx [Client Component SSR]
    ./src/app/[locale]/hy-ui-lab/icon-button/icon-button-visual-lab.tsx [Server Component]
    ./src/app/[locale]/hy-ui-lab/icon-button/page.tsx [Server Component] @ http://localhost:3000/_next/static/chunks/node_modules_next_dist_0u_w_5s._.js:1945
[ 7892676ms] [LOG] [Fast Refresh] rebuilding @ http://localhost:3000/_next/static/chunks/node_modules_next_dist_0u_w_5s._.js:1226
[ 7892717ms] [ERROR] ./src/app/[locale]/hy-ui-lab/icon-button/glass-test-backdrop.module.sass
Error evaluating Node.js code
Error: Expected identifier.
   ╷
19 │ +  filter: blur(0.5px)
   │           ^
   ╵
  src/app/[locale]/hy-ui-lab/icon-button/glass-test-backdrop.module.sass 19:11  root stylesheet
  (from /Users/tialarocha/Desktop/hydririvers-ops-dashboard/node_modules/next/dist/build/webpack/loaders/resolve-url-loader/index.js, /Users/tialarocha/Desktop/hydririvers-ops-dashboard/node_modules/next/dist/compiled/sass-loader/cjs.js)
Caused by: Error: Expected identifier.
   ╷
19 │ +  filter: blur(0.5px)
   │           ^
   ╵
  src/app/[locale]/hy-ui-lab/icon-button/glass-test-backdrop.module.sass 19:11  root stylesheet
    [at Object.wrapException (/Users/tialarocha/Desktop/hydririvers-ops-dashboard/node_modules/sass/sass.dart.js:2337:47)]
    [at SpanScanner.error$3$length$position (/Users/tialarocha/Desktop/hydririvers-ops-dashboard/node_modules/sass/sass.dart.js:87427:15)]
    [at SpanScanner.error$1 (/Users/tialarocha/Desktop/hydririvers-ops-dashboard/node_modules/sass/sass.dart.js:87430:19)]
    [at SelectorParser0.identifier$2$normalize$unit (/Users/tialarocha/Desktop/hydririvers-ops-dashboard/node_modules/sass/sass.dart.js:117743:12)]
    [at SelectorParser0.identifier$0 (/Users/tialarocha/Desktop/hydririvers-ops-dashboard/node_modules/sass/sass.dart.js:117750:19)]
    [at SelectorParser0._selector$_pseudoSelector$0 (/Users/tialarocha/Desktop/hydririvers-ops-dashboard/node_modules/sass/sass.dart.js:120263:21)]
    [at SelectorParser0._selector$_simpleSelector$1$allowParent (/Users/tialarocha/Desktop/hydririvers-ops-dashboard/node_modules/sass/sass.dart.js:120171:24)]
    [at SelectorParser0._selector$_compoundSelector$0 (/Users/tialarocha/Desktop/hydririvers-ops-dashboard/node_modules/sass/sass.dart.js:120142:31)]
    [at SelectorParser0._selector$_complexSelector$1$lineBreak (/Users/tialarocha/Desktop/hydririvers-ops-dashboard/node_modules/sass/sass.dart.js:120112:32)]
    [at SelectorParser0._selector$_complexSelector$0 (/Users/tialarocha/Desktop/hydririvers-ops-dashboard/node_modules/sass/sass.dart.js:120134:19)]

Import traces:
  Client Component Browser:
    ./src/app/[locale]/hy-ui-lab/icon-button/glass-test-backdrop.module.sass [Client Component Browser]
    ./src/app/[locale]/hy-ui-lab/icon-button/glass-test-backdrop.tsx [Client Component Browser]
    ./src/app/[locale]/hy-ui-lab/icon-button/icon-button-visual-lab.tsx [Client Component Browser]
    ./src/app/[locale]/hy-ui-lab/icon-button/icon-button-visual-lab.tsx [Server Component]
    ./src/app/[locale]/hy-ui-lab/icon-button/page.tsx [Server Component]

  Client Component SSR:
    ./src/app/[locale]/hy-ui-lab/icon-button/glass-test-backdrop.module.sass [Client Component SSR]
    ./src/app/[locale]/hy-ui-lab/icon-button/glass-test-backdrop.tsx [Client Component SSR]
    ./src/app/[locale]/hy-ui-lab/icon-button/icon-button-visual-lab.tsx [Client Component SSR]
    ./src/app/[locale]/hy-ui-lab/icon-button/icon-button-visual-lab.tsx [Server Component]
    ./src/app/[locale]/hy-ui-lab/icon-button/page.tsx [Server Component] @ http://localhost:3000/_next/static/chunks/node_modules_next_dist_0u_w_5s._.js:1945
[ 7892784ms] [ERROR] ./src/app/[locale]/hy-ui-lab/icon-button/glass-test-backdrop.module.sass
Error evaluating Node.js code
Error: Expected identifier.
   ╷
19 │ +  filter: blur(0.5px)
   │           ^
   ╵
  src/app/[locale]/hy-ui-lab/icon-button/glass-test-backdrop.module.sass 19:11  root stylesheet
  (from /Users/tialarocha/Desktop/hydririvers-ops-dashboard/node_modules/next/dist/build/webpack/loaders/resolve-url-loader/index.js, /Users/tialarocha/Desktop/hydririvers-ops-dashboard/node_modules/next/dist/compiled/sass-loader/cjs.js)
Caused by: Error: Expected identifier.
   ╷
19 │ +  filter: blur(0.5px)
   │           ^
   ╵
  src/app/[locale]/hy-ui-lab/icon-button/glass-test-backdrop.module.sass 19:11  root stylesheet
    [at Object.wrapException (/Users/tialarocha/Desktop/hydririvers-ops-dashboard/node_modules/sass/sass.dart.js:2337:47)]
    [at SpanScanner.error$3$length$position (/Users/tialarocha/Desktop/hydririvers-ops-dashboard/node_modules/sass/sass.dart.js:87427:15)]
    [at SpanScanner.error$1 (/Users/tialarocha/Desktop/hydririvers-ops-dashboard/node_modules/sass/sass.dart.js:87430:19)]
    [at SelectorParser0.identifier$2$normalize$unit (/Users/tialarocha/Desktop/hydririvers-ops-dashboard/node_modules/sass/sass.dart.js:117743:12)]
    [at SelectorParser0.identifier$0 (/Users/tialarocha/Desktop/hydririvers-ops-dashboard/node_modules/sass/sass.dart.js:117750:19)]
    [at SelectorParser0._selector$_pseudoSelector$0 (/Users/tialarocha/Desktop/hydririvers-ops-dashboard/node_modules/sass/sass.dart.js:120263:21)]
    [at SelectorParser0._selector$_simpleSelector$1$allowParent (/Users/tialarocha/Desktop/hydririvers-ops-dashboard/node_modules/sass/sass.dart.js:120171:24)]
    [at SelectorParser0._selector$_compoundSelector$0 (/Users/tialarocha/Desktop/hydririvers-ops-dashboard/node_modules/sass/sass.dart.js:120142:31)]
    [at SelectorParser0._selector$_complexSelector$1$lineBreak (/Users/tialarocha/Desktop/hydririvers-ops-dashboard/node_modules/sass/sass.dart.js:120112:32)]
    [at SelectorParser0._selector$_complexSelector$0 (/Users/tialarocha/Desktop/hydririvers-ops-dashboard/node_modules/sass/sass.dart.js:120134:19)]

Import traces:
  Client Component Browser:
    ./src/app/[locale]/hy-ui-lab/icon-button/glass-test-backdrop.module.sass [Client Component Browser]
    ./src/app/[locale]/hy-ui-lab/icon-button/glass-test-backdrop.tsx [Client Component Browser]
    ./src/app/[locale]/hy-ui-lab/icon-button/icon-button-visual-lab.tsx [Client Component Browser]
    ./src/app/[locale]/hy-ui-lab/icon-button/icon-button-visual-lab.tsx [Server Component]
    ./src/app/[locale]/hy-ui-lab/icon-button/page.tsx [Server Component]

  Client Component SSR:
    ./src/app/[locale]/hy-ui-lab/icon-button/glass-test-backdrop.module.sass [Client Component SSR]
    ./src/app/[locale]/hy-ui-lab/icon-button/glass-test-backdrop.tsx [Client Component SSR]
    ./src/app/[locale]/hy-ui-lab/icon-button/icon-button-visual-lab.tsx [Client Component SSR]
    ./src/app/[locale]/hy-ui-lab/icon-button/icon-button-visual-lab.tsx [Server Component]
    ./src/app/[locale]/hy-ui-lab/icon-button/page.tsx [Server Component] @ http://localhost:3000/_next/static/chunks/node_modules_next_dist_0u_w_5s._.js:1945
[ 7892849ms] [LOG] [Fast Refresh] rebuilding @ http://localhost:3000/_next/static/chunks/node_modules_next_dist_0u_w_5s._.js:1226
[ 7893594ms] [LOG] [Fast Refresh] rebuilding @ http://localhost:3000/_next/static/chunks/node_modules_next_dist_0u_w_5s._.js:1226
[ 7894191ms] [ERROR] ./src/app/[locale]/hy-ui-lab/icon-button/glass-test-backdrop.module.sass
Error evaluating Node.js code
Error: Expected identifier.
   ╷
19 │ +  filter: blur(0.5px)
   │           ^
   ╵
  src/app/[locale]/hy-ui-lab/icon-button/glass-test-backdrop.module.sass 19:11  root stylesheet
  (from /Users/tialarocha/Desktop/hydririvers-ops-dashboard/node_modules/next/dist/build/webpack/loaders/resolve-url-loader/index.js, /Users/tialarocha/Desktop/hydririvers-ops-dashboard/node_modules/next/dist/compiled/sass-loader/cjs.js)
Caused by: Error: Expected identifier.
   ╷
19 │ +  filter: blur(0.5px)
   │           ^
   ╵
  src/app/[locale]/hy-ui-lab/icon-button/glass-test-backdrop.module.sass 19:11  root stylesheet
    [at Object.wrapException (/Users/tialarocha/Desktop/hydririvers-ops-dashboard/node_modules/sass/sass.dart.js:2337:47)]
    [at SpanScanner.error$3$length$position (/Users/tialarocha/Desktop/hydririvers-ops-dashboard/node_modules/sass/sass.dart.js:87427:15)]
    [at SpanScanner.error$1 (/Users/tialarocha/Desktop/hydririvers-ops-dashboard/node_modules/sass/sass.dart.js:87430:19)]
    [at SelectorParser0.identifier$2$normalize$unit (/Users/tialarocha/Desktop/hydririvers-ops-dashboard/node_modules/sass/sass.dart.js:117743:12)]
    [at SelectorParser0.identifier$0 (/Users/tialarocha/Desktop/hydririvers-ops-dashboard/node_modules/sass/sass.dart.js:117750:19)]
    [at SelectorParser0._selector$_pseudoSelector$0 (/Users/tialarocha/Desktop/hydririvers-ops-dashboard/node_modules/sass/sass.dart.js:120263:21)]
    [at SelectorParser0._selector$_simpleSelector$1$allowParent (/Users/tialarocha/Desktop/hydririvers-ops-dashboard/node_modules/sass/sass.dart.js:120171:24)]
    [at SelectorParser0._selector$_compoundSelector$0 (/Users/tialarocha/Desktop/hydririvers-ops-dashboard/node_modules/sass/sass.dart.js:120142:31)]
    [at SelectorParser0._selector$_complexSelector$1$lineBreak (/Users/tialarocha/Desktop/hydririvers-ops-dashboard/node_modules/sass/sass.dart.js:120112:32)]
    [at SelectorParser0._selector$_complexSelector$0 (/Users/tialarocha/Desktop/hydririvers-ops-dashboard/node_modules/sass/sass.dart.js:120134:19)]

Import traces:
  Client Component Browser:
    ./src/app/[locale]/hy-ui-lab/icon-button/glass-test-backdrop.module.sass [Client Component Browser]
    ./src/app/[locale]/hy-ui-lab/icon-button/glass-test-backdrop.tsx [Client Component Browser]
    ./src/app/[locale]/hy-ui-lab/icon-button/icon-button-visual-lab.tsx [Client Component Browser]
    ./src/app/[locale]/hy-ui-lab/icon-button/icon-button-visual-lab.tsx [Server Component]
    ./src/app/[locale]/hy-ui-lab/icon-button/page.tsx [Server Component]

  Client Component SSR:
    ./src/app/[locale]/hy-ui-lab/icon-button/glass-test-backdrop.module.sass [Client Component SSR]
    ./src/app/[locale]/hy-ui-lab/icon-button/glass-test-backdrop.tsx [Client Component SSR]
    ./src/app/[locale]/hy-ui-lab/icon-button/icon-button-visual-lab.tsx [Client Component SSR]
    ./src/app/[locale]/hy-ui-lab/icon-button/icon-button-visual-lab.tsx [Server Component]
    ./src/app/[locale]/hy-ui-lab/icon-button/page.tsx [Server Component] @ http://localhost:3000/_next/static/chunks/node_modules_next_dist_0u_w_5s._.js:1945
[ 7894574ms] [LOG] [Fast Refresh] rebuilding @ http://localhost:3000/_next/static/chunks/node_modules_next_dist_0u_w_5s._.js:1226
[ 7894677ms] [ERROR] ./src/app/[locale]/hy-ui-lab/icon-button/glass-test-backdrop.module.sass
Error evaluating Node.js code
Error: Expected identifier.
   ╷
19 │ +  filter: blur(0.5px)
   │           ^
   ╵
  src/app/[locale]/hy-ui-lab/icon-button/glass-test-backdrop.module.sass 19:11  root stylesheet
  (from /Users/tialarocha/Desktop/hydririvers-ops-dashboard/node_modules/next/dist/build/webpack/loaders/resolve-url-loader/index.js, /Users/tialarocha/Desktop/hydririvers-ops-dashboard/node_modules/next/dist/compiled/sass-loader/cjs.js)
Caused by: Error: Expected identifier.
   ╷
19 │ +  filter: blur(0.5px)
   │           ^
   ╵
  src/app/[locale]/hy-ui-lab/icon-button/glass-test-backdrop.module.sass 19:11  root stylesheet
    [at Object.wrapException (/Users/tialarocha/Desktop/hydririvers-ops-dashboard/node_modules/sass/sass.dart.js:2337:47)]
    [at SpanScanner.error$3$length$position (/Users/tialarocha/Desktop/hydririvers-ops-dashboard/node_modules/sass/sass.dart.js:87427:15)]
    [at SpanScanner.error$1 (/Users/tialarocha/Desktop/hydririvers-ops-dashboard/node_modules/sass/sass.dart.js:87430:19)]
    [at SelectorParser0.identifier$2$normalize$unit (/Users/tialarocha/Desktop/hydririvers-ops-dashboard/node_modules/sass/sass.dart.js:117743:12)]
    [at SelectorParser0.identifier$0 (/Users/tialarocha/Desktop/hydririvers-ops-dashboard/node_modules/sass/sass.dart.js:117750:19)]
    [at SelectorParser0._selector$_pseudoSelector$0 (/Users/tialarocha/Desktop/hydririvers-ops-dashboard/node_modules/sass/sass.dart.js:120263:21)]
    [at SelectorParser0._selector$_simpleSelector$1$allowParent (/Users/tialarocha/Desktop/hydririvers-ops-dashboard/node_modules/sass/sass.dart.js:120171:24)]
    [at SelectorParser0._selector$_compoundSelector$0 (/Users/tialarocha/Desktop/hydririvers-ops-dashboard/node_modules/sass/sass.dart.js:120142:31)]
    [at SelectorParser0._selector$_complexSelector$1$lineBreak (/Users/tialarocha/Desktop/hydririvers-ops-dashboard/node_modules/sass/sass.dart.js:120112:32)]
    [at SelectorParser0._selector$_complexSelector$0 (/Users/tialarocha/Desktop/hydririvers-ops-dashboard/node_modules/sass/sass.dart.js:120134:19)]

Import traces:
  Client Component Browser:
    ./src/app/[locale]/hy-ui-lab/icon-button/glass-test-backdrop.module.sass [Client Component Browser]
    ./src/app/[locale]/hy-ui-lab/icon-button/glass-test-backdrop.tsx [Client Component Browser]
    ./src/app/[locale]/hy-ui-lab/icon-button/icon-button-visual-lab.tsx [Client Component Browser]
    ./src/app/[locale]/hy-ui-lab/icon-button/icon-button-visual-lab.tsx [Server Component]
    ./src/app/[locale]/hy-ui-lab/icon-button/page.tsx [Server Component]

  Client Component SSR:
    ./src/app/[locale]/hy-ui-lab/icon-button/glass-test-backdrop.module.sass [Client Component SSR]
    ./src/app/[locale]/hy-ui-lab/icon-button/glass-test-backdrop.tsx [Client Component SSR]
    ./src/app/[locale]/hy-ui-lab/icon-button/icon-button-visual-lab.tsx [Client Component SSR]
    ./src/app/[locale]/hy-ui-lab/icon-button/icon-button-visual-lab.tsx [Server Component]
    ./src/app/[locale]/hy-ui-lab/icon-button/page.tsx [Server Component] @ http://localhost:3000/_next/static/chunks/node_modules_next_dist_0u_w_5s._.js:1945
[ 7894683ms] [ERROR] ./src/app/[locale]/hy-ui-lab/icon-button/glass-test-backdrop.module.sass
Error evaluating Node.js code
Error: Expected identifier.
   ╷
19 │ +  filter: blur(0.5px)
   │           ^
   ╵
  src/app/[locale]/hy-ui-lab/icon-button/glass-test-backdrop.module.sass 19:11  root stylesheet
  (from /Users/tialarocha/Desktop/hydririvers-ops-dashboard/node_modules/next/dist/build/webpack/loaders/resolve-url-loader/index.js, /Users/tialarocha/Desktop/hydririvers-ops-dashboard/node_modules/next/dist/compiled/sass-loader/cjs.js)
Caused by: Error: Expected identifier.
   ╷
19 │ +  filter: blur(0.5px)
   │           ^
   ╵
  src/app/[locale]/hy-ui-lab/icon-button/glass-test-backdrop.module.sass 19:11  root stylesheet
    [at Object.wrapException (/Users/tialarocha/Desktop/hydririvers-ops-dashboard/node_modules/sass/sass.dart.js:2337:47)]
    [at SpanScanner.error$3$length$position (/Users/tialarocha/Desktop/hydririvers-ops-dashboard/node_modules/sass/sass.dart.js:87427:15)]
    [at SpanScanner.error$1 (/Users/tialarocha/Desktop/hydririvers-ops-dashboard/node_modules/sass/sass.dart.js:87430:19)]
    [at SelectorParser0.identifier$2$normalize$unit (/Users/tialarocha/Desktop/hydririvers-ops-dashboard/node_modules/sass/sass.dart.js:117743:12)]
    [at SelectorParser0.identifier$0 (/Users/tialarocha/Desktop/hydririvers-ops-dashboard/node_modules/sass/sass.dart.js:117750:19)]
    [at SelectorParser0._selector$_pseudoSelector$0 (/Users/tialarocha/Desktop/hydririvers-ops-dashboard/node_modules/sass/sass.dart.js:120263:21)]
    [at SelectorParser0._selector$_simpleSelector$1$allowParent (/Users/tialarocha/Desktop/hydririvers-ops-dashboard/node_modules/sass/sass.dart.js:120171:24)]
    [at SelectorParser0._selector$_compoundSelector$0 (/Users/tialarocha/Desktop/hydririvers-ops-dashboard/node_modules/sass/sass.dart.js:120142:31)]
    [at SelectorParser0._selector$_complexSelector$1$lineBreak (/Users/tialarocha/Desktop/hydririvers-ops-dashboard/node_modules/sass/sass.dart.js:120112:32)]
    [at SelectorParser0._selector$_complexSelector$0 (/Users/tialarocha/Desktop/hydririvers-ops-dashboard/node_modules/sass/sass.dart.js:120134:19)]

Import traces:
  Client Component Browser:
    ./src/app/[locale]/hy-ui-lab/icon-button/glass-test-backdrop.module.sass [Client Component Browser]
    ./src/app/[locale]/hy-ui-lab/icon-button/glass-test-backdrop.tsx [Client Component Browser]
    ./src/app/[locale]/hy-ui-lab/icon-button/icon-button-visual-lab.tsx [Client Component Browser]
    ./src/app/[locale]/hy-ui-lab/icon-button/icon-button-visual-lab.tsx [Server Component]
    ./src/app/[locale]/hy-ui-lab/icon-button/page.tsx [Server Component]

  Client Component SSR:
    ./src/app/[locale]/hy-ui-lab/icon-button/glass-test-backdrop.module.sass [Client Component SSR]
    ./src/app/[locale]/hy-ui-lab/icon-button/glass-test-backdrop.tsx [Client Component SSR]
    ./src/app/[locale]/hy-ui-lab/icon-button/icon-button-visual-lab.tsx [Client Component SSR]
    ./src/app/[locale]/hy-ui-lab/icon-button/icon-button-visual-lab.tsx [Server Component]
    ./src/app/[locale]/hy-ui-lab/icon-button/page.tsx [Server Component] @ http://localhost:3000/_next/static/chunks/node_modules_next_dist_0u_w_5s._.js:1945
[ 7894688ms] [ERROR] ./src/app/[locale]/hy-ui-lab/icon-button/glass-test-backdrop.module.sass
Error evaluating Node.js code
Error: Expected identifier.
   ╷
19 │ +  filter: blur(0.5px)
   │           ^
   ╵
  src/app/[locale]/hy-ui-lab/icon-button/glass-test-backdrop.module.sass 19:11  root stylesheet
  (from /Users/tialarocha/Desktop/hydririvers-ops-dashboard/node_modules/next/dist/build/webpack/loaders/resolve-url-loader/index.js, /Users/tialarocha/Desktop/hydririvers-ops-dashboard/node_modules/next/dist/compiled/sass-loader/cjs.js)
Caused by: Error: Expected identifier.
   ╷
19 │ +  filter: blur(0.5px)
   │           ^
   ╵
  src/app/[locale]/hy-ui-lab/icon-button/glass-test-backdrop.module.sass 19:11  root stylesheet
    [at Object.wrapException (/Users/tialarocha/Desktop/hydririvers-ops-dashboard/node_modules/sass/sass.dart.js:2337:47)]
    [at SpanScanner.error$3$length$position (/Users/tialarocha/Desktop/hydririvers-ops-dashboard/node_modules/sass/sass.dart.js:87427:15)]
    [at SpanScanner.error$1 (/Users/tialarocha/Desktop/hydririvers-ops-dashboard/node_modules/sass/sass.dart.js:87430:19)]
    [at SelectorParser0.identifier$2$normalize$unit (/Users/tialarocha/Desktop/hydririvers-ops-dashboard/node_modules/sass/sass.dart.js:117743:12)]
    [at SelectorParser0.identifier$0 (/Users/tialarocha/Desktop/hydririvers-ops-dashboard/node_modules/sass/sass.dart.js:117750:19)]
    [at SelectorParser0._selector$_pseudoSelector$0 (/Users/tialarocha/Desktop/hydririvers-ops-dashboard/node_modules/sass/sass.dart.js:120263:21)]
    [at SelectorParser0._selector$_simpleSelector$1$allowParent (/Users/tialarocha/Desktop/hydririvers-ops-dashboard/node_modules/sass/sass.dart.js:120171:24)]
    [at SelectorParser0._selector$_compoundSelector$0 (/Users/tialarocha/Desktop/hydririvers-ops-dashboard/node_modules/sass/sass.dart.js:120142:31)]
    [at SelectorParser0._selector$_complexSelector$1$lineBreak (/Users/tialarocha/Desktop/hydririvers-ops-dashboard/node_modules/sass/sass.dart.js:120112:32)]
    [at SelectorParser0._selector$_complexSelector$0 (/Users/tialarocha/Desktop/hydririvers-ops-dashboard/node_modules/sass/sass.dart.js:120134:19)]

Import traces:
  Client Component Browser:
    ./src/app/[locale]/hy-ui-lab/icon-button/glass-test-backdrop.module.sass [Client Component Browser]
    ./src/app/[locale]/hy-ui-lab/icon-button/glass-test-backdrop.tsx [Client Component Browser]
    ./src/app/[locale]/hy-ui-lab/icon-button/icon-button-visual-lab.tsx [Client Component Browser]
    ./src/app/[locale]/hy-ui-lab/icon-button/icon-button-visual-lab.tsx [Server Component]
    ./src/app/[locale]/hy-ui-lab/icon-button/page.tsx [Server Component]

  Client Component SSR:
    ./src/app/[locale]/hy-ui-lab/icon-button/glass-test-backdrop.module.sass [Client Component SSR]
    ./src/app/[locale]/hy-ui-lab/icon-button/glass-test-backdrop.tsx [Client Component SSR]
    ./src/app/[locale]/hy-ui-lab/icon-button/icon-button-visual-lab.tsx [Client Component SSR]
    ./src/app/[locale]/hy-ui-lab/icon-button/icon-button-visual-lab.tsx [Server Component]
    ./src/app/[locale]/hy-ui-lab/icon-button/page.tsx [Server Component] @ http://localhost:3000/_next/static/chunks/node_modules_next_dist_0u_w_5s._.js:1945
[ 7894790ms] [LOG] [Fast Refresh] rebuilding @ http://localhost:3000/_next/static/chunks/node_modules_next_dist_0u_w_5s._.js:1226
[ 7894839ms] [ERROR] ./src/app/[locale]/hy-ui-lab/icon-button/glass-test-backdrop.module.sass
Error evaluating Node.js code
Error: Expected identifier.
   ╷
19 │ +  filter: blur(0.5px)
   │           ^
   ╵
  src/app/[locale]/hy-ui-lab/icon-button/glass-test-backdrop.module.sass 19:11  root stylesheet
  (from /Users/tialarocha/Desktop/hydririvers-ops-dashboard/node_modules/next/dist/build/webpack/loaders/resolve-url-loader/index.js, /Users/tialarocha/Desktop/hydririvers-ops-dashboard/node_modules/next/dist/compiled/sass-loader/cjs.js)
Caused by: Error: Expected identifier.
   ╷
19 │ +  filter: blur(0.5px)
   │           ^
   ╵
  src/app/[locale]/hy-ui-lab/icon-button/glass-test-backdrop.module.sass 19:11  root stylesheet
    [at Object.wrapException (/Users/tialarocha/Desktop/hydririvers-ops-dashboard/node_modules/sass/sass.dart.js:2337:47)]
    [at SpanScanner.error$3$length$position (/Users/tialarocha/Desktop/hydririvers-ops-dashboard/node_modules/sass/sass.dart.js:87427:15)]
    [at SpanScanner.error$1 (/Users/tialarocha/Desktop/hydririvers-ops-dashboard/node_modules/sass/sass.dart.js:87430:19)]
    [at SelectorParser0.identifier$2$normalize$unit (/Users/tialarocha/Desktop/hydririvers-ops-dashboard/node_modules/sass/sass.dart.js:117743:12)]
    [at SelectorParser0.identifier$0 (/Users/tialarocha/Desktop/hydririvers-ops-dashboard/node_modules/sass/sass.dart.js:117750:19)]
    [at SelectorParser0._selector$_pseudoSelector$0 (/Users/tialarocha/Desktop/hydririvers-ops-dashboard/node_modules/sass/sass.dart.js:120263:21)]
    [at SelectorParser0._selector$_simpleSelector$1$allowParent (/Users/tialarocha/Desktop/hydririvers-ops-dashboard/node_modules/sass/sass.dart.js:120171:24)]
    [at SelectorParser0._selector$_compoundSelector$0 (/Users/tialarocha/Desktop/hydririvers-ops-dashboard/node_modules/sass/sass.dart.js:120142:31)]
    [at SelectorParser0._selector$_complexSelector$1$lineBreak (/Users/tialarocha/Desktop/hydririvers-ops-dashboard/node_modules/sass/sass.dart.js:120112:32)]
    [at SelectorParser0._selector$_complexSelector$0 (/Users/tialarocha/Desktop/hydririvers-ops-dashboard/node_modules/sass/sass.dart.js:120134:19)]

Import traces:
  Client Component Browser:
    ./src/app/[locale]/hy-ui-lab/icon-button/glass-test-backdrop.module.sass [Client Component Browser]
    ./src/app/[locale]/hy-ui-lab/icon-button/glass-test-backdrop.tsx [Client Component Browser]
    ./src/app/[locale]/hy-ui-lab/icon-button/icon-button-visual-lab.tsx [Client Component Browser]
    ./src/app/[locale]/hy-ui-lab/icon-button/icon-button-visual-lab.tsx [Server Component]
    ./src/app/[locale]/hy-ui-lab/icon-button/page.tsx [Server Component]

  Client Component SSR:
    ./src/app/[locale]/hy-ui-lab/icon-button/glass-test-backdrop.module.sass [Client Component SSR]
    ./src/app/[locale]/hy-ui-lab/icon-button/glass-test-backdrop.tsx [Client Component SSR]
    ./src/app/[locale]/hy-ui-lab/icon-button/icon-button-visual-lab.tsx [Client Component SSR]
    ./src/app/[locale]/hy-ui-lab/icon-button/icon-button-visual-lab.tsx [Server Component]
    ./src/app/[locale]/hy-ui-lab/icon-button/page.tsx [Server Component] @ http://localhost:3000/_next/static/chunks/node_modules_next_dist_0u_w_5s._.js:1945
[ 7894890ms] [ERROR] ./src/app/[locale]/hy-ui-lab/icon-button/glass-test-backdrop.module.sass
Error evaluating Node.js code
Error: Expected identifier.
   ╷
19 │ +  filter: blur(0.5px)
   │           ^
   ╵
  src/app/[locale]/hy-ui-lab/icon-button/glass-test-backdrop.module.sass 19:11  root stylesheet
  (from /Users/tialarocha/Desktop/hydririvers-ops-dashboard/node_modules/next/dist/build/webpack/loaders/resolve-url-loader/index.js, /Users/tialarocha/Desktop/hydririvers-ops-dashboard/node_modules/next/dist/compiled/sass-loader/cjs.js)
Caused by: Error: Expected identifier.
   ╷
19 │ +  filter: blur(0.5px)
   │           ^
   ╵
  src/app/[locale]/hy-ui-lab/icon-button/glass-test-backdrop.module.sass 19:11  root stylesheet
    [at Object.wrapException (/Users/tialarocha/Desktop/hydririvers-ops-dashboard/node_modules/sass/sass.dart.js:2337:47)]
    [at SpanScanner.error$3$length$position (/Users/tialarocha/Desktop/hydririvers-ops-dashboard/node_modules/sass/sass.dart.js:87427:15)]
    [at SpanScanner.error$1 (/Users/tialarocha/Desktop/hydririvers-ops-dashboard/node_modules/sass/sass.dart.js:87430:19)]
    [at SelectorParser0.identifier$2$normalize$unit (/Users/tialarocha/Desktop/hydririvers-ops-dashboard/node_modules/sass/sass.dart.js:117743:12)]
    [at SelectorParser0.identifier$0 (/Users/tialarocha/Desktop/hydririvers-ops-dashboard/node_modules/sass/sass.dart.js:117750:19)]
    [at SelectorParser0._selector$_pseudoSelector$0 (/Users/tialarocha/Desktop/hydririvers-ops-dashboard/node_modules/sass/sass.dart.js:120263:21)]
    [at SelectorParser0._selector$_simpleSelector$1$allowParent (/Users/tialarocha/Desktop/hydririvers-ops-dashboard/node_modules/sass/sass.dart.js:120171:24)]
    [at SelectorParser0._selector$_compoundSelector$0 (/Users/tialarocha/Desktop/hydririvers-ops-dashboard/node_modules/sass/sass.dart.js:120142:31)]
    [at SelectorParser0._selector$_complexSelector$1$lineBreak (/Users/tialarocha/Desktop/hydririvers-ops-dashboard/node_modules/sass/sass.dart.js:120112:32)]
    [at SelectorParser0._selector$_complexSelector$0 (/Users/tialarocha/Desktop/hydririvers-ops-dashboard/node_modules/sass/sass.dart.js:120134:19)]

Import traces:
  Client Component Browser:
    ./src/app/[locale]/hy-ui-lab/icon-button/glass-test-backdrop.module.sass [Client Component Browser]
    ./src/app/[locale]/hy-ui-lab/icon-button/glass-test-backdrop.tsx [Client Component Browser]
    ./src/app/[locale]/hy-ui-lab/icon-button/icon-button-visual-lab.tsx [Client Component Browser]
    ./src/app/[locale]/hy-ui-lab/icon-button/icon-button-visual-lab.tsx [Server Component]
    ./src/app/[locale]/hy-ui-lab/icon-button/page.tsx [Server Component]

  Client Component SSR:
    ./src/app/[locale]/hy-ui-lab/icon-button/glass-test-backdrop.module.sass [Client Component SSR]
    ./src/app/[locale]/hy-ui-lab/icon-button/glass-test-backdrop.tsx [Client Component SSR]
    ./src/app/[locale]/hy-ui-lab/icon-button/icon-button-visual-lab.tsx [Client Component SSR]
    ./src/app/[locale]/hy-ui-lab/icon-button/icon-button-visual-lab.tsx [Server Component]
    ./src/app/[locale]/hy-ui-lab/icon-button/page.tsx [Server Component] @ http://localhost:3000/_next/static/chunks/node_modules_next_dist_0u_w_5s._.js:1945
[ 7894992ms] [LOG] [Fast Refresh] rebuilding @ http://localhost:3000/_next/static/chunks/node_modules_next_dist_0u_w_5s._.js:1226
[ 7895044ms] [ERROR] ./src/app/[locale]/hy-ui-lab/icon-button/glass-test-backdrop.module.sass
Error evaluating Node.js code
Error: Expected identifier.
   ╷
19 │ +  filter: blur(0.5px)
   │           ^
   ╵
  src/app/[locale]/hy-ui-lab/icon-button/glass-test-backdrop.module.sass 19:11  root stylesheet
  (from /Users/tialarocha/Desktop/hydririvers-ops-dashboard/node_modules/next/dist/build/webpack/loaders/resolve-url-loader/index.js, /Users/tialarocha/Desktop/hydririvers-ops-dashboard/node_modules/next/dist/compiled/sass-loader/cjs.js)
Caused by: Error: Expected identifier.
   ╷
19 │ +  filter: blur(0.5px)
   │           ^
   ╵
  src/app/[locale]/hy-ui-lab/icon-button/glass-test-backdrop.module.sass 19:11  root stylesheet
    [at Object.wrapException (/Users/tialarocha/Desktop/hydririvers-ops-dashboard/node_modules/sass/sass.dart.js:2337:47)]
    [at SpanScanner.error$3$length$position (/Users/tialarocha/Desktop/hydririvers-ops-dashboard/node_modules/sass/sass.dart.js:87427:15)]
    [at SpanScanner.error$1 (/Users/tialarocha/Desktop/hydririvers-ops-dashboard/node_modules/sass/sass.dart.js:87430:19)]
    [at SelectorParser0.identifier$2$normalize$unit (/Users/tialarocha/Desktop/hydririvers-ops-dashboard/node_modules/sass/sass.dart.js:117743:12)]
    [at SelectorParser0.identifier$0 (/Users/tialarocha/Desktop/hydririvers-ops-dashboard/node_modules/sass/sass.dart.js:117750:19)]
    [at SelectorParser0._selector$_pseudoSelector$0 (/Users/tialarocha/Desktop/hydririvers-ops-dashboard/node_modules/sass/sass.dart.js:120263:21)]
    [at SelectorParser0._selector$_simpleSelector$1$allowParent (/Users/tialarocha/Desktop/hydririvers-ops-dashboard/node_modules/sass/sass.dart.js:120171:24)]
    [at SelectorParser0._selector$_compoundSelector$0 (/Users/tialarocha/Desktop/hydririvers-ops-dashboard/node_modules/sass/sass.dart.js:120142:31)]
    [at SelectorParser0._selector$_complexSelector$1$lineBreak (/Users/tialarocha/Desktop/hydririvers-ops-dashboard/node_modules/sass/sass.dart.js:120112:32)]
    [at SelectorParser0._selector$_complexSelector$0 (/Users/tialarocha/Desktop/hydririvers-ops-dashboard/node_modules/sass/sass.dart.js:120134:19)]

Import traces:
  Client Component Browser:
    ./src/app/[locale]/hy-ui-lab/icon-button/glass-test-backdrop.module.sass [Client Component Browser]
    ./src/app/[locale]/hy-ui-lab/icon-button/glass-test-backdrop.tsx [Client Component Browser]
    ./src/app/[locale]/hy-ui-lab/icon-button/icon-button-visual-lab.tsx [Client Component Browser]
    ./src/app/[locale]/hy-ui-lab/icon-button/icon-button-visual-lab.tsx [Server Component]
    ./src/app/[locale]/hy-ui-lab/icon-button/page.tsx [Server Component]

  Client Component SSR:
    ./src/app/[locale]/hy-ui-lab/icon-button/glass-test-backdrop.module.sass [Client Component SSR]
    ./src/app/[locale]/hy-ui-lab/icon-button/glass-test-backdrop.tsx [Client Component SSR]
    ./src/app/[locale]/hy-ui-lab/icon-button/icon-button-visual-lab.tsx [Client Component SSR]
    ./src/app/[locale]/hy-ui-lab/icon-button/icon-button-visual-lab.tsx [Server Component]
    ./src/app/[locale]/hy-ui-lab/icon-button/page.tsx [Server Component] @ http://localhost:3000/_next/static/chunks/node_modules_next_dist_0u_w_5s._.js:1945
[ 7895281ms] [ERROR] Failed to load resource: the server responded with a status of 500 (Internal Server Error) @ http://localhost:3000/pt-BR/cargas:0
[ 7895940ms] [INFO] %cDownload the React DevTools for a better development experience: https://react.dev/link/react-devtools font-weight:bold @ http://localhost:3000/_next/static/chunks/node_modules_react-dom_0bruynb._.js:13920
[ 7895959ms] Error: ./src/app/[locale]/hy-ui-lab/icon-button/glass-test-backdrop.module.sass
Error evaluating Node.js code
Error: Expected identifier.
   ╷
19 │ +  filter: blur(0.5px)
   │           ^
   ╵
  src/app/[locale]/hy-ui-lab/icon-button/glass-test-backdrop.module.sass 19:11  root stylesheet
  (from /Users/tialarocha/Desktop/hydririvers-ops-dashboard/node_modules/next/dist/build/webpack/loaders/resolve-url-loader/index.js, /Users/tialarocha/Desktop/hydririvers-ops-dashboard/node_modules/next/dist/compiled/sass-loader/cjs.js)
Caused by: Error: Expected identifier.
   ╷
19 │ +  filter: blur(0.5px)
   │           ^
   ╵
  src/app/[locale]/hy-ui-lab/icon-button/glass-test-backdrop.module.sass 19:11  root stylesheet
    [at Object.wrapException (/Users/tialarocha/Desktop/hydririvers-ops-dashboard/node_modules/sass/sass.dart.js:2337:47)]
    [at SpanScanner.error$3$length$position (/Users/tialarocha/Desktop/hydririvers-ops-dashboard/node_modules/sass/sass.dart.js:87427:15)]
    [at SpanScanner.error$1 (/Users/tialarocha/Desktop/hydririvers-ops-dashboard/node_modules/sass/sass.dart.js:87430:19)]
    [at SelectorParser0.identifier$2$normalize$unit (/Users/tialarocha/Desktop/hydririvers-ops-dashboard/node_modules/sass/sass.dart.js:117743:12)]
    [at SelectorParser0.identifier$0 (/Users/tialarocha/Desktop/hydririvers-ops-dashboard/node_modules/sass/sass.dart.js:117750:19)]
    [at SelectorParser0._selector$_pseudoSelector$0 (/Users/tialarocha/Desktop/hydririvers-ops-dashboard/node_modules/sass/sass.dart.js:120263:21)]
    [at SelectorParser0._selector$_simpleSelector$1$allowParent (/Users/tialarocha/Desktop/hydririvers-ops-dashboard/node_modules/sass/sass.dart.js:120171:24)]
    [at SelectorParser0._selector$_compoundSelector$0 (/Users/tialarocha/Desktop/hydririvers-ops-dashboard/node_modules/sass/sass.dart.js:120142:31)]
    [at SelectorParser0._selector$_complexSelector$1$lineBreak (/Users/tialarocha/Desktop/hydririvers-ops-dashboard/node_modules/sass/sass.dart.js:120112:32)]
    [at SelectorParser0._selector$_complexSelector$0 (/Users/tialarocha/Desktop/hydririvers-ops-dashboard/node_modules/sass/sass.dart.js:120134:19)]

Import traces:
  Client Component Browser:
    ./src/app/[locale]/hy-ui-lab/icon-button/glass-test-backdrop.module.sass [Client Component Browser]
    ./src/app/[locale]/hy-ui-lab/icon-button/glass-test-backdrop.tsx [Client Component Browser]
    ./src/app/[locale]/hy-ui-lab/icon-button/icon-button-visual-lab.tsx [Client Component Browser]
    ./src/app/[locale]/hy-ui-lab/icon-button/icon-button-visual-lab.tsx [Server Component]
    ./src/app/[locale]/hy-ui-lab/icon-button/page.tsx [Server Component]

  Client Component SSR:
    ./src/app/[locale]/hy-ui-lab/icon-button/glass-test-backdrop.module.sass [Client Component SSR]
    ./src/app/[locale]/hy-ui-lab/icon-button/glass-test-backdrop.tsx [Client Component SSR]
    ./src/app/[locale]/hy-ui-lab/icon-button/icon-button-visual-lab.tsx [Client Component SSR]
    ./src/app/[locale]/hy-ui-lab/icon-button/icon-button-visual-lab.tsx [Server Component]
    ./src/app/[locale]/hy-ui-lab/icon-button/page.tsx [Server Component]


    at Object.getCompilationErrors (file:///Users/tialarocha/Desktop/hydririvers-ops-dashboard/node_modules/next/dist/server/dev/hot-reloader-turbopack.js:1186:59)
    at DevBundlerService.getCompilationError (file:///Users/tialarocha/Desktop/hydririvers-ops-dashboard/node_modules/next/dist/server/lib/dev-bundler-service.js:44:55)
    at DevServer.getCompilationError (file:///Users/tialarocha/Desktop/hydririvers-ops-dashboard/node_modules/next/dist/server/dev/next-dev-server.js:719:42)
    at DevServer.findPageComponents (file:///Users/tialarocha/Desktop/hydririvers-ops-dashboard/node_modules/next/dist/server/dev/next-dev-server.js:689:43)
    at async DevServer.renderErrorToResponseImpl (file:///Users/tialarocha/Desktop/hydririvers-ops-dashboard/node_modules/next/dist/server/base-server.js:1745:26)
[ 7896070ms] [LOG] [HMR] connected @ http://localhost:3000/_next/static/chunks/node_modules_next_dist_0u_w_5s._.js:1226
[ 7896199ms] [ERROR] ./src/app/[locale]/hy-ui-lab/icon-button/glass-test-backdrop.module.sass
Error evaluating Node.js code
Error: Expected identifier.
   ╷
19 │ +  filter: blur(0.5px)
   │           ^
   ╵
  src/app/[locale]/hy-ui-lab/icon-button/glass-test-backdrop.module.sass 19:11  root stylesheet
  (from /Users/tialarocha/Desktop/hydririvers-ops-dashboard/node_modules/next/dist/build/webpack/loaders/resolve-url-loader/index.js, /Users/tialarocha/Desktop/hydririvers-ops-dashboard/node_modules/next/dist/compiled/sass-loader/cjs.js)
Caused by: Error: Expected identifier.
   ╷
19 │ +  filter: blur(0.5px)
   │           ^
   ╵
  src/app/[locale]/hy-ui-lab/icon-button/glass-test-backdrop.module.sass 19:11  root stylesheet
    [at Object.wrapException (/Users/tialarocha/Desktop/hydririvers-ops-dashboard/node_modules/sass/sass.dart.js:2337:47)]
    [at SpanScanner.error$3$length$position (/Users/tialarocha/Desktop/hydririvers-ops-dashboard/node_modules/sass/sass.dart.js:87427:15)]
    [at SpanScanner.error$1 (/Users/tialarocha/Desktop/hydririvers-ops-dashboard/node_modules/sass/sass.dart.js:87430:19)]
    [at SelectorParser0.identifier$2$normalize$unit (/Users/tialarocha/Desktop/hydririvers-ops-dashboard/node_modules/sass/sass.dart.js:117743:12)]
    [at SelectorParser0.identifier$0 (/Users/tialarocha/Desktop/hydririvers-ops-dashboard/node_modules/sass/sass.dart.js:117750:19)]
    [at SelectorParser0._selector$_pseudoSelector$0 (/Users/tialarocha/Desktop/hydririvers-ops-dashboard/node_modules/sass/sass.dart.js:120263:21)]
    [at SelectorParser0._selector$_simpleSelector$1$allowParent (/Users/tialarocha/Desktop/hydririvers-ops-dashboard/node_modules/sass/sass.dart.js:120171:24)]
    [at SelectorParser0._selector$_compoundSelector$0 (/Users/tialarocha/Desktop/hydririvers-ops-dashboard/node_modules/sass/sass.dart.js:120142:31)]
    [at SelectorParser0._selector$_complexSelector$1$lineBreak (/Users/tialarocha/Desktop/hydririvers-ops-dashboard/node_modules/sass/sass.dart.js:120112:32)]
    [at SelectorParser0._selector$_complexSelector$0 (/Users/tialarocha/Desktop/hydririvers-ops-dashboard/node_modules/sass/sass.dart.js:120134:19)]

Import traces:
  Client Component Browser:
    ./src/app/[locale]/hy-ui-lab/icon-button/glass-test-backdrop.module.sass [Client Component Browser]
    ./src/app/[locale]/hy-ui-lab/icon-button/glass-test-backdrop.tsx [Client Component Browser]
    ./src/app/[locale]/hy-ui-lab/icon-button/icon-button-visual-lab.tsx [Client Component Browser]
    ./src/app/[locale]/hy-ui-lab/icon-button/icon-button-visual-lab.tsx [Server Component]
    ./src/app/[locale]/hy-ui-lab/icon-button/page.tsx [Server Component]

  Client Component SSR:
    ./src/app/[locale]/hy-ui-lab/icon-button/glass-test-backdrop.module.sass [Client Component SSR]
    ./src/app/[locale]/hy-ui-lab/icon-button/glass-test-backdrop.tsx [Client Component SSR]
    ./src/app/[locale]/hy-ui-lab/icon-button/icon-button-visual-lab.tsx [Client Component SSR]
    ./src/app/[locale]/hy-ui-lab/icon-button/icon-button-visual-lab.tsx [Server Component]
    ./src/app/[locale]/hy-ui-lab/icon-button/page.tsx [Server Component] @ http://localhost:3000/_next/static/chunks/node_modules_next_dist_0u_w_5s._.js:1945
[ 7896204ms] [ERROR] ./src/app/[locale]/hy-ui-lab/icon-button/glass-test-backdrop.module.sass
Error evaluating Node.js code
Error: Expected identifier.
   ╷
19 │ +  filter: blur(0.5px)
   │           ^
   ╵
  src/app/[locale]/hy-ui-lab/icon-button/glass-test-backdrop.module.sass 19:11  root stylesheet
  (from /Users/tialarocha/Desktop/hydririvers-ops-dashboard/node_modules/next/dist/build/webpack/loaders/resolve-url-loader/index.js, /Users/tialarocha/Desktop/hydririvers-ops-dashboard/node_modules/next/dist/compiled/sass-loader/cjs.js)
Caused by: Error: Expected identifier.
   ╷
19 │ +  filter: blur(0.5px)
   │           ^
   ╵
  src/app/[locale]/hy-ui-lab/icon-button/glass-test-backdrop.module.sass 19:11  root stylesheet
    [at Object.wrapException (/Users/tialarocha/Desktop/hydririvers-ops-dashboard/node_modules/sass/sass.dart.js:2337:47)]
    [at SpanScanner.error$3$length$position (/Users/tialarocha/Desktop/hydririvers-ops-dashboard/node_modules/sass/sass.dart.js:87427:15)]
    [at SpanScanner.error$1 (/Users/tialarocha/Desktop/hydririvers-ops-dashboard/node_modules/sass/sass.dart.js:87430:19)]
    [at SelectorParser0.identifier$2$normalize$unit (/Users/tialarocha/Desktop/hydririvers-ops-dashboard/node_modules/sass/sass.dart.js:117743:12)]
    [at SelectorParser0.identifier$0 (/Users/tialarocha/Desktop/hydririvers-ops-dashboard/node_modules/sass/sass.dart.js:117750:19)]
    [at SelectorParser0._selector$_pseudoSelector$0 (/Users/tialarocha/Desktop/hydririvers-ops-dashboard/node_modules/sass/sass.dart.js:120263:21)]
    [at SelectorParser0._selector$_simpleSelector$1$allowParent (/Users/tialarocha/Desktop/hydririvers-ops-dashboard/node_modules/sass/sass.dart.js:120171:24)]
    [at SelectorParser0._selector$_compoundSelector$0 (/Users/tialarocha/Desktop/hydririvers-ops-dashboard/node_modules/sass/sass.dart.js:120142:31)]
    [at SelectorParser0._selector$_complexSelector$1$lineBreak (/Users/tialarocha/Desktop/hydririvers-ops-dashboard/node_modules/sass/sass.dart.js:120112:32)]
    [at SelectorParser0._selector$_complexSelector$0 (/Users/tialarocha/Desktop/hydririvers-ops-dashboard/node_modules/sass/sass.dart.js:120134:19)]

Import traces:
  Client Component Browser:
    ./src/app/[locale]/hy-ui-lab/icon-button/glass-test-backdrop.module.sass [Client Component Browser]
    ./src/app/[locale]/hy-ui-lab/icon-button/glass-test-backdrop.tsx [Client Component Browser]
    ./src/app/[locale]/hy-ui-lab/icon-button/icon-button-visual-lab.tsx [Client Component Browser]
    ./src/app/[locale]/hy-ui-lab/icon-button/icon-button-visual-lab.tsx [Server Component]
    ./src/app/[locale]/hy-ui-lab/icon-button/page.tsx [Server Component]

  Client Component SSR:
    ./src/app/[locale]/hy-ui-lab/icon-button/glass-test-backdrop.module.sass [Client Component SSR]
    ./src/app/[locale]/hy-ui-lab/icon-button/glass-test-backdrop.tsx [Client Component SSR]
    ./src/app/[locale]/hy-ui-lab/icon-button/icon-button-visual-lab.tsx [Client Component SSR]
    ./src/app/[locale]/hy-ui-lab/icon-button/icon-button-visual-lab.tsx [Server Component]
    ./src/app/[locale]/hy-ui-lab/icon-button/page.tsx [Server Component] @ http://localhost:3000/_next/static/chunks/node_modules_next_dist_0u_w_5s._.js:1945
[ 7896302ms] [LOG] [Fast Refresh] rebuilding @ http://localhost:3000/_next/static/chunks/node_modules_next_dist_0u_w_5s._.js:1226
[ 7896527ms] [ERROR] ./src/app/[locale]/hy-ui-lab/icon-button/glass-test-backdrop.module.sass
Error evaluating Node.js code
Error: Expected identifier.
   ╷
19 │ +  filter: blur(0.5px)
   │           ^
   ╵
  src/app/[locale]/hy-ui-lab/icon-button/glass-test-backdrop.module.sass 19:11  root stylesheet
  (from /Users/tialarocha/Desktop/hydririvers-ops-dashboard/node_modules/next/dist/build/webpack/loaders/resolve-url-loader/index.js, /Users/tialarocha/Desktop/hydririvers-ops-dashboard/node_modules/next/dist/compiled/sass-loader/cjs.js)
Caused by: Error: Expected identifier.
   ╷
19 │ +  filter: blur(0.5px)
   │           ^
   ╵
  src/app/[locale]/hy-ui-lab/icon-button/glass-test-backdrop.module.sass 19:11  root stylesheet
    [at Object.wrapException (/Users/tialarocha/Desktop/hydririvers-ops-dashboard/node_modules/sass/sass.dart.js:2337:47)]
    [at SpanScanner.error$3$length$position (/Users/tialarocha/Desktop/hydririvers-ops-dashboard/node_modules/sass/sass.dart.js:87427:15)]
    [at SpanScanner.error$1 (/Users/tialarocha/Desktop/hydririvers-ops-dashboard/node_modules/sass/sass.dart.js:87430:19)]
    [at SelectorParser0.identifier$2$normalize$unit (/Users/tialarocha/Desktop/hydririvers-ops-dashboard/node_modules/sass/sass.dart.js:117743:12)]
    [at SelectorParser0.identifier$0 (/Users/tialarocha/Desktop/hydririvers-ops-dashboard/node_modules/sass/sass.dart.js:117750:19)]
    [at SelectorParser0._selector$_pseudoSelector$0 (/Users/tialarocha/Desktop/hydririvers-ops-dashboard/node_modules/sass/sass.dart.js:120263:21)]
    [at SelectorParser0._selector$_simpleSelector$1$allowParent (/Users/tialarocha/Desktop/hydririvers-ops-dashboard/node_modules/sass/sass.dart.js:120171:24)]
    [at SelectorParser0._selector$_compoundSelector$0 (/Users/tialarocha/Desktop/hydririvers-ops-dashboard/node_modules/sass/sass.dart.js:120142:31)]
    [at SelectorParser0._selector$_complexSelector$1$lineBreak (/Users/tialarocha/Desktop/hydririvers-ops-dashboard/node_modules/sass/sass.dart.js:120112:32)]
    [at SelectorParser0._selector$_complexSelector$0 (/Users/tialarocha/Desktop/hydririvers-ops-dashboard/node_modules/sass/sass.dart.js:120134:19)]

Import traces:
  Client Component Browser:
    ./src/app/[locale]/hy-ui-lab/icon-button/glass-test-backdrop.module.sass [Client Component Browser]
    ./src/app/[locale]/hy-ui-lab/icon-button/glass-test-backdrop.tsx [Client Component Browser]
    ./src/app/[locale]/hy-ui-lab/icon-button/icon-button-visual-lab.tsx [Client Component Browser]
    ./src/app/[locale]/hy-ui-lab/icon-button/icon-button-visual-lab.tsx [Server Component]
    ./src/app/[locale]/hy-ui-lab/icon-button/page.tsx [Server Component]

  Client Component SSR:
    ./src/app/[locale]/hy-ui-lab/icon-button/glass-test-backdrop.module.sass [Client Component SSR]
    ./src/app/[locale]/hy-ui-lab/icon-button/glass-test-backdrop.tsx [Client Component SSR]
    ./src/app/[locale]/hy-ui-lab/icon-button/icon-button-visual-lab.tsx [Client Component SSR]
    ./src/app/[locale]/hy-ui-lab/icon-button/icon-button-visual-lab.tsx [Server Component]
    ./src/app/[locale]/hy-ui-lab/icon-button/page.tsx [Server Component] @ http://localhost:3000/_next/static/chunks/node_modules_next_dist_0u_w_5s._.js:1945
[ 7896818ms] [LOG] [Fast Refresh] rebuilding @ http://localhost:3000/_next/static/chunks/node_modules_next_dist_0u_w_5s._.js:1226
[ 7896950ms] [ERROR] ./src/app/[locale]/hy-ui-lab/icon-button/glass-test-backdrop.module.sass
Error evaluating Node.js code
Error: Expected identifier.
   ╷
19 │ +  filter: blur(0.5px)
   │           ^
   ╵
  src/app/[locale]/hy-ui-lab/icon-button/glass-test-backdrop.module.sass 19:11  root stylesheet
  (from /Users/tialarocha/Desktop/hydririvers-ops-dashboard/node_modules/next/dist/build/webpack/loaders/resolve-url-loader/index.js, /Users/tialarocha/Desktop/hydririvers-ops-dashboard/node_modules/next/dist/compiled/sass-loader/cjs.js)
Caused by: Error: Expected identifier.
   ╷
19 │ +  filter: blur(0.5px)
   │           ^
   ╵
  src/app/[locale]/hy-ui-lab/icon-button/glass-test-backdrop.module.sass 19:11  root stylesheet
    [at Object.wrapException (/Users/tialarocha/Desktop/hydririvers-ops-dashboard/node_modules/sass/sass.dart.js:2337:47)]
    [at SpanScanner.error$3$length$position (/Users/tialarocha/Desktop/hydririvers-ops-dashboard/node_modules/sass/sass.dart.js:87427:15)]
    [at SpanScanner.error$1 (/Users/tialarocha/Desktop/hydririvers-ops-dashboard/node_modules/sass/sass.dart.js:87430:19)]
    [at SelectorParser0.identifier$2$normalize$unit (/Users/tialarocha/Desktop/hydririvers-ops-dashboard/node_modules/sass/sass.dart.js:117743:12)]
    [at SelectorParser0.identifier$0 (/Users/tialarocha/Desktop/hydririvers-ops-dashboard/node_modules/sass/sass.dart.js:117750:19)]
    [at SelectorParser0._selector$_pseudoSelector$0 (/Users/tialarocha/Desktop/hydririvers-ops-dashboard/node_modules/sass/sass.dart.js:120263:21)]
    [at SelectorParser0._selector$_simpleSelector$1$allowParent (/Users/tialarocha/Desktop/hydririvers-ops-dashboard/node_modules/sass/sass.dart.js:120171:24)]
    [at SelectorParser0._selector$_compoundSelector$0 (/Users/tialarocha/Desktop/hydririvers-ops-dashboard/node_modules/sass/sass.dart.js:120142:31)]
    [at SelectorParser0._selector$_complexSelector$1$lineBreak (/Users/tialarocha/Desktop/hydririvers-ops-dashboard/node_modules/sass/sass.dart.js:120112:32)]
    [at SelectorParser0._selector$_complexSelector$0 (/Users/tialarocha/Desktop/hydririvers-ops-dashboard/node_modules/sass/sass.dart.js:120134:19)]

Import traces:
  Client Component Browser:
    ./src/app/[locale]/hy-ui-lab/icon-button/glass-test-backdrop.module.sass [Client Component Browser]
    ./src/app/[locale]/hy-ui-lab/icon-button/glass-test-backdrop.tsx [Client Component Browser]
    ./src/app/[locale]/hy-ui-lab/icon-button/icon-button-visual-lab.tsx [Client Component Browser]
    ./src/app/[locale]/hy-ui-lab/icon-button/icon-button-visual-lab.tsx [Server Component]
    ./src/app/[locale]/hy-ui-lab/icon-button/page.tsx [Server Component]

  Client Component SSR:
    ./src/app/[locale]/hy-ui-lab/icon-button/glass-test-backdrop.module.sass [Client Component SSR]
    ./src/app/[locale]/hy-ui-lab/icon-button/glass-test-backdrop.tsx [Client Component SSR]
    ./src/app/[locale]/hy-ui-lab/icon-button/icon-button-visual-lab.tsx [Client Component SSR]
    ./src/app/[locale]/hy-ui-lab/icon-button/icon-button-visual-lab.tsx [Server Component]
    ./src/app/[locale]/hy-ui-lab/icon-button/page.tsx [Server Component] @ http://localhost:3000/_next/static/chunks/node_modules_next_dist_0u_w_5s._.js:1945
[ 7897047ms] [ERROR] ./src/app/[locale]/hy-ui-lab/icon-button/glass-test-backdrop.module.sass
Error evaluating Node.js code
Error: Expected identifier.
   ╷
19 │ +  filter: blur(0.5px)
   │           ^
   ╵
  src/app/[locale]/hy-ui-lab/icon-button/glass-test-backdrop.module.sass 19:11  root stylesheet
  (from /Users/tialarocha/Desktop/hydririvers-ops-dashboard/node_modules/next/dist/build/webpack/loaders/resolve-url-loader/index.js, /Users/tialarocha/Desktop/hydririvers-ops-dashboard/node_modules/next/dist/compiled/sass-loader/cjs.js)
Caused by: Error: Expected identifier.
   ╷
19 │ +  filter: blur(0.5px)
   │           ^
   ╵
  src/app/[locale]/hy-ui-lab/icon-button/glass-test-backdrop.module.sass 19:11  root stylesheet
    [at Object.wrapException (/Users/tialarocha/Desktop/hydririvers-ops-dashboard/node_modules/sass/sass.dart.js:2337:47)]
    [at SpanScanner.error$3$length$position (/Users/tialarocha/Desktop/hydririvers-ops-dashboard/node_modules/sass/sass.dart.js:87427:15)]
    [at SpanScanner.error$1 (/Users/tialarocha/Desktop/hydririvers-ops-dashboard/node_modules/sass/sass.dart.js:87430:19)]
    [at SelectorParser0.identifier$2$normalize$unit (/Users/tialarocha/Desktop/hydririvers-ops-dashboard/node_modules/sass/sass.dart.js:117743:12)]
    [at SelectorParser0.identifier$0 (/Users/tialarocha/Desktop/hydririvers-ops-dashboard/node_modules/sass/sass.dart.js:117750:19)]
    [at SelectorParser0._selector$_pseudoSelector$0 (/Users/tialarocha/Desktop/hydririvers-ops-dashboard/node_modules/sass/sass.dart.js:120263:21)]
    [at SelectorParser0._selector$_simpleSelector$1$allowParent (/Users/tialarocha/Desktop/hydririvers-ops-dashboard/node_modules/sass/sass.dart.js:120171:24)]
    [at SelectorParser0._selector$_compoundSelector$0 (/Users/tialarocha/Desktop/hydririvers-ops-dashboard/node_modules/sass/sass.dart.js:120142:31)]
    [at SelectorParser0._selector$_complexSelector$1$lineBreak (/Users/tialarocha/Desktop/hydririvers-ops-dashboard/node_modules/sass/sass.dart.js:120112:32)]
    [at SelectorParser0._selector$_complexSelector$0 (/Users/tialarocha/Desktop/hydririvers-ops-dashboard/node_modules/sass/sass.dart.js:120134:19)]

Import traces:
  Client Component Browser:
    ./src/app/[locale]/hy-ui-lab/icon-button/glass-test-backdrop.module.sass [Client Component Browser]
    ./src/app/[locale]/hy-ui-lab/icon-button/glass-test-backdrop.tsx [Client Component Browser]
    ./src/app/[locale]/hy-ui-lab/icon-button/icon-button-visual-lab.tsx [Client Component Browser]
    ./src/app/[locale]/hy-ui-lab/icon-button/icon-button-visual-lab.tsx [Server Component]
    ./src/app/[locale]/hy-ui-lab/icon-button/page.tsx [Server Component]

  Client Component SSR:
    ./src/app/[locale]/hy-ui-lab/icon-button/glass-test-backdrop.module.sass [Client Component SSR]
    ./src/app/[locale]/hy-ui-lab/icon-button/glass-test-backdrop.tsx [Client Component SSR]
    ./src/app/[locale]/hy-ui-lab/icon-button/icon-button-visual-lab.tsx [Client Component SSR]
    ./src/app/[locale]/hy-ui-lab/icon-button/icon-button-visual-lab.tsx [Server Component]
    ./src/app/[locale]/hy-ui-lab/icon-button/page.tsx [Server Component] @ http://localhost:3000/_next/static/chunks/node_modules_next_dist_0u_w_5s._.js:1945
[ 7897057ms] [LOG] [Fast Refresh] rebuilding @ http://localhost:3000/_next/static/chunks/node_modules_next_dist_0u_w_5s._.js:1226
[ 7897143ms] [ERROR] ./src/app/[locale]/hy-ui-lab/icon-button/glass-test-backdrop.module.sass
Error evaluating Node.js code
Error: Expected identifier.
   ╷
19 │ +  filter: blur(0.5px)
   │           ^
   ╵
  src/app/[locale]/hy-ui-lab/icon-button/glass-test-backdrop.module.sass 19:11  root stylesheet
  (from /Users/tialarocha/Desktop/hydririvers-ops-dashboard/node_modules/next/dist/build/webpack/loaders/resolve-url-loader/index.js, /Users/tialarocha/Desktop/hydririvers-ops-dashboard/node_modules/next/dist/compiled/sass-loader/cjs.js)
Caused by: Error: Expected identifier.
   ╷
19 │ +  filter: blur(0.5px)
   │           ^
   ╵
  src/app/[locale]/hy-ui-lab/icon-button/glass-test-backdrop.module.sass 19:11  root stylesheet
    [at Object.wrapException (/Users/tialarocha/Desktop/hydririvers-ops-dashboard/node_modules/sass/sass.dart.js:2337:47)]
    [at SpanScanner.error$3$length$position (/Users/tialarocha/Desktop/hydririvers-ops-dashboard/node_modules/sass/sass.dart.js:87427:15)]
    [at SpanScanner.error$1 (/Users/tialarocha/Desktop/hydririvers-ops-dashboard/node_modules/sass/sass.dart.js:87430:19)]
    [at SelectorParser0.identifier$2$normalize$unit (/Users/tialarocha/Desktop/hydririvers-ops-dashboard/node_modules/sass/sass.dart.js:117743:12)]
    [at SelectorParser0.identifier$0 (/Users/tialarocha/Desktop/hydririvers-ops-dashboard/node_modules/sass/sass.dart.js:117750:19)]
    [at SelectorParser0._selector$_pseudoSelector$0 (/Users/tialarocha/Desktop/hydririvers-ops-dashboard/node_modules/sass/sass.dart.js:120263:21)]
    [at SelectorParser0._selector$_simpleSelector$1$allowParent (/Users/tialarocha/Desktop/hydririvers-ops-dashboard/node_modules/sass/sass.dart.js:120171:24)]
    [at SelectorParser0._selector$_compoundSelector$0 (/Users/tialarocha/Desktop/hydririvers-ops-dashboard/node_modules/sass/sass.dart.js:120142:31)]
    [at SelectorParser0._selector$_complexSelector$1$lineBreak (/Users/tialarocha/Desktop/hydririvers-ops-dashboard/node_modules/sass/sass.dart.js:120112:32)]
    [at SelectorParser0._selector$_complexSelector$0 (/Users/tialarocha/Desktop/hydririvers-ops-dashboard/node_modules/sass/sass.dart.js:120134:19)]

Import traces:
  Client Component Browser:
    ./src/app/[locale]/hy-ui-lab/icon-button/glass-test-backdrop.module.sass [Client Component Browser]
    ./src/app/[locale]/hy-ui-lab/icon-button/glass-test-backdrop.tsx [Client Component Browser]
    ./src/app/[locale]/hy-ui-lab/icon-button/icon-button-visual-lab.tsx [Client Component Browser]
    ./src/app/[locale]/hy-ui-lab/icon-button/icon-button-visual-lab.tsx [Server Component]
    ./src/app/[locale]/hy-ui-lab/icon-button/page.tsx [Server Component]

  Client Component SSR:
    ./src/app/[locale]/hy-ui-lab/icon-button/glass-test-backdrop.module.sass [Client Component SSR]
    ./src/app/[locale]/hy-ui-lab/icon-button/glass-test-backdrop.tsx [Client Component SSR]
    ./src/app/[locale]/hy-ui-lab/icon-button/icon-button-visual-lab.tsx [Client Component SSR]
    ./src/app/[locale]/hy-ui-lab/icon-button/icon-button-visual-lab.tsx [Server Component]
    ./src/app/[locale]/hy-ui-lab/icon-button/page.tsx [Server Component] @ http://localhost:3000/_next/static/chunks/node_modules_next_dist_0u_w_5s._.js:1945
[ 7897204ms] [LOG] [Fast Refresh] rebuilding @ http://localhost:3000/_next/static/chunks/node_modules_next_dist_0u_w_5s._.js:1226
[ 7901545ms] [LOG] [Fast Refresh] rebuilding @ http://localhost:3000/_next/static/chunks/node_modules_next_dist_0u_w_5s._.js:1226
[ 7901935ms] [ERROR] ./src/app/[locale]/hy-ui-lab/icon-button/glass-test-backdrop.module.sass
Error evaluating Node.js code
Error: Expected identifier.
   ╷
19 │ +  filter: blur(0.5px)
   │           ^
   ╵
  src/app/[locale]/hy-ui-lab/icon-button/glass-test-backdrop.module.sass 19:11  root stylesheet
  (from /Users/tialarocha/Desktop/hydririvers-ops-dashboard/node_modules/next/dist/build/webpack/loaders/resolve-url-loader/index.js, /Users/tialarocha/Desktop/hydririvers-ops-dashboard/node_modules/next/dist/compiled/sass-loader/cjs.js)
Caused by: Error: Expected identifier.
   ╷
19 │ +  filter: blur(0.5px)
   │           ^
   ╵
  src/app/[locale]/hy-ui-lab/icon-button/glass-test-backdrop.module.sass 19:11  root stylesheet
    [at Object.wrapException (/Users/tialarocha/Desktop/hydririvers-ops-dashboard/node_modules/sass/sass.dart.js:2337:47)]
    [at SpanScanner.error$3$length$position (/Users/tialarocha/Desktop/hydririvers-ops-dashboard/node_modules/sass/sass.dart.js:87427:15)]
    [at SpanScanner.error$1 (/Users/tialarocha/Desktop/hydririvers-ops-dashboard/node_modules/sass/sass.dart.js:87430:19)]
    [at SelectorParser0.identifier$2$normalize$unit (/Users/tialarocha/Desktop/hydririvers-ops-dashboard/node_modules/sass/sass.dart.js:117743:12)]
    [at SelectorParser0.identifier$0 (/Users/tialarocha/Desktop/hydririvers-ops-dashboard/node_modules/sass/sass.dart.js:117750:19)]
    [at SelectorParser0._selector$_pseudoSelector$0 (/Users/tialarocha/Desktop/hydririvers-ops-dashboard/node_modules/sass/sass.dart.js:120263:21)]
    [at SelectorParser0._selector$_simpleSelector$1$allowParent (/Users/tialarocha/Desktop/hydririvers-ops-dashboard/node_modules/sass/sass.dart.js:120171:24)]
    [at SelectorParser0._selector$_compoundSelector$0 (/Users/tialarocha/Desktop/hydririvers-ops-dashboard/node_modules/sass/sass.dart.js:120142:31)]
    [at SelectorParser0._selector$_complexSelector$1$lineBreak (/Users/tialarocha/Desktop/hydririvers-ops-dashboard/node_modules/sass/sass.dart.js:120112:32)]
    [at SelectorParser0._selector$_complexSelector$0 (/Users/tialarocha/Desktop/hydririvers-ops-dashboard/node_modules/sass/sass.dart.js:120134:19)]

Import traces:
  Client Component Browser:
    ./src/app/[locale]/hy-ui-lab/icon-button/glass-test-backdrop.module.sass [Client Component Browser]
    ./src/app/[locale]/hy-ui-lab/icon-button/glass-test-backdrop.tsx [Client Component Browser]
    ./src/app/[locale]/hy-ui-lab/icon-button/icon-button-visual-lab.tsx [Client Component Browser]
    ./src/app/[locale]/hy-ui-lab/icon-button/icon-button-visual-lab.tsx [Server Component]
    ./src/app/[locale]/hy-ui-lab/icon-button/page.tsx [Server Component]

  Client Component SSR:
    ./src/app/[locale]/hy-ui-lab/icon-button/glass-test-backdrop.module.sass [Client Component SSR]
    ./src/app/[locale]/hy-ui-lab/icon-button/glass-test-backdrop.tsx [Client Component SSR]
    ./src/app/[locale]/hy-ui-lab/icon-button/icon-button-visual-lab.tsx [Client Component SSR]
    ./src/app/[locale]/hy-ui-lab/icon-button/icon-button-visual-lab.tsx [Server Component]
    ./src/app/[locale]/hy-ui-lab/icon-button/page.tsx [Server Component] @ http://localhost:3000/_next/static/chunks/node_modules_next_dist_0u_w_5s._.js:1945
[ 7903247ms] [LOG] [Fast Refresh] rebuilding @ http://localhost:3000/_next/static/chunks/node_modules_next_dist_0u_w_5s._.js:1226
[ 7903413ms] [ERROR] ./src/app/[locale]/hy-ui-lab/icon-button/glass-test-backdrop.module.sass
Error evaluating Node.js code
Error: Expected identifier.
   ╷
19 │ +  filter: blur(0.5px)
   │           ^
   ╵
  src/app/[locale]/hy-ui-lab/icon-button/glass-test-backdrop.module.sass 19:11  root stylesheet
  (from /Users/tialarocha/Desktop/hydririvers-ops-dashboard/node_modules/next/dist/build/webpack/loaders/resolve-url-loader/index.js, /Users/tialarocha/Desktop/hydririvers-ops-dashboard/node_modules/next/dist/compiled/sass-loader/cjs.js)
Caused by: Error: Expected identifier.
   ╷
19 │ +  filter: blur(0.5px)
   │           ^
   ╵
  src/app/[locale]/hy-ui-lab/icon-button/glass-test-backdrop.module.sass 19:11  root stylesheet
    [at Object.wrapException (/Users/tialarocha/Desktop/hydririvers-ops-dashboard/node_modules/sass/sass.dart.js:2337:47)]
    [at SpanScanner.error$3$length$position (/Users/tialarocha/Desktop/hydririvers-ops-dashboard/node_modules/sass/sass.dart.js:87427:15)]
    [at SpanScanner.error$1 (/Users/tialarocha/Desktop/hydririvers-ops-dashboard/node_modules/sass/sass.dart.js:87430:19)]
    [at SelectorParser0.identifier$2$normalize$unit (/Users/tialarocha/Desktop/hydririvers-ops-dashboard/node_modules/sass/sass.dart.js:117743:12)]
    [at SelectorParser0.identifier$0 (/Users/tialarocha/Desktop/hydririvers-ops-dashboard/node_modules/sass/sass.dart.js:117750:19)]
    [at SelectorParser0._selector$_pseudoSelector$0 (/Users/tialarocha/Desktop/hydririvers-ops-dashboard/node_modules/sass/sass.dart.js:120263:21)]
    [at SelectorParser0._selector$_simpleSelector$1$allowParent (/Users/tialarocha/Desktop/hydririvers-ops-dashboard/node_modules/sass/sass.dart.js:120171:24)]
    [at SelectorParser0._selector$_compoundSelector$0 (/Users/tialarocha/Desktop/hydririvers-ops-dashboard/node_modules/sass/sass.dart.js:120142:31)]
    [at SelectorParser0._selector$_complexSelector$1$lineBreak (/Users/tialarocha/Desktop/hydririvers-ops-dashboard/node_modules/sass/sass.dart.js:120112:32)]
    [at SelectorParser0._selector$_complexSelector$0 (/Users/tialarocha/Desktop/hydririvers-ops-dashboard/node_modules/sass/sass.dart.js:120134:19)]

Import traces:
  Client Component Browser:
    ./src/app/[locale]/hy-ui-lab/icon-button/glass-test-backdrop.module.sass [Client Component Browser]
    ./src/app/[locale]/hy-ui-lab/icon-button/glass-test-backdrop.tsx [Client Component Browser]
    ./src/app/[locale]/hy-ui-lab/icon-button/icon-button-visual-lab.tsx [Client Component Browser]
    ./src/app/[locale]/hy-ui-lab/icon-button/icon-button-visual-lab.tsx [Server Component]
    ./src/app/[locale]/hy-ui-lab/icon-button/page.tsx [Server Component]

  Client Component SSR:
    ./src/app/[locale]/hy-ui-lab/icon-button/glass-test-backdrop.module.sass [Client Component SSR]
    ./src/app/[locale]/hy-ui-lab/icon-button/glass-test-backdrop.tsx [Client Component SSR]
    ./src/app/[locale]/hy-ui-lab/icon-button/icon-button-visual-lab.tsx [Client Component SSR]
    ./src/app/[locale]/hy-ui-lab/icon-button/icon-button-visual-lab.tsx [Server Component]
    ./src/app/[locale]/hy-ui-lab/icon-button/page.tsx [Server Component] @ http://localhost:3000/_next/static/chunks/node_modules_next_dist_0u_w_5s._.js:1945
[ 7905570ms] [LOG] [Fast Refresh] rebuilding @ http://localhost:3000/_next/static/chunks/node_modules_next_dist_0u_w_5s._.js:1226
[ 7905649ms] [ERROR] ./src/app/[locale]/hy-ui-lab/icon-button/glass-test-backdrop.module.sass
Error evaluating Node.js code
Error: Expected identifier.
   ╷
19 │ +  filter: blur(0.5px)
   │           ^
   ╵
  src/app/[locale]/hy-ui-lab/icon-button/glass-test-backdrop.module.sass 19:11  root stylesheet
  (from /Users/tialarocha/Desktop/hydririvers-ops-dashboard/node_modules/next/dist/build/webpack/loaders/resolve-url-loader/index.js, /Users/tialarocha/Desktop/hydririvers-ops-dashboard/node_modules/next/dist/compiled/sass-loader/cjs.js)
Caused by: Error: Expected identifier.
   ╷
19 │ +  filter: blur(0.5px)
   │           ^
   ╵
  src/app/[locale]/hy-ui-lab/icon-button/glass-test-backdrop.module.sass 19:11  root stylesheet
    [at Object.wrapException (/Users/tialarocha/Desktop/hydririvers-ops-dashboard/node_modules/sass/sass.dart.js:2337:47)]
    [at SpanScanner.error$3$length$position (/Users/tialarocha/Desktop/hydririvers-ops-dashboard/node_modules/sass/sass.dart.js:87427:15)]
    [at SpanScanner.error$1 (/Users/tialarocha/Desktop/hydririvers-ops-dashboard/node_modules/sass/sass.dart.js:87430:19)]
    [at SelectorParser0.identifier$2$normalize$unit (/Users/tialarocha/Desktop/hydririvers-ops-dashboard/node_modules/sass/sass.dart.js:117743:12)]
    [at SelectorParser0.identifier$0 (/Users/tialarocha/Desktop/hydririvers-ops-dashboard/node_modules/sass/sass.dart.js:117750:19)]
    [at SelectorParser0._selector$_pseudoSelector$0 (/Users/tialarocha/Desktop/hydririvers-ops-dashboard/node_modules/sass/sass.dart.js:120263:21)]
    [at SelectorParser0._selector$_simpleSelector$1$allowParent (/Users/tialarocha/Desktop/hydririvers-ops-dashboard/node_modules/sass/sass.dart.js:120171:24)]
    [at SelectorParser0._selector$_compoundSelector$0 (/Users/tialarocha/Desktop/hydririvers-ops-dashboard/node_modules/sass/sass.dart.js:120142:31)]
    [at SelectorParser0._selector$_complexSelector$1$lineBreak (/Users/tialarocha/Desktop/hydririvers-ops-dashboard/node_modules/sass/sass.dart.js:120112:32)]
    [at SelectorParser0._selector$_complexSelector$0 (/Users/tialarocha/Desktop/hydririvers-ops-dashboard/node_modules/sass/sass.dart.js:120134:19)]

Import traces:
  Client Component Browser:
    ./src/app/[locale]/hy-ui-lab/icon-button/glass-test-backdrop.module.sass [Client Component Browser]
    ./src/app/[locale]/hy-ui-lab/icon-button/glass-test-backdrop.tsx [Client Component Browser]
    ./src/app/[locale]/hy-ui-lab/icon-button/icon-button-visual-lab.tsx [Client Component Browser]
    ./src/app/[locale]/hy-ui-lab/icon-button/icon-button-visual-lab.tsx [Server Component]
    ./src/app/[locale]/hy-ui-lab/icon-button/page.tsx [Server Component]

  Client Component SSR:
    ./src/app/[locale]/hy-ui-lab/icon-button/glass-test-backdrop.module.sass [Client Component SSR]
    ./src/app/[locale]/hy-ui-lab/icon-button/glass-test-backdrop.tsx [Client Component SSR]
    ./src/app/[locale]/hy-ui-lab/icon-button/icon-button-visual-lab.tsx [Client Component SSR]
    ./src/app/[locale]/hy-ui-lab/icon-button/icon-button-visual-lab.tsx [Server Component]
    ./src/app/[locale]/hy-ui-lab/icon-button/page.tsx [Server Component] @ http://localhost:3000/_next/static/chunks/node_modules_next_dist_0u_w_5s._.js:1945
[ 7905900ms] [ERROR] ./src/app/[locale]/hy-ui-lab/icon-button/glass-test-backdrop.module.sass
Error evaluating Node.js code
Error: Expected identifier.
   ╷
19 │ +  filter: blur(0.5px)
   │           ^
   ╵
  src/app/[locale]/hy-ui-lab/icon-button/glass-test-backdrop.module.sass 19:11  root stylesheet
  (from /Users/tialarocha/Desktop/hydririvers-ops-dashboard/node_modules/next/dist/build/webpack/loaders/resolve-url-loader/index.js, /Users/tialarocha/Desktop/hydririvers-ops-dashboard/node_modules/next/dist/compiled/sass-loader/cjs.js)
Caused by: Error: Expected identifier.
   ╷
19 │ +  filter: blur(0.5px)
   │           ^
   ╵
  src/app/[locale]/hy-ui-lab/icon-button/glass-test-backdrop.module.sass 19:11  root stylesheet
    [at Object.wrapException (/Users/tialarocha/Desktop/hydririvers-ops-dashboard/node_modules/sass/sass.dart.js:2337:47)]
    [at SpanScanner.error$3$length$position (/Users/tialarocha/Desktop/hydririvers-ops-dashboard/node_modules/sass/sass.dart.js:87427:15)]
    [at SpanScanner.error$1 (/Users/tialarocha/Desktop/hydririvers-ops-dashboard/node_modules/sass/sass.dart.js:87430:19)]
    [at SelectorParser0.identifier$2$normalize$unit (/Users/tialarocha/Desktop/hydririvers-ops-dashboard/node_modules/sass/sass.dart.js:117743:12)]
    [at SelectorParser0.identifier$0 (/Users/tialarocha/Desktop/hydririvers-ops-dashboard/node_modules/sass/sass.dart.js:117750:19)]
    [at SelectorParser0._selector$_pseudoSelector$0 (/Users/tialarocha/Desktop/hydririvers-ops-dashboard/node_modules/sass/sass.dart.js:120263:21)]
    [at SelectorParser0._selector$_simpleSelector$1$allowParent (/Users/tialarocha/Desktop/hydririvers-ops-dashboard/node_modules/sass/sass.dart.js:120171:24)]
    [at SelectorParser0._selector$_compoundSelector$0 (/Users/tialarocha/Desktop/hydririvers-ops-dashboard/node_modules/sass/sass.dart.js:120142:31)]
    [at SelectorParser0._selector$_complexSelector$1$lineBreak (/Users/tialarocha/Desktop/hydririvers-ops-dashboard/node_modules/sass/sass.dart.js:120112:32)]
    [at SelectorParser0._selector$_complexSelector$0 (/Users/tialarocha/Desktop/hydririvers-ops-dashboard/node_modules/sass/sass.dart.js:120134:19)]

Import traces:
  Client Component Browser:
    ./src/app/[locale]/hy-ui-lab/icon-button/glass-test-backdrop.module.sass [Client Component Browser]
    ./src/app/[locale]/hy-ui-lab/icon-button/glass-test-backdrop.tsx [Client Component Browser]
    ./src/app/[locale]/hy-ui-lab/icon-button/icon-button-visual-lab.tsx [Client Component Browser]
    ./src/app/[locale]/hy-ui-lab/icon-button/icon-button-visual-lab.tsx [Server Component]
    ./src/app/[locale]/hy-ui-lab/icon-button/page.tsx [Server Component]

  Client Component SSR:
    ./src/app/[locale]/hy-ui-lab/icon-button/glass-test-backdrop.module.sass [Client Component SSR]
    ./src/app/[locale]/hy-ui-lab/icon-button/glass-test-backdrop.tsx [Client Component SSR]
    ./src/app/[locale]/hy-ui-lab/icon-button/icon-button-visual-lab.tsx [Client Component SSR]
    ./src/app/[locale]/hy-ui-lab/icon-button/icon-button-visual-lab.tsx [Server Component]
    ./src/app/[locale]/hy-ui-lab/icon-button/page.tsx [Server Component] @ http://localhost:3000/_next/static/chunks/node_modules_next_dist_0u_w_5s._.js:1945
[ 7905903ms] [LOG] [Fast Refresh] rebuilding @ http://localhost:3000/_next/static/chunks/node_modules_next_dist_0u_w_5s._.js:1226
[ 7905931ms] [ERROR] ./src/app/[locale]/hy-ui-lab/icon-button/glass-test-backdrop.module.sass
Error evaluating Node.js code
Error: Expected identifier.
   ╷
19 │ +  filter: blur(0.5px)
   │           ^
   ╵
  src/app/[locale]/hy-ui-lab/icon-button/glass-test-backdrop.module.sass 19:11  root stylesheet
  (from /Users/tialarocha/Desktop/hydririvers-ops-dashboard/node_modules/next/dist/build/webpack/loaders/resolve-url-loader/index.js, /Users/tialarocha/Desktop/hydririvers-ops-dashboard/node_modules/next/dist/compiled/sass-loader/cjs.js)
Caused by: Error: Expected identifier.
   ╷
19 │ +  filter: blur(0.5px)
   │           ^
   ╵
  src/app/[locale]/hy-ui-lab/icon-button/glass-test-backdrop.module.sass 19:11  root stylesheet
    [at Object.wrapException (/Users/tialarocha/Desktop/hydririvers-ops-dashboard/node_modules/sass/sass.dart.js:2337:47)]
    [at SpanScanner.error$3$length$position (/Users/tialarocha/Desktop/hydririvers-ops-dashboard/node_modules/sass/sass.dart.js:87427:15)]
    [at SpanScanner.error$1 (/Users/tialarocha/Desktop/hydririvers-ops-dashboard/node_modules/sass/sass.dart.js:87430:19)]
    [at SelectorParser0.identifier$2$normalize$unit (/Users/tialarocha/Desktop/hydririvers-ops-dashboard/node_modules/sass/sass.dart.js:117743:12)]
    [at SelectorParser0.identifier$0 (/Users/tialarocha/Desktop/hydririvers-ops-dashboard/node_modules/sass/sass.dart.js:117750:19)]
    [at SelectorParser0._selector$_pseudoSelector$0 (/Users/tialarocha/Desktop/hydririvers-ops-dashboard/node_modules/sass/sass.dart.js:120263:21)]
    [at SelectorParser0._selector$_simpleSelector$1$allowParent (/Users/tialarocha/Desktop/hydririvers-ops-dashboard/node_modules/sass/sass.dart.js:120171:24)]
    [at SelectorParser0._selector$_compoundSelector$0 (/Users/tialarocha/Desktop/hydririvers-ops-dashboard/node_modules/sass/sass.dart.js:120142:31)]
    [at SelectorParser0._selector$_complexSelector$1$lineBreak (/Users/tialarocha/Desktop/hydririvers-ops-dashboard/node_modules/sass/sass.dart.js:120112:32)]
    [at SelectorParser0._selector$_complexSelector$0 (/Users/tialarocha/Desktop/hydririvers-ops-dashboard/node_modules/sass/sass.dart.js:120134:19)]

Import traces:
  Client Component Browser:
    ./src/app/[locale]/hy-ui-lab/icon-button/glass-test-backdrop.module.sass [Client Component Browser]
    ./src/app/[locale]/hy-ui-lab/icon-button/glass-test-backdrop.tsx [Client Component Browser]
    ./src/app/[locale]/hy-ui-lab/icon-button/icon-button-visual-lab.tsx [Client Component Browser]
    ./src/app/[locale]/hy-ui-lab/icon-button/icon-button-visual-lab.tsx [Server Component]
    ./src/app/[locale]/hy-ui-lab/icon-button/page.tsx [Server Component]

  Client Component SSR:
    ./src/app/[locale]/hy-ui-lab/icon-button/glass-test-backdrop.module.sass [Client Component SSR]
    ./src/app/[locale]/hy-ui-lab/icon-button/glass-test-backdrop.tsx [Client Component SSR]
    ./src/app/[locale]/hy-ui-lab/icon-button/icon-button-visual-lab.tsx [Client Component SSR]
    ./src/app/[locale]/hy-ui-lab/icon-button/icon-button-visual-lab.tsx [Server Component]
    ./src/app/[locale]/hy-ui-lab/icon-button/page.tsx [Server Component] @ http://localhost:3000/_next/static/chunks/node_modules_next_dist_0u_w_5s._.js:1945
[ 7906040ms] [LOG] [Fast Refresh] rebuilding @ http://localhost:3000/_next/static/chunks/node_modules_next_dist_0u_w_5s._.js:1226
[ 7906097ms] [ERROR] ./src/app/[locale]/hy-ui-lab/icon-button/glass-test-backdrop.module.sass
Error evaluating Node.js code
Error: Expected identifier.
   ╷
19 │ +  filter: blur(0.5px)
   │           ^
   ╵
  src/app/[locale]/hy-ui-lab/icon-button/glass-test-backdrop.module.sass 19:11  root stylesheet
  (from /Users/tialarocha/Desktop/hydririvers-ops-dashboard/node_modules/next/dist/build/webpack/loaders/resolve-url-loader/index.js, /Users/tialarocha/Desktop/hydririvers-ops-dashboard/node_modules/next/dist/compiled/sass-loader/cjs.js)
Caused by: Error: Expected identifier.
   ╷
19 │ +  filter: blur(0.5px)
   │           ^
   ╵
  src/app/[locale]/hy-ui-lab/icon-button/glass-test-backdrop.module.sass 19:11  root stylesheet
    [at Object.wrapException (/Users/tialarocha/Desktop/hydririvers-ops-dashboard/node_modules/sass/sass.dart.js:2337:47)]
    [at SpanScanner.error$3$length$position (/Users/tialarocha/Desktop/hydririvers-ops-dashboard/node_modules/sass/sass.dart.js:87427:15)]
    [at SpanScanner.error$1 (/Users/tialarocha/Desktop/hydririvers-ops-dashboard/node_modules/sass/sass.dart.js:87430:19)]
    [at SelectorParser0.identifier$2$normalize$unit (/Users/tialarocha/Desktop/hydririvers-ops-dashboard/node_modules/sass/sass.dart.js:117743:12)]
    [at SelectorParser0.identifier$0 (/Users/tialarocha/Desktop/hydririvers-ops-dashboard/node_modules/sass/sass.dart.js:117750:19)]
    [at SelectorParser0._selector$_pseudoSelector$0 (/Users/tialarocha/Desktop/hydririvers-ops-dashboard/node_modules/sass/sass.dart.js:120263:21)]
    [at SelectorParser0._selector$_simpleSelector$1$allowParent (/Users/tialarocha/Desktop/hydririvers-ops-dashboard/node_modules/sass/sass.dart.js:120171:24)]
    [at SelectorParser0._selector$_compoundSelector$0 (/Users/tialarocha/Desktop/hydririvers-ops-dashboard/node_modules/sass/sass.dart.js:120142:31)]
    [at SelectorParser0._selector$_complexSelector$1$lineBreak (/Users/tialarocha/Desktop/hydririvers-ops-dashboard/node_modules/sass/sass.dart.js:120112:32)]
    [at SelectorParser0._selector$_complexSelector$0 (/Users/tialarocha/Desktop/hydririvers-ops-dashboard/node_modules/sass/sass.dart.js:120134:19)]

Import traces:
  Client Component Browser:
    ./src/app/[locale]/hy-ui-lab/icon-button/glass-test-backdrop.module.sass [Client Component Browser]
    ./src/app/[locale]/hy-ui-lab/icon-button/glass-test-backdrop.tsx [Client Component Browser]
    ./src/app/[locale]/hy-ui-lab/icon-button/icon-button-visual-lab.tsx [Client Component Browser]
    ./src/app/[locale]/hy-ui-lab/icon-button/icon-button-visual-lab.tsx [Server Component]
    ./src/app/[locale]/hy-ui-lab/icon-button/page.tsx [Server Component]

  Client Component SSR:
    ./src/app/[locale]/hy-ui-lab/icon-button/glass-test-backdrop.module.sass [Client Component SSR]
    ./src/app/[locale]/hy-ui-lab/icon-button/glass-test-backdrop.tsx [Client Component SSR]
    ./src/app/[locale]/hy-ui-lab/icon-button/icon-button-visual-lab.tsx [Client Component SSR]
    ./src/app/[locale]/hy-ui-lab/icon-button/icon-button-visual-lab.tsx [Server Component]
    ./src/app/[locale]/hy-ui-lab/icon-button/page.tsx [Server Component] @ http://localhost:3000/_next/static/chunks/node_modules_next_dist_0u_w_5s._.js:1945
[ 7906101ms] [ERROR] ./src/app/[locale]/hy-ui-lab/icon-button/glass-test-backdrop.module.sass
Error evaluating Node.js code
Error: Expected identifier.
   ╷
19 │ +  filter: blur(0.5px)
   │           ^
   ╵
  src/app/[locale]/hy-ui-lab/icon-button/glass-test-backdrop.module.sass 19:11  root stylesheet
  (from /Users/tialarocha/Desktop/hydririvers-ops-dashboard/node_modules/next/dist/build/webpack/loaders/resolve-url-loader/index.js, /Users/tialarocha/Desktop/hydririvers-ops-dashboard/node_modules/next/dist/compiled/sass-loader/cjs.js)
Caused by: Error: Expected identifier.
   ╷
19 │ +  filter: blur(0.5px)
   │           ^
   ╵
  src/app/[locale]/hy-ui-lab/icon-button/glass-test-backdrop.module.sass 19:11  root stylesheet
    [at Object.wrapException (/Users/tialarocha/Desktop/hydririvers-ops-dashboard/node_modules/sass/sass.dart.js:2337:47)]
    [at SpanScanner.error$3$length$position (/Users/tialarocha/Desktop/hydririvers-ops-dashboard/node_modules/sass/sass.dart.js:87427:15)]
    [at SpanScanner.error$1 (/Users/tialarocha/Desktop/hydririvers-ops-dashboard/node_modules/sass/sass.dart.js:87430:19)]
    [at SelectorParser0.identifier$2$normalize$unit (/Users/tialarocha/Desktop/hydririvers-ops-dashboard/node_modules/sass/sass.dart.js:117743:12)]
    [at SelectorParser0.identifier$0 (/Users/tialarocha/Desktop/hydririvers-ops-dashboard/node_modules/sass/sass.dart.js:117750:19)]
    [at SelectorParser0._selector$_pseudoSelector$0 (/Users/tialarocha/Desktop/hydririvers-ops-dashboard/node_modules/sass/sass.dart.js:120263:21)]
    [at SelectorParser0._selector$_simpleSelector$1$allowParent (/Users/tialarocha/Desktop/hydririvers-ops-dashboard/node_modules/sass/sass.dart.js:120171:24)]
    [at SelectorParser0._selector$_compoundSelector$0 (/Users/tialarocha/Desktop/hydririvers-ops-dashboard/node_modules/sass/sass.dart.js:120142:31)]
    [at SelectorParser0._selector$_complexSelector$1$lineBreak (/Users/tialarocha/Desktop/hydririvers-ops-dashboard/node_modules/sass/sass.dart.js:120112:32)]
    [at SelectorParser0._selector$_complexSelector$0 (/Users/tialarocha/Desktop/hydririvers-ops-dashboard/node_modules/sass/sass.dart.js:120134:19)]

Import traces:
  Client Component Browser:
    ./src/app/[locale]/hy-ui-lab/icon-button/glass-test-backdrop.module.sass [Client Component Browser]
    ./src/app/[locale]/hy-ui-lab/icon-button/glass-test-backdrop.tsx [Client Component Browser]
    ./src/app/[locale]/hy-ui-lab/icon-button/icon-button-visual-lab.tsx [Client Component Browser]
    ./src/app/[locale]/hy-ui-lab/icon-button/icon-button-visual-lab.tsx [Server Component]
    ./src/app/[locale]/hy-ui-lab/icon-button/page.tsx [Server Component]

  Client Component SSR:
    ./src/app/[locale]/hy-ui-lab/icon-button/glass-test-backdrop.module.sass [Client Component SSR]
    ./src/app/[locale]/hy-ui-lab/icon-button/glass-test-backdrop.tsx [Client Component SSR]
    ./src/app/[locale]/hy-ui-lab/icon-button/icon-button-visual-lab.tsx [Client Component SSR]
    ./src/app/[locale]/hy-ui-lab/icon-button/icon-button-visual-lab.tsx [Server Component]
    ./src/app/[locale]/hy-ui-lab/icon-button/page.tsx [Server Component] @ http://localhost:3000/_next/static/chunks/node_modules_next_dist_0u_w_5s._.js:1945
[ 7906177ms] [ERROR] ./src/app/[locale]/hy-ui-lab/icon-button/glass-test-backdrop.module.sass
Error evaluating Node.js code
Error: Expected identifier.
   ╷
19 │ +  filter: blur(0.5px)
   │           ^
   ╵
  src/app/[locale]/hy-ui-lab/icon-button/glass-test-backdrop.module.sass 19:11  root stylesheet
  (from /Users/tialarocha/Desktop/hydririvers-ops-dashboard/node_modules/next/dist/build/webpack/loaders/resolve-url-loader/index.js, /Users/tialarocha/Desktop/hydririvers-ops-dashboard/node_modules/next/dist/compiled/sass-loader/cjs.js)
Caused by: Error: Expected identifier.
   ╷
19 │ +  filter: blur(0.5px)
   │           ^
   ╵
  src/app/[locale]/hy-ui-lab/icon-button/glass-test-backdrop.module.sass 19:11  root stylesheet
    [at Object.wrapException (/Users/tialarocha/Desktop/hydririvers-ops-dashboard/node_modules/sass/sass.dart.js:2337:47)]
    [at SpanScanner.error$3$length$position (/Users/tialarocha/Desktop/hydririvers-ops-dashboard/node_modules/sass/sass.dart.js:87427:15)]
    [at SpanScanner.error$1 (/Users/tialarocha/Desktop/hydririvers-ops-dashboard/node_modules/sass/sass.dart.js:87430:19)]
    [at SelectorParser0.identifier$2$normalize$unit (/Users/tialarocha/Desktop/hydririvers-ops-dashboard/node_modules/sass/sass.dart.js:117743:12)]
    [at SelectorParser0.identifier$0 (/Users/tialarocha/Desktop/hydririvers-ops-dashboard/node_modules/sass/sass.dart.js:117750:19)]
    [at SelectorParser0._selector$_pseudoSelector$0 (/Users/tialarocha/Desktop/hydririvers-ops-dashboard/node_modules/sass/sass.dart.js:120263:21)]
    [at SelectorParser0._selector$_simpleSelector$1$allowParent (/Users/tialarocha/Desktop/hydririvers-ops-dashboard/node_modules/sass/sass.dart.js:120171:24)]
    [at SelectorParser0._selector$_compoundSelector$0 (/Users/tialarocha/Desktop/hydririvers-ops-dashboard/node_modules/sass/sass.dart.js:120142:31)]
    [at SelectorParser0._selector$_complexSelector$1$lineBreak (/Users/tialarocha/Desktop/hydririvers-ops-dashboard/node_modules/sass/sass.dart.js:120112:32)]
    [at SelectorParser0._selector$_complexSelector$0 (/Users/tialarocha/Desktop/hydririvers-ops-dashboard/node_modules/sass/sass.dart.js:120134:19)]

Import traces:
  Client Component Browser:
    ./src/app/[locale]/hy-ui-lab/icon-button/glass-test-backdrop.module.sass [Client Component Browser]
    ./src/app/[locale]/hy-ui-lab/icon-button/glass-test-backdrop.tsx [Client Component Browser]
    ./src/app/[locale]/hy-ui-lab/icon-button/icon-button-visual-lab.tsx [Client Component Browser]
    ./src/app/[locale]/hy-ui-lab/icon-button/icon-button-visual-lab.tsx [Server Component]
    ./src/app/[locale]/hy-ui-lab/icon-button/page.tsx [Server Component]

  Client Component SSR:
    ./src/app/[locale]/hy-ui-lab/icon-button/glass-test-backdrop.module.sass [Client Component SSR]
    ./src/app/[locale]/hy-ui-lab/icon-button/glass-test-backdrop.tsx [Client Component SSR]
    ./src/app/[locale]/hy-ui-lab/icon-button/icon-button-visual-lab.tsx [Client Component SSR]
    ./src/app/[locale]/hy-ui-lab/icon-button/icon-button-visual-lab.tsx [Server Component]
    ./src/app/[locale]/hy-ui-lab/icon-button/page.tsx [Server Component] @ http://localhost:3000/_next/static/chunks/node_modules_next_dist_0u_w_5s._.js:1945
[ 7906219ms] [LOG] [Fast Refresh] rebuilding @ http://localhost:3000/_next/static/chunks/node_modules_next_dist_0u_w_5s._.js:1226
[ 7906294ms] [ERROR] ./src/app/[locale]/hy-ui-lab/icon-button/glass-test-backdrop.module.sass
Error evaluating Node.js code
Error: Expected identifier.
   ╷
19 │ +  filter: blur(0.5px)
   │           ^
   ╵
  src/app/[locale]/hy-ui-lab/icon-button/glass-test-backdrop.module.sass 19:11  root stylesheet
  (from /Users/tialarocha/Desktop/hydririvers-ops-dashboard/node_modules/next/dist/build/webpack/loaders/resolve-url-loader/index.js, /Users/tialarocha/Desktop/hydririvers-ops-dashboard/node_modules/next/dist/compiled/sass-loader/cjs.js)
Caused by: Error: Expected identifier.
   ╷
19 │ +  filter: blur(0.5px)
   │           ^
   ╵
  src/app/[locale]/hy-ui-lab/icon-button/glass-test-backdrop.module.sass 19:11  root stylesheet
    [at Object.wrapException (/Users/tialarocha/Desktop/hydririvers-ops-dashboard/node_modules/sass/sass.dart.js:2337:47)]
    [at SpanScanner.error$3$length$position (/Users/tialarocha/Desktop/hydririvers-ops-dashboard/node_modules/sass/sass.dart.js:87427:15)]
    [at SpanScanner.error$1 (/Users/tialarocha/Desktop/hydririvers-ops-dashboard/node_modules/sass/sass.dart.js:87430:19)]
    [at SelectorParser0.identifier$2$normalize$unit (/Users/tialarocha/Desktop/hydririvers-ops-dashboard/node_modules/sass/sass.dart.js:117743:12)]
    [at SelectorParser0.identifier$0 (/Users/tialarocha/Desktop/hydririvers-ops-dashboard/node_modules/sass/sass.dart.js:117750:19)]
    [at SelectorParser0._selector$_pseudoSelector$0 (/Users/tialarocha/Desktop/hydririvers-ops-dashboard/node_modules/sass/sass.dart.js:120263:21)]
    [at SelectorParser0._selector$_simpleSelector$1$allowParent (/Users/tialarocha/Desktop/hydririvers-ops-dashboard/node_modules/sass/sass.dart.js:120171:24)]
    [at SelectorParser0._selector$_compoundSelector$0 (/Users/tialarocha/Desktop/hydririvers-ops-dashboard/node_modules/sass/sass.dart.js:120142:31)]
    [at SelectorParser0._selector$_complexSelector$1$lineBreak (/Users/tialarocha/Desktop/hydririvers-ops-dashboard/node_modules/sass/sass.dart.js:120112:32)]
    [at SelectorParser0._selector$_complexSelector$0 (/Users/tialarocha/Desktop/hydririvers-ops-dashboard/node_modules/sass/sass.dart.js:120134:19)]

Import traces:
  Client Component Browser:
    ./src/app/[locale]/hy-ui-lab/icon-button/glass-test-backdrop.module.sass [Client Component Browser]
    ./src/app/[locale]/hy-ui-lab/icon-button/glass-test-backdrop.tsx [Client Component Browser]
    ./src/app/[locale]/hy-ui-lab/icon-button/icon-button-visual-lab.tsx [Client Component Browser]
    ./src/app/[locale]/hy-ui-lab/icon-button/icon-button-visual-lab.tsx [Server Component]
    ./src/app/[locale]/hy-ui-lab/icon-button/page.tsx [Server Component]

  Client Component SSR:
    ./src/app/[locale]/hy-ui-lab/icon-button/glass-test-backdrop.module.sass [Client Component SSR]
    ./src/app/[locale]/hy-ui-lab/icon-button/glass-test-backdrop.tsx [Client Component SSR]
    ./src/app/[locale]/hy-ui-lab/icon-button/icon-button-visual-lab.tsx [Client Component SSR]
    ./src/app/[locale]/hy-ui-lab/icon-button/icon-button-visual-lab.tsx [Server Component]
    ./src/app/[locale]/hy-ui-lab/icon-button/page.tsx [Server Component] @ http://localhost:3000/_next/static/chunks/node_modules_next_dist_0u_w_5s._.js:1945
[ 7906329ms] [ERROR] ./src/app/[locale]/hy-ui-lab/icon-button/glass-test-backdrop.module.sass
Error evaluating Node.js code
Error: Expected identifier.
   ╷
19 │ +  filter: blur(0.5px)
   │           ^
   ╵
  src/app/[locale]/hy-ui-lab/icon-button/glass-test-backdrop.module.sass 19:11  root stylesheet
  (from /Users/tialarocha/Desktop/hydririvers-ops-dashboard/node_modules/next/dist/build/webpack/loaders/resolve-url-loader/index.js, /Users/tialarocha/Desktop/hydririvers-ops-dashboard/node_modules/next/dist/compiled/sass-loader/cjs.js)
Caused by: Error: Expected identifier.
   ╷
19 │ +  filter: blur(0.5px)
   │           ^
   ╵
  src/app/[locale]/hy-ui-lab/icon-button/glass-test-backdrop.module.sass 19:11  root stylesheet
    [at Object.wrapException (/Users/tialarocha/Desktop/hydririvers-ops-dashboard/node_modules/sass/sass.dart.js:2337:47)]
    [at SpanScanner.error$3$length$position (/Users/tialarocha/Desktop/hydririvers-ops-dashboard/node_modules/sass/sass.dart.js:87427:15)]
    [at SpanScanner.error$1 (/Users/tialarocha/Desktop/hydririvers-ops-dashboard/node_modules/sass/sass.dart.js:87430:19)]
    [at SelectorParser0.identifier$2$normalize$unit (/Users/tialarocha/Desktop/hydririvers-ops-dashboard/node_modules/sass/sass.dart.js:117743:12)]
    [at SelectorParser0.identifier$0 (/Users/tialarocha/Desktop/hydririvers-ops-dashboard/node_modules/sass/sass.dart.js:117750:19)]
    [at SelectorParser0._selector$_pseudoSelector$0 (/Users/tialarocha/Desktop/hydririvers-ops-dashboard/node_modules/sass/sass.dart.js:120263:21)]
    [at SelectorParser0._selector$_simpleSelector$1$allowParent (/Users/tialarocha/Desktop/hydririvers-ops-dashboard/node_modules/sass/sass.dart.js:120171:24)]
    [at SelectorParser0._selector$_compoundSelector$0 (/Users/tialarocha/Desktop/hydririvers-ops-dashboard/node_modules/sass/sass.dart.js:120142:31)]
    [at SelectorParser0._selector$_complexSelector$1$lineBreak (/Users/tialarocha/Desktop/hydririvers-ops-dashboard/node_modules/sass/sass.dart.js:120112:32)]
    [at SelectorParser0._selector$_complexSelector$0 (/Users/tialarocha/Desktop/hydririvers-ops-dashboard/node_modules/sass/sass.dart.js:120134:19)]

Import traces:
  Client Component Browser:
    ./src/app/[locale]/hy-ui-lab/icon-button/glass-test-backdrop.module.sass [Client Component Browser]
    ./src/app/[locale]/hy-ui-lab/icon-button/glass-test-backdrop.tsx [Client Component Browser]
    ./src/app/[locale]/hy-ui-lab/icon-button/icon-button-visual-lab.tsx [Client Component Browser]
    ./src/app/[locale]/hy-ui-lab/icon-button/icon-button-visual-lab.tsx [Server Component]
    ./src/app/[locale]/hy-ui-lab/icon-button/page.tsx [Server Component]

  Client Component SSR:
    ./src/app/[locale]/hy-ui-lab/icon-button/glass-test-backdrop.module.sass [Client Component SSR]
    ./src/app/[locale]/hy-ui-lab/icon-button/glass-test-backdrop.tsx [Client Component SSR]
    ./src/app/[locale]/hy-ui-lab/icon-button/icon-button-visual-lab.tsx [Client Component SSR]
    ./src/app/[locale]/hy-ui-lab/icon-button/icon-button-visual-lab.tsx [Server Component]
    ./src/app/[locale]/hy-ui-lab/icon-button/page.tsx [Server Component] @ http://localhost:3000/_next/static/chunks/node_modules_next_dist_0u_w_5s._.js:1945
[ 7906376ms] [ERROR] Failed to load resource: the server responded with a status of 500 (Internal Server Error) @ http://localhost:3000/pt-BR/cargas:0
[ 7906816ms] [INFO] %cDownload the React DevTools for a better development experience: https://react.dev/link/react-devtools font-weight:bold @ http://localhost:3000/_next/static/chunks/node_modules_react-dom_0bruynb._.js:13920
[ 7906878ms] Error: ./src/app/[locale]/hy-ui-lab/icon-button/glass-test-backdrop.module.sass
Error evaluating Node.js code
Error: Expected identifier.
   ╷
19 │ +  filter: blur(0.5px)
   │           ^
   ╵
  src/app/[locale]/hy-ui-lab/icon-button/glass-test-backdrop.module.sass 19:11  root stylesheet
  (from /Users/tialarocha/Desktop/hydririvers-ops-dashboard/node_modules/next/dist/build/webpack/loaders/resolve-url-loader/index.js, /Users/tialarocha/Desktop/hydririvers-ops-dashboard/node_modules/next/dist/compiled/sass-loader/cjs.js)
Caused by: Error: Expected identifier.
   ╷
19 │ +  filter: blur(0.5px)
   │           ^
   ╵
  src/app/[locale]/hy-ui-lab/icon-button/glass-test-backdrop.module.sass 19:11  root stylesheet
    [at Object.wrapException (/Users/tialarocha/Desktop/hydririvers-ops-dashboard/node_modules/sass/sass.dart.js:2337:47)]
    [at SpanScanner.error$3$length$position (/Users/tialarocha/Desktop/hydririvers-ops-dashboard/node_modules/sass/sass.dart.js:87427:15)]
    [at SpanScanner.error$1 (/Users/tialarocha/Desktop/hydririvers-ops-dashboard/node_modules/sass/sass.dart.js:87430:19)]
    [at SelectorParser0.identifier$2$normalize$unit (/Users/tialarocha/Desktop/hydririvers-ops-dashboard/node_modules/sass/sass.dart.js:117743:12)]
    [at SelectorParser0.identifier$0 (/Users/tialarocha/Desktop/hydririvers-ops-dashboard/node_modules/sass/sass.dart.js:117750:19)]
    [at SelectorParser0._selector$_pseudoSelector$0 (/Users/tialarocha/Desktop/hydririvers-ops-dashboard/node_modules/sass/sass.dart.js:120263:21)]
    [at SelectorParser0._selector$_simpleSelector$1$allowParent (/Users/tialarocha/Desktop/hydririvers-ops-dashboard/node_modules/sass/sass.dart.js:120171:24)]
    [at SelectorParser0._selector$_compoundSelector$0 (/Users/tialarocha/Desktop/hydririvers-ops-dashboard/node_modules/sass/sass.dart.js:120142:31)]
    [at SelectorParser0._selector$_complexSelector$1$lineBreak (/Users/tialarocha/Desktop/hydririvers-ops-dashboard/node_modules/sass/sass.dart.js:120112:32)]
    [at SelectorParser0._selector$_complexSelector$0 (/Users/tialarocha/Desktop/hydririvers-ops-dashboard/node_modules/sass/sass.dart.js:120134:19)]

Import traces:
  Client Component Browser:
    ./src/app/[locale]/hy-ui-lab/icon-button/glass-test-backdrop.module.sass [Client Component Browser]
    ./src/app/[locale]/hy-ui-lab/icon-button/glass-test-backdrop.tsx [Client Component Browser]
    ./src/app/[locale]/hy-ui-lab/icon-button/icon-button-visual-lab.tsx [Client Component Browser]
    ./src/app/[locale]/hy-ui-lab/icon-button/icon-button-visual-lab.tsx [Server Component]
    ./src/app/[locale]/hy-ui-lab/icon-button/page.tsx [Server Component]

  Client Component SSR:
    ./src/app/[locale]/hy-ui-lab/icon-button/glass-test-backdrop.module.sass [Client Component SSR]
    ./src/app/[locale]/hy-ui-lab/icon-button/glass-test-backdrop.tsx [Client Component SSR]
    ./src/app/[locale]/hy-ui-lab/icon-button/icon-button-visual-lab.tsx [Client Component SSR]
    ./src/app/[locale]/hy-ui-lab/icon-button/icon-button-visual-lab.tsx [Server Component]
    ./src/app/[locale]/hy-ui-lab/icon-button/page.tsx [Server Component]


    at Object.getCompilationErrors (file:///Users/tialarocha/Desktop/hydririvers-ops-dashboard/node_modules/next/dist/server/dev/hot-reloader-turbopack.js:1186:59)
    at DevBundlerService.getCompilationError (file:///Users/tialarocha/Desktop/hydririvers-ops-dashboard/node_modules/next/dist/server/lib/dev-bundler-service.js:44:55)
    at DevServer.getCompilationError (file:///Users/tialarocha/Desktop/hydririvers-ops-dashboard/node_modules/next/dist/server/dev/next-dev-server.js:719:42)
    at DevServer.findPageComponents (file:///Users/tialarocha/Desktop/hydririvers-ops-dashboard/node_modules/next/dist/server/dev/next-dev-server.js:689:43)
    at async DevServer.renderErrorToResponseImpl (file:///Users/tialarocha/Desktop/hydririvers-ops-dashboard/node_modules/next/dist/server/base-server.js:1745:26)
[ 7907091ms] [LOG] [HMR] connected @ http://localhost:3000/_next/static/chunks/node_modules_next_dist_0u_w_5s._.js:1226
[ 7907096ms] [ERROR] ./src/app/[locale]/hy-ui-lab/icon-button/glass-test-backdrop.module.sass
Error evaluating Node.js code
Error: Expected identifier.
   ╷
19 │ +  filter: blur(0.5px)
   │           ^
   ╵
  src/app/[locale]/hy-ui-lab/icon-button/glass-test-backdrop.module.sass 19:11  root stylesheet
  (from /Users/tialarocha/Desktop/hydririvers-ops-dashboard/node_modules/next/dist/build/webpack/loaders/resolve-url-loader/index.js, /Users/tialarocha/Desktop/hydririvers-ops-dashboard/node_modules/next/dist/compiled/sass-loader/cjs.js)
Caused by: Error: Expected identifier.
   ╷
19 │ +  filter: blur(0.5px)
   │           ^
   ╵
  src/app/[locale]/hy-ui-lab/icon-button/glass-test-backdrop.module.sass 19:11  root stylesheet
    [at Object.wrapException (/Users/tialarocha/Desktop/hydririvers-ops-dashboard/node_modules/sass/sass.dart.js:2337:47)]
    [at SpanScanner.error$3$length$position (/Users/tialarocha/Desktop/hydririvers-ops-dashboard/node_modules/sass/sass.dart.js:87427:15)]
    [at SpanScanner.error$1 (/Users/tialarocha/Desktop/hydririvers-ops-dashboard/node_modules/sass/sass.dart.js:87430:19)]
    [at SelectorParser0.identifier$2$normalize$unit (/Users/tialarocha/Desktop/hydririvers-ops-dashboard/node_modules/sass/sass.dart.js:117743:12)]
    [at SelectorParser0.identifier$0 (/Users/tialarocha/Desktop/hydririvers-ops-dashboard/node_modules/sass/sass.dart.js:117750:19)]
    [at SelectorParser0._selector$_pseudoSelector$0 (/Users/tialarocha/Desktop/hydririvers-ops-dashboard/node_modules/sass/sass.dart.js:120263:21)]
    [at SelectorParser0._selector$_simpleSelector$1$allowParent (/Users/tialarocha/Desktop/hydririvers-ops-dashboard/node_modules/sass/sass.dart.js:120171:24)]
    [at SelectorParser0._selector$_compoundSelector$0 (/Users/tialarocha/Desktop/hydririvers-ops-dashboard/node_modules/sass/sass.dart.js:120142:31)]
    [at SelectorParser0._selector$_complexSelector$1$lineBreak (/Users/tialarocha/Desktop/hydririvers-ops-dashboard/node_modules/sass/sass.dart.js:120112:32)]
    [at SelectorParser0._selector$_complexSelector$0 (/Users/tialarocha/Desktop/hydririvers-ops-dashboard/node_modules/sass/sass.dart.js:120134:19)]

Import traces:
  Client Component Browser:
    ./src/app/[locale]/hy-ui-lab/icon-button/glass-test-backdrop.module.sass [Client Component Browser]
    ./src/app/[locale]/hy-ui-lab/icon-button/glass-test-backdrop.tsx [Client Component Browser]
    ./src/app/[locale]/hy-ui-lab/icon-button/icon-button-visual-lab.tsx [Client Component Browser]
    ./src/app/[locale]/hy-ui-lab/icon-button/icon-button-visual-lab.tsx [Server Component]
    ./src/app/[locale]/hy-ui-lab/icon-button/page.tsx [Server Component]

  Client Component SSR:
    ./src/app/[locale]/hy-ui-lab/icon-button/glass-test-backdrop.module.sass [Client Component SSR]
    ./src/app/[locale]/hy-ui-lab/icon-button/glass-test-backdrop.tsx [Client Component SSR]
    ./src/app/[locale]/hy-ui-lab/icon-button/icon-button-visual-lab.tsx [Client Component SSR]
    ./src/app/[locale]/hy-ui-lab/icon-button/icon-button-visual-lab.tsx [Server Component]
    ./src/app/[locale]/hy-ui-lab/icon-button/page.tsx [Server Component] @ http://localhost:3000/_next/static/chunks/node_modules_next_dist_0u_w_5s._.js:1945
[ 7907197ms] [LOG] [Fast Refresh] rebuilding @ http://localhost:3000/_next/static/chunks/node_modules_next_dist_0u_w_5s._.js:1226
[ 7907225ms] [ERROR] ./src/app/[locale]/hy-ui-lab/icon-button/glass-test-backdrop.module.sass
Error evaluating Node.js code
Error: Expected identifier.
   ╷
19 │ +  filter: blur(0.5px)
   │           ^
   ╵
  src/app/[locale]/hy-ui-lab/icon-button/glass-test-backdrop.module.sass 19:11  root stylesheet
  (from /Users/tialarocha/Desktop/hydririvers-ops-dashboard/node_modules/next/dist/build/webpack/loaders/resolve-url-loader/index.js, /Users/tialarocha/Desktop/hydririvers-ops-dashboard/node_modules/next/dist/compiled/sass-loader/cjs.js)
Caused by: Error: Expected identifier.
   ╷
19 │ +  filter: blur(0.5px)
   │           ^
   ╵
  src/app/[locale]/hy-ui-lab/icon-button/glass-test-backdrop.module.sass 19:11  root stylesheet
    [at Object.wrapException (/Users/tialarocha/Desktop/hydririvers-ops-dashboard/node_modules/sass/sass.dart.js:2337:47)]
    [at SpanScanner.error$3$length$position (/Users/tialarocha/Desktop/hydririvers-ops-dashboard/node_modules/sass/sass.dart.js:87427:15)]
    [at SpanScanner.error$1 (/Users/tialarocha/Desktop/hydririvers-ops-dashboard/node_modules/sass/sass.dart.js:87430:19)]
    [at SelectorParser0.identifier$2$normalize$unit (/Users/tialarocha/Desktop/hydririvers-ops-dashboard/node_modules/sass/sass.dart.js:117743:12)]
    [at SelectorParser0.identifier$0 (/Users/tialarocha/Desktop/hydririvers-ops-dashboard/node_modules/sass/sass.dart.js:117750:19)]
    [at SelectorParser0._selector$_pseudoSelector$0 (/Users/tialarocha/Desktop/hydririvers-ops-dashboard/node_modules/sass/sass.dart.js:120263:21)]
    [at SelectorParser0._selector$_simpleSelector$1$allowParent (/Users/tialarocha/Desktop/hydririvers-ops-dashboard/node_modules/sass/sass.dart.js:120171:24)]
    [at SelectorParser0._selector$_compoundSelector$0 (/Users/tialarocha/Desktop/hydririvers-ops-dashboard/node_modules/sass/sass.dart.js:120142:31)]
    [at SelectorParser0._selector$_complexSelector$1$lineBreak (/Users/tialarocha/Desktop/hydririvers-ops-dashboard/node_modules/sass/sass.dart.js:120112:32)]
    [at SelectorParser0._selector$_complexSelector$0 (/Users/tialarocha/Desktop/hydririvers-ops-dashboard/node_modules/sass/sass.dart.js:120134:19)]

Import traces:
  Client Component Browser:
    ./src/app/[locale]/hy-ui-lab/icon-button/glass-test-backdrop.module.sass [Client Component Browser]
    ./src/app/[locale]/hy-ui-lab/icon-button/glass-test-backdrop.tsx [Client Component Browser]
    ./src/app/[locale]/hy-ui-lab/icon-button/icon-button-visual-lab.tsx [Client Component Browser]
    ./src/app/[locale]/hy-ui-lab/icon-button/icon-button-visual-lab.tsx [Server Component]
    ./src/app/[locale]/hy-ui-lab/icon-button/page.tsx [Server Component]

  Client Component SSR:
    ./src/app/[locale]/hy-ui-lab/icon-button/glass-test-backdrop.module.sass [Client Component SSR]
    ./src/app/[locale]/hy-ui-lab/icon-button/glass-test-backdrop.tsx [Client Component SSR]
    ./src/app/[locale]/hy-ui-lab/icon-button/icon-button-visual-lab.tsx [Client Component SSR]
    ./src/app/[locale]/hy-ui-lab/icon-button/icon-button-visual-lab.tsx [Server Component]
    ./src/app/[locale]/hy-ui-lab/icon-button/page.tsx [Server Component] @ http://localhost:3000/_next/static/chunks/node_modules_next_dist_0u_w_5s._.js:1945
[ 7910500ms] [LOG] [Fast Refresh] rebuilding @ http://localhost:3000/_next/static/chunks/node_modules_next_dist_0u_w_5s._.js:1226
[ 7910648ms] [ERROR] ./src/app/[locale]/hy-ui-lab/icon-button/glass-test-backdrop.module.sass
Error evaluating Node.js code
Error: Expected identifier.
   ╷
19 │ +  filter: blur(0.5px)
   │           ^
   ╵
  src/app/[locale]/hy-ui-lab/icon-button/glass-test-backdrop.module.sass 19:11  root stylesheet
  (from /Users/tialarocha/Desktop/hydririvers-ops-dashboard/node_modules/next/dist/build/webpack/loaders/resolve-url-loader/index.js, /Users/tialarocha/Desktop/hydririvers-ops-dashboard/node_modules/next/dist/compiled/sass-loader/cjs.js)
Caused by: Error: Expected identifier.
   ╷
19 │ +  filter: blur(0.5px)
   │           ^
   ╵
  src/app/[locale]/hy-ui-lab/icon-button/glass-test-backdrop.module.sass 19:11  root stylesheet
    [at Object.wrapException (/Users/tialarocha/Desktop/hydririvers-ops-dashboard/node_modules/sass/sass.dart.js:2337:47)]
    [at SpanScanner.error$3$length$position (/Users/tialarocha/Desktop/hydririvers-ops-dashboard/node_modules/sass/sass.dart.js:87427:15)]
    [at SpanScanner.error$1 (/Users/tialarocha/Desktop/hydririvers-ops-dashboard/node_modules/sass/sass.dart.js:87430:19)]
    [at SelectorParser0.identifier$2$normalize$unit (/Users/tialarocha/Desktop/hydririvers-ops-dashboard/node_modules/sass/sass.dart.js:117743:12)]
    [at SelectorParser0.identifier$0 (/Users/tialarocha/Desktop/hydririvers-ops-dashboard/node_modules/sass/sass.dart.js:117750:19)]
    [at SelectorParser0._selector$_pseudoSelector$0 (/Users/tialarocha/Desktop/hydririvers-ops-dashboard/node_modules/sass/sass.dart.js:120263:21)]
    [at SelectorParser0._selector$_simpleSelector$1$allowParent (/Users/tialarocha/Desktop/hydririvers-ops-dashboard/node_modules/sass/sass.dart.js:120171:24)]
    [at SelectorParser0._selector$_compoundSelector$0 (/Users/tialarocha/Desktop/hydririvers-ops-dashboard/node_modules/sass/sass.dart.js:120142:31)]
    [at SelectorParser0._selector$_complexSelector$1$lineBreak (/Users/tialarocha/Desktop/hydririvers-ops-dashboard/node_modules/sass/sass.dart.js:120112:32)]
    [at SelectorParser0._selector$_complexSelector$0 (/Users/tialarocha/Desktop/hydririvers-ops-dashboard/node_modules/sass/sass.dart.js:120134:19)]

Import traces:
  Client Component Browser:
    ./src/app/[locale]/hy-ui-lab/icon-button/glass-test-backdrop.module.sass [Client Component Browser]
    ./src/app/[locale]/hy-ui-lab/icon-button/glass-test-backdrop.tsx [Client Component Browser]
    ./src/app/[locale]/hy-ui-lab/icon-button/icon-button-visual-lab.tsx [Client Component Browser]
    ./src/app/[locale]/hy-ui-lab/icon-button/icon-button-visual-lab.tsx [Server Component]
    ./src/app/[locale]/hy-ui-lab/icon-button/page.tsx [Server Component]

  Client Component SSR:
    ./src/app/[locale]/hy-ui-lab/icon-button/glass-test-backdrop.module.sass [Client Component SSR]
    ./src/app/[locale]/hy-ui-lab/icon-button/glass-test-backdrop.tsx [Client Component SSR]
    ./src/app/[locale]/hy-ui-lab/icon-button/icon-button-visual-lab.tsx [Client Component SSR]
    ./src/app/[locale]/hy-ui-lab/icon-button/icon-button-visual-lab.tsx [Server Component]
    ./src/app/[locale]/hy-ui-lab/icon-button/page.tsx [Server Component] @ http://localhost:3000/_next/static/chunks/node_modules_next_dist_0u_w_5s._.js:1945
[ 7911084ms] [LOG] [Fast Refresh] rebuilding @ http://localhost:3000/_next/static/chunks/node_modules_next_dist_0u_w_5s._.js:1226
[ 7911098ms] [ERROR] ./src/app/[locale]/hy-ui-lab/icon-button/glass-test-backdrop.module.sass
Error evaluating Node.js code
Error: Expected identifier.
   ╷
19 │ +  filter: blur(0.5px)
   │           ^
   ╵
  src/app/[locale]/hy-ui-lab/icon-button/glass-test-backdrop.module.sass 19:11  root stylesheet
  (from /Users/tialarocha/Desktop/hydririvers-ops-dashboard/node_modules/next/dist/build/webpack/loaders/resolve-url-loader/index.js, /Users/tialarocha/Desktop/hydririvers-ops-dashboard/node_modules/next/dist/compiled/sass-loader/cjs.js)
Caused by: Error: Expected identifier.
   ╷
19 │ +  filter: blur(0.5px)
   │           ^
   ╵
  src/app/[locale]/hy-ui-lab/icon-button/glass-test-backdrop.module.sass 19:11  root stylesheet
    [at Object.wrapException (/Users/tialarocha/Desktop/hydririvers-ops-dashboard/node_modules/sass/sass.dart.js:2337:47)]
    [at SpanScanner.error$3$length$position (/Users/tialarocha/Desktop/hydririvers-ops-dashboard/node_modules/sass/sass.dart.js:87427:15)]
    [at SpanScanner.error$1 (/Users/tialarocha/Desktop/hydririvers-ops-dashboard/node_modules/sass/sass.dart.js:87430:19)]
    [at SelectorParser0.identifier$2$normalize$unit (/Users/tialarocha/Desktop/hydririvers-ops-dashboard/node_modules/sass/sass.dart.js:117743:12)]
    [at SelectorParser0.identifier$0 (/Users/tialarocha/Desktop/hydririvers-ops-dashboard/node_modules/sass/sass.dart.js:117750:19)]
    [at SelectorParser0._selector$_pseudoSelector$0 (/Users/tialarocha/Desktop/hydririvers-ops-dashboard/node_modules/sass/sass.dart.js:120263:21)]
    [at SelectorParser0._selector$_simpleSelector$1$allowParent (/Users/tialarocha/Desktop/hydririvers-ops-dashboard/node_modules/sass/sass.dart.js:120171:24)]
    [at SelectorParser0._selector$_compoundSelector$0 (/Users/tialarocha/Desktop/hydririvers-ops-dashboard/node_modules/sass/sass.dart.js:120142:31)]
    [at SelectorParser0._selector$_complexSelector$1$lineBreak (/Users/tialarocha/Desktop/hydririvers-ops-dashboard/node_modules/sass/sass.dart.js:120112:32)]
    [at SelectorParser0._selector$_complexSelector$0 (/Users/tialarocha/Desktop/hydririvers-ops-dashboard/node_modules/sass/sass.dart.js:120134:19)]

Import traces:
  Client Component Browser:
    ./src/app/[locale]/hy-ui-lab/icon-button/glass-test-backdrop.module.sass [Client Component Browser]
    ./src/app/[locale]/hy-ui-lab/icon-button/glass-test-backdrop.tsx [Client Component Browser]
    ./src/app/[locale]/hy-ui-lab/icon-button/icon-button-visual-lab.tsx [Client Component Browser]
    ./src/app/[locale]/hy-ui-lab/icon-button/icon-button-visual-lab.tsx [Server Component]
    ./src/app/[locale]/hy-ui-lab/icon-button/page.tsx [Server Component]

  Client Component SSR:
    ./src/app/[locale]/hy-ui-lab/icon-button/glass-test-backdrop.module.sass [Client Component SSR]
    ./src/app/[locale]/hy-ui-lab/icon-button/glass-test-backdrop.tsx [Client Component SSR]
    ./src/app/[locale]/hy-ui-lab/icon-button/icon-button-visual-lab.tsx [Client Component SSR]
    ./src/app/[locale]/hy-ui-lab/icon-button/icon-button-visual-lab.tsx [Server Component]
    ./src/app/[locale]/hy-ui-lab/icon-button/page.tsx [Server Component] @ http://localhost:3000/_next/static/chunks/node_modules_next_dist_0u_w_5s._.js:1945
[ 7911248ms] [ERROR] Failed to load resource: the server responded with a status of 500 (Internal Server Error) @ http://localhost:3000/pt-BR/cargas:0
[ 7911567ms] [INFO] %cDownload the React DevTools for a better development experience: https://react.dev/link/react-devtools font-weight:bold @ http://localhost:3000/_next/static/chunks/node_modules_react-dom_0bruynb._.js:13920
[ 7911613ms] Error: ./src/app/[locale]/hy-ui-lab/icon-button/glass-test-backdrop.module.sass
Error evaluating Node.js code
Error: Expected identifier.
   ╷
19 │ +  filter: blur(0.5px)
   │           ^
   ╵
  src/app/[locale]/hy-ui-lab/icon-button/glass-test-backdrop.module.sass 19:11  root stylesheet
  (from /Users/tialarocha/Desktop/hydririvers-ops-dashboard/node_modules/next/dist/build/webpack/loaders/resolve-url-loader/index.js, /Users/tialarocha/Desktop/hydririvers-ops-dashboard/node_modules/next/dist/compiled/sass-loader/cjs.js)
Caused by: Error: Expected identifier.
   ╷
19 │ +  filter: blur(0.5px)
   │           ^
   ╵
  src/app/[locale]/hy-ui-lab/icon-button/glass-test-backdrop.module.sass 19:11  root stylesheet
    [at Object.wrapException (/Users/tialarocha/Desktop/hydririvers-ops-dashboard/node_modules/sass/sass.dart.js:2337:47)]
    [at SpanScanner.error$3$length$position (/Users/tialarocha/Desktop/hydririvers-ops-dashboard/node_modules/sass/sass.dart.js:87427:15)]
    [at SpanScanner.error$1 (/Users/tialarocha/Desktop/hydririvers-ops-dashboard/node_modules/sass/sass.dart.js:87430:19)]
    [at SelectorParser0.identifier$2$normalize$unit (/Users/tialarocha/Desktop/hydririvers-ops-dashboard/node_modules/sass/sass.dart.js:117743:12)]
    [at SelectorParser0.identifier$0 (/Users/tialarocha/Desktop/hydririvers-ops-dashboard/node_modules/sass/sass.dart.js:117750:19)]
    [at SelectorParser0._selector$_pseudoSelector$0 (/Users/tialarocha/Desktop/hydririvers-ops-dashboard/node_modules/sass/sass.dart.js:120263:21)]
    [at SelectorParser0._selector$_simpleSelector$1$allowParent (/Users/tialarocha/Desktop/hydririvers-ops-dashboard/node_modules/sass/sass.dart.js:120171:24)]
    [at SelectorParser0._selector$_compoundSelector$0 (/Users/tialarocha/Desktop/hydririvers-ops-dashboard/node_modules/sass/sass.dart.js:120142:31)]
    [at SelectorParser0._selector$_complexSelector$1$lineBreak (/Users/tialarocha/Desktop/hydririvers-ops-dashboard/node_modules/sass/sass.dart.js:120112:32)]
    [at SelectorParser0._selector$_complexSelector$0 (/Users/tialarocha/Desktop/hydririvers-ops-dashboard/node_modules/sass/sass.dart.js:120134:19)]

Import traces:
  Client Component Browser:
    ./src/app/[locale]/hy-ui-lab/icon-button/glass-test-backdrop.module.sass [Client Component Browser]
    ./src/app/[locale]/hy-ui-lab/icon-button/glass-test-backdrop.tsx [Client Component Browser]
    ./src/app/[locale]/hy-ui-lab/icon-button/icon-button-visual-lab.tsx [Client Component Browser]
    ./src/app/[locale]/hy-ui-lab/icon-button/icon-button-visual-lab.tsx [Server Component]
    ./src/app/[locale]/hy-ui-lab/icon-button/page.tsx [Server Component]

  Client Component SSR:
    ./src/app/[locale]/hy-ui-lab/icon-button/glass-test-backdrop.module.sass [Client Component SSR]
    ./src/app/[locale]/hy-ui-lab/icon-button/glass-test-backdrop.tsx [Client Component SSR]
    ./src/app/[locale]/hy-ui-lab/icon-button/icon-button-visual-lab.tsx [Client Component SSR]
    ./src/app/[locale]/hy-ui-lab/icon-button/icon-button-visual-lab.tsx [Server Component]
    ./src/app/[locale]/hy-ui-lab/icon-button/page.tsx [Server Component]


    at Object.getCompilationErrors (file:///Users/tialarocha/Desktop/hydririvers-ops-dashboard/node_modules/next/dist/server/dev/hot-reloader-turbopack.js:1186:59)
    at DevBundlerService.getCompilationError (file:///Users/tialarocha/Desktop/hydririvers-ops-dashboard/node_modules/next/dist/server/lib/dev-bundler-service.js:44:55)
    at DevServer.getCompilationError (file:///Users/tialarocha/Desktop/hydririvers-ops-dashboard/node_modules/next/dist/server/dev/next-dev-server.js:719:42)
    at DevServer.findPageComponents (file:///Users/tialarocha/Desktop/hydririvers-ops-dashboard/node_modules/next/dist/server/dev/next-dev-server.js:689:43)
    at async DevServer.renderErrorToResponseImpl (file:///Users/tialarocha/Desktop/hydririvers-ops-dashboard/node_modules/next/dist/server/base-server.js:1745:26)
[ 7911633ms] [LOG] [HMR] connected @ http://localhost:3000/_next/static/chunks/node_modules_next_dist_0u_w_5s._.js:1226
[ 7911665ms] [ERROR] ./src/app/[locale]/hy-ui-lab/icon-button/glass-test-backdrop.module.sass
Error evaluating Node.js code
Error: Expected identifier.
   ╷
19 │ +  filter: blur(0.5px)
   │           ^
   ╵
  src/app/[locale]/hy-ui-lab/icon-button/glass-test-backdrop.module.sass 19:11  root stylesheet
  (from /Users/tialarocha/Desktop/hydririvers-ops-dashboard/node_modules/next/dist/build/webpack/loaders/resolve-url-loader/index.js, /Users/tialarocha/Desktop/hydririvers-ops-dashboard/node_modules/next/dist/compiled/sass-loader/cjs.js)
Caused by: Error: Expected identifier.
   ╷
19 │ +  filter: blur(0.5px)
   │           ^
   ╵
  src/app/[locale]/hy-ui-lab/icon-button/glass-test-backdrop.module.sass 19:11  root stylesheet
    [at Object.wrapException (/Users/tialarocha/Desktop/hydririvers-ops-dashboard/node_modules/sass/sass.dart.js:2337:47)]
    [at SpanScanner.error$3$length$position (/Users/tialarocha/Desktop/hydririvers-ops-dashboard/node_modules/sass/sass.dart.js:87427:15)]
    [at SpanScanner.error$1 (/Users/tialarocha/Desktop/hydririvers-ops-dashboard/node_modules/sass/sass.dart.js:87430:19)]
    [at SelectorParser0.identifier$2$normalize$unit (/Users/tialarocha/Desktop/hydririvers-ops-dashboard/node_modules/sass/sass.dart.js:117743:12)]
    [at SelectorParser0.identifier$0 (/Users/tialarocha/Desktop/hydririvers-ops-dashboard/node_modules/sass/sass.dart.js:117750:19)]
    [at SelectorParser0._selector$_pseudoSelector$0 (/Users/tialarocha/Desktop/hydririvers-ops-dashboard/node_modules/sass/sass.dart.js:120263:21)]
    [at SelectorParser0._selector$_simpleSelector$1$allowParent (/Users/tialarocha/Desktop/hydririvers-ops-dashboard/node_modules/sass/sass.dart.js:120171:24)]
    [at SelectorParser0._selector$_compoundSelector$0 (/Users/tialarocha/Desktop/hydririvers-ops-dashboard/node_modules/sass/sass.dart.js:120142:31)]
    [at SelectorParser0._selector$_complexSelector$1$lineBreak (/Users/tialarocha/Desktop/hydririvers-ops-dashboard/node_modules/sass/sass.dart.js:120112:32)]
    [at SelectorParser0._selector$_complexSelector$0 (/Users/tialarocha/Desktop/hydririvers-ops-dashboard/node_modules/sass/sass.dart.js:120134:19)]

Import traces:
  Client Component Browser:
    ./src/app/[locale]/hy-ui-lab/icon-button/glass-test-backdrop.module.sass [Client Component Browser]
    ./src/app/[locale]/hy-ui-lab/icon-button/glass-test-backdrop.tsx [Client Component Browser]
    ./src/app/[locale]/hy-ui-lab/icon-button/icon-button-visual-lab.tsx [Client Component Browser]
    ./src/app/[locale]/hy-ui-lab/icon-button/icon-button-visual-lab.tsx [Server Component]
    ./src/app/[locale]/hy-ui-lab/icon-button/page.tsx [Server Component]

  Client Component SSR:
    ./src/app/[locale]/hy-ui-lab/icon-button/glass-test-backdrop.module.sass [Client Component SSR]
    ./src/app/[locale]/hy-ui-lab/icon-button/glass-test-backdrop.tsx [Client Component SSR]
    ./src/app/[locale]/hy-ui-lab/icon-button/icon-button-visual-lab.tsx [Client Component SSR]
    ./src/app/[locale]/hy-ui-lab/icon-button/icon-button-visual-lab.tsx [Server Component]
    ./src/app/[locale]/hy-ui-lab/icon-button/page.tsx [Server Component] @ http://localhost:3000/_next/static/chunks/node_modules_next_dist_0u_w_5s._.js:1945
[ 7911717ms] [ERROR] ./src/app/[locale]/hy-ui-lab/icon-button/glass-test-backdrop.module.sass
Error evaluating Node.js code
Error: Expected identifier.
   ╷
19 │ +  filter: blur(0.5px)
   │           ^
   ╵
  src/app/[locale]/hy-ui-lab/icon-button/glass-test-backdrop.module.sass 19:11  root stylesheet
  (from /Users/tialarocha/Desktop/hydririvers-ops-dashboard/node_modules/next/dist/build/webpack/loaders/resolve-url-loader/index.js, /Users/tialarocha/Desktop/hydririvers-ops-dashboard/node_modules/next/dist/compiled/sass-loader/cjs.js)
Caused by: Error: Expected identifier.
   ╷
19 │ +  filter: blur(0.5px)
   │           ^
   ╵
  src/app/[locale]/hy-ui-lab/icon-button/glass-test-backdrop.module.sass 19:11  root stylesheet
    [at Object.wrapException (/Users/tialarocha/Desktop/hydririvers-ops-dashboard/node_modules/sass/sass.dart.js:2337:47)]
    [at SpanScanner.error$3$length$position (/Users/tialarocha/Desktop/hydririvers-ops-dashboard/node_modules/sass/sass.dart.js:87427:15)]
    [at SpanScanner.error$1 (/Users/tialarocha/Desktop/hydririvers-ops-dashboard/node_modules/sass/sass.dart.js:87430:19)]
    [at SelectorParser0.identifier$2$normalize$unit (/Users/tialarocha/Desktop/hydririvers-ops-dashboard/node_modules/sass/sass.dart.js:117743:12)]
    [at SelectorParser0.identifier$0 (/Users/tialarocha/Desktop/hydririvers-ops-dashboard/node_modules/sass/sass.dart.js:117750:19)]
    [at SelectorParser0._selector$_pseudoSelector$0 (/Users/tialarocha/Desktop/hydririvers-ops-dashboard/node_modules/sass/sass.dart.js:120263:21)]
    [at SelectorParser0._selector$_simpleSelector$1$allowParent (/Users/tialarocha/Desktop/hydririvers-ops-dashboard/node_modules/sass/sass.dart.js:120171:24)]
    [at SelectorParser0._selector$_compoundSelector$0 (/Users/tialarocha/Desktop/hydririvers-ops-dashboard/node_modules/sass/sass.dart.js:120142:31)]
    [at SelectorParser0._selector$_complexSelector$1$lineBreak (/Users/tialarocha/Desktop/hydririvers-ops-dashboard/node_modules/sass/sass.dart.js:120112:32)]
    [at SelectorParser0._selector$_complexSelector$0 (/Users/tialarocha/Desktop/hydririvers-ops-dashboard/node_modules/sass/sass.dart.js:120134:19)]

Import traces:
  Client Component Browser:
    ./src/app/[locale]/hy-ui-lab/icon-button/glass-test-backdrop.module.sass [Client Component Browser]
    ./src/app/[locale]/hy-ui-lab/icon-button/glass-test-backdrop.tsx [Client Component Browser]
    ./src/app/[locale]/hy-ui-lab/icon-button/icon-button-visual-lab.tsx [Client Component Browser]
    ./src/app/[locale]/hy-ui-lab/icon-button/icon-button-visual-lab.tsx [Server Component]
    ./src/app/[locale]/hy-ui-lab/icon-button/page.tsx [Server Component]

  Client Component SSR:
    ./src/app/[locale]/hy-ui-lab/icon-button/glass-test-backdrop.module.sass [Client Component SSR]
    ./src/app/[locale]/hy-ui-lab/icon-button/glass-test-backdrop.tsx [Client Component SSR]
    ./src/app/[locale]/hy-ui-lab/icon-button/icon-button-visual-lab.tsx [Client Component SSR]
    ./src/app/[locale]/hy-ui-lab/icon-button/icon-button-visual-lab.tsx [Server Component]
    ./src/app/[locale]/hy-ui-lab/icon-button/page.tsx [Server Component] @ http://localhost:3000/_next/static/chunks/node_modules_next_dist_0u_w_5s._.js:1945
[ 7911724ms] [ERROR] ./src/app/[locale]/hy-ui-lab/icon-button/glass-test-backdrop.module.sass
Error evaluating Node.js code
Error: Expected identifier.
   ╷
19 │ +  filter: blur(0.5px)
   │           ^
   ╵
  src/app/[locale]/hy-ui-lab/icon-button/glass-test-backdrop.module.sass 19:11  root stylesheet
  (from /Users/tialarocha/Desktop/hydririvers-ops-dashboard/node_modules/next/dist/build/webpack/loaders/resolve-url-loader/index.js, /Users/tialarocha/Desktop/hydririvers-ops-dashboard/node_modules/next/dist/compiled/sass-loader/cjs.js)
Caused by: Error: Expected identifier.
   ╷
19 │ +  filter: blur(0.5px)
   │           ^
   ╵
  src/app/[locale]/hy-ui-lab/icon-button/glass-test-backdrop.module.sass 19:11  root stylesheet
    [at Object.wrapException (/Users/tialarocha/Desktop/hydririvers-ops-dashboard/node_modules/sass/sass.dart.js:2337:47)]
    [at SpanScanner.error$3$length$position (/Users/tialarocha/Desktop/hydririvers-ops-dashboard/node_modules/sass/sass.dart.js:87427:15)]
    [at SpanScanner.error$1 (/Users/tialarocha/Desktop/hydririvers-ops-dashboard/node_modules/sass/sass.dart.js:87430:19)]
    [at SelectorParser0.identifier$2$normalize$unit (/Users/tialarocha/Desktop/hydririvers-ops-dashboard/node_modules/sass/sass.dart.js:117743:12)]
    [at SelectorParser0.identifier$0 (/Users/tialarocha/Desktop/hydririvers-ops-dashboard/node_modules/sass/sass.dart.js:117750:19)]
    [at SelectorParser0._selector$_pseudoSelector$0 (/Users/tialarocha/Desktop/hydririvers-ops-dashboard/node_modules/sass/sass.dart.js:120263:21)]
    [at SelectorParser0._selector$_simpleSelector$1$allowParent (/Users/tialarocha/Desktop/hydririvers-ops-dashboard/node_modules/sass/sass.dart.js:120171:24)]
    [at SelectorParser0._selector$_compoundSelector$0 (/Users/tialarocha/Desktop/hydririvers-ops-dashboard/node_modules/sass/sass.dart.js:120142:31)]
    [at SelectorParser0._selector$_complexSelector$1$lineBreak (/Users/tialarocha/Desktop/hydririvers-ops-dashboard/node_modules/sass/sass.dart.js:120112:32)]
    [at SelectorParser0._selector$_complexSelector$0 (/Users/tialarocha/Desktop/hydririvers-ops-dashboard/node_modules/sass/sass.dart.js:120134:19)]

Import traces:
  Client Component Browser:
    ./src/app/[locale]/hy-ui-lab/icon-button/glass-test-backdrop.module.sass [Client Component Browser]
    ./src/app/[locale]/hy-ui-lab/icon-button/glass-test-backdrop.tsx [Client Component Browser]
    ./src/app/[locale]/hy-ui-lab/icon-button/icon-button-visual-lab.tsx [Client Component Browser]
    ./src/app/[locale]/hy-ui-lab/icon-button/icon-button-visual-lab.tsx [Server Component]
    ./src/app/[locale]/hy-ui-lab/icon-button/page.tsx [Server Component]

  Client Component SSR:
    ./src/app/[locale]/hy-ui-lab/icon-button/glass-test-backdrop.module.sass [Client Component SSR]
    ./src/app/[locale]/hy-ui-lab/icon-button/glass-test-backdrop.tsx [Client Component SSR]
    ./src/app/[locale]/hy-ui-lab/icon-button/icon-button-visual-lab.tsx [Client Component SSR]
    ./src/app/[locale]/hy-ui-lab/icon-button/icon-button-visual-lab.tsx [Server Component]
    ./src/app/[locale]/hy-ui-lab/icon-button/page.tsx [Server Component] @ http://localhost:3000/_next/static/chunks/node_modules_next_dist_0u_w_5s._.js:1945
[ 7911809ms] [LOG] [Fast Refresh] rebuilding @ http://localhost:3000/_next/static/chunks/node_modules_next_dist_0u_w_5s._.js:1226
[ 7911921ms] [ERROR] ./src/app/[locale]/hy-ui-lab/icon-button/glass-test-backdrop.module.sass
Error evaluating Node.js code
Error: Expected identifier.
   ╷
19 │ +  filter: blur(0.5px)
   │           ^
   ╵
  src/app/[locale]/hy-ui-lab/icon-button/glass-test-backdrop.module.sass 19:11  root stylesheet
  (from /Users/tialarocha/Desktop/hydririvers-ops-dashboard/node_modules/next/dist/build/webpack/loaders/resolve-url-loader/index.js, /Users/tialarocha/Desktop/hydririvers-ops-dashboard/node_modules/next/dist/compiled/sass-loader/cjs.js)
Caused by: Error: Expected identifier.
   ╷
19 │ +  filter: blur(0.5px)
   │           ^
   ╵
  src/app/[locale]/hy-ui-lab/icon-button/glass-test-backdrop.module.sass 19:11  root stylesheet
    [at Object.wrapException (/Users/tialarocha/Desktop/hydririvers-ops-dashboard/node_modules/sass/sass.dart.js:2337:47)]
    [at SpanScanner.error$3$length$position (/Users/tialarocha/Desktop/hydririvers-ops-dashboard/node_modules/sass/sass.dart.js:87427:15)]
    [at SpanScanner.error$1 (/Users/tialarocha/Desktop/hydririvers-ops-dashboard/node_modules/sass/sass.dart.js:87430:19)]
    [at SelectorParser0.identifier$2$normalize$unit (/Users/tialarocha/Desktop/hydririvers-ops-dashboard/node_modules/sass/sass.dart.js:117743:12)]
    [at SelectorParser0.identifier$0 (/Users/tialarocha/Desktop/hydririvers-ops-dashboard/node_modules/sass/sass.dart.js:117750:19)]
    [at SelectorParser0._selector$_pseudoSelector$0 (/Users/tialarocha/Desktop/hydririvers-ops-dashboard/node_modules/sass/sass.dart.js:120263:21)]
    [at SelectorParser0._selector$_simpleSelector$1$allowParent (/Users/tialarocha/Desktop/hydririvers-ops-dashboard/node_modules/sass/sass.dart.js:120171:24)]
    [at SelectorParser0._selector$_compoundSelector$0 (/Users/tialarocha/Desktop/hydririvers-ops-dashboard/node_modules/sass/sass.dart.js:120142:31)]
    [at SelectorParser0._selector$_complexSelector$1$lineBreak (/Users/tialarocha/Desktop/hydririvers-ops-dashboard/node_modules/sass/sass.dart.js:120112:32)]
    [at SelectorParser0._selector$_complexSelector$0 (/Users/tialarocha/Desktop/hydririvers-ops-dashboard/node_modules/sass/sass.dart.js:120134:19)]

Import traces:
  Client Component Browser:
    ./src/app/[locale]/hy-ui-lab/icon-button/glass-test-backdrop.module.sass [Client Component Browser]
    ./src/app/[locale]/hy-ui-lab/icon-button/glass-test-backdrop.tsx [Client Component Browser]
    ./src/app/[locale]/hy-ui-lab/icon-button/icon-button-visual-lab.tsx [Client Component Browser]
    ./src/app/[locale]/hy-ui-lab/icon-button/icon-button-visual-lab.tsx [Server Component]
    ./src/app/[locale]/hy-ui-lab/icon-button/page.tsx [Server Component]

  Client Component SSR:
    ./src/app/[locale]/hy-ui-lab/icon-button/glass-test-backdrop.module.sass [Client Component SSR]
    ./src/app/[locale]/hy-ui-lab/icon-button/glass-test-backdrop.tsx [Client Component SSR]
    ./src/app/[locale]/hy-ui-lab/icon-button/icon-button-visual-lab.tsx [Client Component SSR]
    ./src/app/[locale]/hy-ui-lab/icon-button/icon-button-visual-lab.tsx [Server Component]
    ./src/app/[locale]/hy-ui-lab/icon-button/page.tsx [Server Component] @ http://localhost:3000/_next/static/chunks/node_modules_next_dist_0u_w_5s._.js:1945
[ 7911977ms] [LOG] [Fast Refresh] rebuilding @ http://localhost:3000/_next/static/chunks/node_modules_next_dist_0u_w_5s._.js:1226
[ 7912050ms] [ERROR] ./src/app/[locale]/hy-ui-lab/icon-button/glass-test-backdrop.module.sass
Error evaluating Node.js code
Error: Expected identifier.
   ╷
19 │ +  filter: blur(0.5px)
   │           ^
   ╵
  src/app/[locale]/hy-ui-lab/icon-button/glass-test-backdrop.module.sass 19:11  root stylesheet
  (from /Users/tialarocha/Desktop/hydririvers-ops-dashboard/node_modules/next/dist/build/webpack/loaders/resolve-url-loader/index.js, /Users/tialarocha/Desktop/hydririvers-ops-dashboard/node_modules/next/dist/compiled/sass-loader/cjs.js)
Caused by: Error: Expected identifier.
   ╷
19 │ +  filter: blur(0.5px)
   │           ^
   ╵
  src/app/[locale]/hy-ui-lab/icon-button/glass-test-backdrop.module.sass 19:11  root stylesheet
    [at Object.wrapException (/Users/tialarocha/Desktop/hydririvers-ops-dashboard/node_modules/sass/sass.dart.js:2337:47)]
    [at SpanScanner.error$3$length$position (/Users/tialarocha/Desktop/hydririvers-ops-dashboard/node_modules/sass/sass.dart.js:87427:15)]
    [at SpanScanner.error$1 (/Users/tialarocha/Desktop/hydririvers-ops-dashboard/node_modules/sass/sass.dart.js:87430:19)]
    [at SelectorParser0.identifier$2$normalize$unit (/Users/tialarocha/Desktop/hydririvers-ops-dashboard/node_modules/sass/sass.dart.js:117743:12)]
    [at SelectorParser0.identifier$0 (/Users/tialarocha/Desktop/hydririvers-ops-dashboard/node_modules/sass/sass.dart.js:117750:19)]
    [at SelectorParser0._selector$_pseudoSelector$0 (/Users/tialarocha/Desktop/hydririvers-ops-dashboard/node_modules/sass/sass.dart.js:120263:21)]
    [at SelectorParser0._selector$_simpleSelector$1$allowParent (/Users/tialarocha/Desktop/hydririvers-ops-dashboard/node_modules/sass/sass.dart.js:120171:24)]
    [at SelectorParser0._selector$_compoundSelector$0 (/Users/tialarocha/Desktop/hydririvers-ops-dashboard/node_modules/sass/sass.dart.js:120142:31)]
    [at SelectorParser0._selector$_complexSelector$1$lineBreak (/Users/tialarocha/Desktop/hydririvers-ops-dashboard/node_modules/sass/sass.dart.js:120112:32)]
    [at SelectorParser0._selector$_complexSelector$0 (/Users/tialarocha/Desktop/hydririvers-ops-dashboard/node_modules/sass/sass.dart.js:120134:19)]

Import traces:
  Client Component Browser:
    ./src/app/[locale]/hy-ui-lab/icon-button/glass-test-backdrop.module.sass [Client Component Browser]
    ./src/app/[locale]/hy-ui-lab/icon-button/glass-test-backdrop.tsx [Client Component Browser]
    ./src/app/[locale]/hy-ui-lab/icon-button/icon-button-visual-lab.tsx [Client Component Browser]
    ./src/app/[locale]/hy-ui-lab/icon-button/icon-button-visual-lab.tsx [Server Component]
    ./src/app/[locale]/hy-ui-lab/icon-button/page.tsx [Server Component]

  Client Component SSR:
    ./src/app/[locale]/hy-ui-lab/icon-button/glass-test-backdrop.module.sass [Client Component SSR]
    ./src/app/[locale]/hy-ui-lab/icon-button/glass-test-backdrop.tsx [Client Component SSR]
    ./src/app/[locale]/hy-ui-lab/icon-button/icon-button-visual-lab.tsx [Client Component SSR]
    ./src/app/[locale]/hy-ui-lab/icon-button/icon-button-visual-lab.tsx [Server Component]
    ./src/app/[locale]/hy-ui-lab/icon-button/page.tsx [Server Component] @ http://localhost:3000/_next/static/chunks/node_modules_next_dist_0u_w_5s._.js:1945
[ 7912097ms] [LOG] [Fast Refresh] rebuilding @ http://localhost:3000/_next/static/chunks/node_modules_next_dist_0u_w_5s._.js:1226
[ 7912199ms] [LOG] [Fast Refresh] rebuilding @ http://localhost:3000/_next/static/chunks/node_modules_next_dist_0u_w_5s._.js:1226
[ 7912281ms] [ERROR] ./src/app/[locale]/hy-ui-lab/icon-button/glass-test-backdrop.module.sass
Error evaluating Node.js code
Error: Expected identifier.
   ╷
19 │ +  filter: blur(0.5px)
   │           ^
   ╵
  src/app/[locale]/hy-ui-lab/icon-button/glass-test-backdrop.module.sass 19:11  root stylesheet
  (from /Users/tialarocha/Desktop/hydririvers-ops-dashboard/node_modules/next/dist/build/webpack/loaders/resolve-url-loader/index.js, /Users/tialarocha/Desktop/hydririvers-ops-dashboard/node_modules/next/dist/compiled/sass-loader/cjs.js)
Caused by: Error: Expected identifier.
   ╷
19 │ +  filter: blur(0.5px)
   │           ^
   ╵
  src/app/[locale]/hy-ui-lab/icon-button/glass-test-backdrop.module.sass 19:11  root stylesheet
    [at Object.wrapException (/Users/tialarocha/Desktop/hydririvers-ops-dashboard/node_modules/sass/sass.dart.js:2337:47)]
    [at SpanScanner.error$3$length$position (/Users/tialarocha/Desktop/hydririvers-ops-dashboard/node_modules/sass/sass.dart.js:87427:15)]
    [at SpanScanner.error$1 (/Users/tialarocha/Desktop/hydririvers-ops-dashboard/node_modules/sass/sass.dart.js:87430:19)]
    [at SelectorParser0.identifier$2$normalize$unit (/Users/tialarocha/Desktop/hydririvers-ops-dashboard/node_modules/sass/sass.dart.js:117743:12)]
    [at SelectorParser0.identifier$0 (/Users/tialarocha/Desktop/hydririvers-ops-dashboard/node_modules/sass/sass.dart.js:117750:19)]
    [at SelectorParser0._selector$_pseudoSelector$0 (/Users/tialarocha/Desktop/hydririvers-ops-dashboard/node_modules/sass/sass.dart.js:120263:21)]
    [at SelectorParser0._selector$_simpleSelector$1$allowParent (/Users/tialarocha/Desktop/hydririvers-ops-dashboard/node_modules/sass/sass.dart.js:120171:24)]
    [at SelectorParser0._selector$_compoundSelector$0 (/Users/tialarocha/Desktop/hydririvers-ops-dashboard/node_modules/sass/sass.dart.js:120142:31)]
    [at SelectorParser0._selector$_complexSelector$1$lineBreak (/Users/tialarocha/Desktop/hydririvers-ops-dashboard/node_modules/sass/sass.dart.js:120112:32)]
    [at SelectorParser0._selector$_complexSelector$0 (/Users/tialarocha/Desktop/hydririvers-ops-dashboard/node_modules/sass/sass.dart.js:120134:19)]

Import traces:
  Client Component Browser:
    ./src/app/[locale]/hy-ui-lab/icon-button/glass-test-backdrop.module.sass [Client Component Browser]
    ./src/app/[locale]/hy-ui-lab/icon-button/glass-test-backdrop.tsx [Client Component Browser]
    ./src/app/[locale]/hy-ui-lab/icon-button/icon-button-visual-lab.tsx [Client Component Browser]
    ./src/app/[locale]/hy-ui-lab/icon-button/icon-button-visual-lab.tsx [Server Component]
    ./src/app/[locale]/hy-ui-lab/icon-button/page.tsx [Server Component]

  Client Component SSR:
    ./src/app/[locale]/hy-ui-lab/icon-button/glass-test-backdrop.module.sass [Client Component SSR]
    ./src/app/[locale]/hy-ui-lab/icon-button/glass-test-backdrop.tsx [Client Component SSR]
    ./src/app/[locale]/hy-ui-lab/icon-button/icon-button-visual-lab.tsx [Client Component SSR]
    ./src/app/[locale]/hy-ui-lab/icon-button/icon-button-visual-lab.tsx [Server Component]
    ./src/app/[locale]/hy-ui-lab/icon-button/page.tsx [Server Component] @ http://localhost:3000/_next/static/chunks/node_modules_next_dist_0u_w_5s._.js:1945
[ 7912420ms] [ERROR] ./src/app/[locale]/hy-ui-lab/icon-button/glass-test-backdrop.module.sass
Error evaluating Node.js code
Error: Expected identifier.
   ╷
19 │ +  filter: blur(0.5px)
   │           ^
   ╵
  src/app/[locale]/hy-ui-lab/icon-button/glass-test-backdrop.module.sass 19:11  root stylesheet
  (from /Users/tialarocha/Desktop/hydririvers-ops-dashboard/node_modules/next/dist/build/webpack/loaders/resolve-url-loader/index.js, /Users/tialarocha/Desktop/hydririvers-ops-dashboard/node_modules/next/dist/compiled/sass-loader/cjs.js)
Caused by: Error: Expected identifier.
   ╷
19 │ +  filter: blur(0.5px)
   │           ^
   ╵
  src/app/[locale]/hy-ui-lab/icon-button/glass-test-backdrop.module.sass 19:11  root stylesheet
    [at Object.wrapException (/Users/tialarocha/Desktop/hydririvers-ops-dashboard/node_modules/sass/sass.dart.js:2337:47)]
    [at SpanScanner.error$3$length$position (/Users/tialarocha/Desktop/hydririvers-ops-dashboard/node_modules/sass/sass.dart.js:87427:15)]
    [at SpanScanner.error$1 (/Users/tialarocha/Desktop/hydririvers-ops-dashboard/node_modules/sass/sass.dart.js:87430:19)]
    [at SelectorParser0.identifier$2$normalize$unit (/Users/tialarocha/Desktop/hydririvers-ops-dashboard/node_modules/sass/sass.dart.js:117743:12)]
    [at SelectorParser0.identifier$0 (/Users/tialarocha/Desktop/hydririvers-ops-dashboard/node_modules/sass/sass.dart.js:117750:19)]
    [at SelectorParser0._selector$_pseudoSelector$0 (/Users/tialarocha/Desktop/hydririvers-ops-dashboard/node_modules/sass/sass.dart.js:120263:21)]
    [at SelectorParser0._selector$_simpleSelector$1$allowParent (/Users/tialarocha/Desktop/hydririvers-ops-dashboard/node_modules/sass/sass.dart.js:120171:24)]
    [at SelectorParser0._selector$_compoundSelector$0 (/Users/tialarocha/Desktop/hydririvers-ops-dashboard/node_modules/sass/sass.dart.js:120142:31)]
    [at SelectorParser0._selector$_complexSelector$1$lineBreak (/Users/tialarocha/Desktop/hydririvers-ops-dashboard/node_modules/sass/sass.dart.js:120112:32)]
    [at SelectorParser0._selector$_complexSelector$0 (/Users/tialarocha/Desktop/hydririvers-ops-dashboard/node_modules/sass/sass.dart.js:120134:19)]

Import traces:
  Client Component Browser:
    ./src/app/[locale]/hy-ui-lab/icon-button/glass-test-backdrop.module.sass [Client Component Browser]
    ./src/app/[locale]/hy-ui-lab/icon-button/glass-test-backdrop.tsx [Client Component Browser]
    ./src/app/[locale]/hy-ui-lab/icon-button/icon-button-visual-lab.tsx [Client Component Browser]
    ./src/app/[locale]/hy-ui-lab/icon-button/icon-button-visual-lab.tsx [Server Component]
    ./src/app/[locale]/hy-ui-lab/icon-button/page.tsx [Server Component]

  Client Component SSR:
    ./src/app/[locale]/hy-ui-lab/icon-button/glass-test-backdrop.module.sass [Client Component SSR]
    ./src/app/[locale]/hy-ui-lab/icon-button/glass-test-backdrop.tsx [Client Component SSR]
    ./src/app/[locale]/hy-ui-lab/icon-button/icon-button-visual-lab.tsx [Client Component SSR]
    ./src/app/[locale]/hy-ui-lab/icon-button/icon-button-visual-lab.tsx [Server Component]
    ./src/app/[locale]/hy-ui-lab/icon-button/page.tsx [Server Component] @ http://localhost:3000/_next/static/chunks/node_modules_next_dist_0u_w_5s._.js:1945
[ 7912431ms] [LOG] [Fast Refresh] rebuilding @ http://localhost:3000/_next/static/chunks/node_modules_next_dist_0u_w_5s._.js:1226
[ 7912555ms] [LOG] [Fast Refresh] rebuilding @ http://localhost:3000/_next/static/chunks/node_modules_next_dist_0u_w_5s._.js:1226
[ 7912685ms] [ERROR] ./src/app/[locale]/hy-ui-lab/icon-button/glass-test-backdrop.module.sass
Error evaluating Node.js code
Error: Expected identifier.
   ╷
19 │ +  filter: blur(0.5px)
   │           ^
   ╵
  src/app/[locale]/hy-ui-lab/icon-button/glass-test-backdrop.module.sass 19:11  root stylesheet
  (from /Users/tialarocha/Desktop/hydririvers-ops-dashboard/node_modules/next/dist/build/webpack/loaders/resolve-url-loader/index.js, /Users/tialarocha/Desktop/hydririvers-ops-dashboard/node_modules/next/dist/compiled/sass-loader/cjs.js)
Caused by: Error: Expected identifier.
   ╷
19 │ +  filter: blur(0.5px)
   │           ^
   ╵
  src/app/[locale]/hy-ui-lab/icon-button/glass-test-backdrop.module.sass 19:11  root stylesheet
    [at Object.wrapException (/Users/tialarocha/Desktop/hydririvers-ops-dashboard/node_modules/sass/sass.dart.js:2337:47)]
    [at SpanScanner.error$3$length$position (/Users/tialarocha/Desktop/hydririvers-ops-dashboard/node_modules/sass/sass.dart.js:87427:15)]
    [at SpanScanner.error$1 (/Users/tialarocha/Desktop/hydririvers-ops-dashboard/node_modules/sass/sass.dart.js:87430:19)]
    [at SelectorParser0.identifier$2$normalize$unit (/Users/tialarocha/Desktop/hydririvers-ops-dashboard/node_modules/sass/sass.dart.js:117743:12)]
    [at SelectorParser0.identifier$0 (/Users/tialarocha/Desktop/hydririvers-ops-dashboard/node_modules/sass/sass.dart.js:117750:19)]
    [at SelectorParser0._selector$_pseudoSelector$0 (/Users/tialarocha/Desktop/hydririvers-ops-dashboard/node_modules/sass/sass.dart.js:120263:21)]
    [at SelectorParser0._selector$_simpleSelector$1$allowParent (/Users/tialarocha/Desktop/hydririvers-ops-dashboard/node_modules/sass/sass.dart.js:120171:24)]
    [at SelectorParser0._selector$_compoundSelector$0 (/Users/tialarocha/Desktop/hydririvers-ops-dashboard/node_modules/sass/sass.dart.js:120142:31)]
    [at SelectorParser0._selector$_complexSelector$1$lineBreak (/Users/tialarocha/Desktop/hydririvers-ops-dashboard/node_modules/sass/sass.dart.js:120112:32)]
    [at SelectorParser0._selector$_complexSelector$0 (/Users/tialarocha/Desktop/hydririvers-ops-dashboard/node_modules/sass/sass.dart.js:120134:19)]

Import traces:
  Client Component Browser:
    ./src/app/[locale]/hy-ui-lab/icon-button/glass-test-backdrop.module.sass [Client Component Browser]
    ./src/app/[locale]/hy-ui-lab/icon-button/glass-test-backdrop.tsx [Client Component Browser]
    ./src/app/[locale]/hy-ui-lab/icon-button/icon-button-visual-lab.tsx [Client Component Browser]
    ./src/app/[locale]/hy-ui-lab/icon-button/icon-button-visual-lab.tsx [Server Component]
    ./src/app/[locale]/hy-ui-lab/icon-button/page.tsx [Server Component]

  Client Component SSR:
    ./src/app/[locale]/hy-ui-lab/icon-button/glass-test-backdrop.module.sass [Client Component SSR]
    ./src/app/[locale]/hy-ui-lab/icon-button/glass-test-backdrop.tsx [Client Component SSR]
    ./src/app/[locale]/hy-ui-lab/icon-button/icon-button-visual-lab.tsx [Client Component SSR]
    ./src/app/[locale]/hy-ui-lab/icon-button/icon-button-visual-lab.tsx [Server Component]
    ./src/app/[locale]/hy-ui-lab/icon-button/page.tsx [Server Component] @ http://localhost:3000/_next/static/chunks/node_modules_next_dist_0u_w_5s._.js:1945
[ 7912788ms] [LOG] [Fast Refresh] rebuilding @ http://localhost:3000/_next/static/chunks/node_modules_next_dist_0u_w_5s._.js:1226
[ 7913094ms] [ERROR] ./src/app/[locale]/hy-ui-lab/icon-button/glass-test-backdrop.module.sass
Error evaluating Node.js code
Error: Expected identifier.
   ╷
19 │ +  filter: blur(0.5px)
   │           ^
   ╵
  src/app/[locale]/hy-ui-lab/icon-button/glass-test-backdrop.module.sass 19:11  root stylesheet
  (from /Users/tialarocha/Desktop/hydririvers-ops-dashboard/node_modules/next/dist/build/webpack/loaders/resolve-url-loader/index.js, /Users/tialarocha/Desktop/hydririvers-ops-dashboard/node_modules/next/dist/compiled/sass-loader/cjs.js)
Caused by: Error: Expected identifier.
   ╷
19 │ +  filter: blur(0.5px)
   │           ^
   ╵
  src/app/[locale]/hy-ui-lab/icon-button/glass-test-backdrop.module.sass 19:11  root stylesheet
    [at Object.wrapException (/Users/tialarocha/Desktop/hydririvers-ops-dashboard/node_modules/sass/sass.dart.js:2337:47)]
    [at SpanScanner.error$3$length$position (/Users/tialarocha/Desktop/hydririvers-ops-dashboard/node_modules/sass/sass.dart.js:87427:15)]
    [at SpanScanner.error$1 (/Users/tialarocha/Desktop/hydririvers-ops-dashboard/node_modules/sass/sass.dart.js:87430:19)]
    [at SelectorParser0.identifier$2$normalize$unit (/Users/tialarocha/Desktop/hydririvers-ops-dashboard/node_modules/sass/sass.dart.js:117743:12)]
    [at SelectorParser0.identifier$0 (/Users/tialarocha/Desktop/hydririvers-ops-dashboard/node_modules/sass/sass.dart.js:117750:19)]
    [at SelectorParser0._selector$_pseudoSelector$0 (/Users/tialarocha/Desktop/hydririvers-ops-dashboard/node_modules/sass/sass.dart.js:120263:21)]
    [at SelectorParser0._selector$_simpleSelector$1$allowParent (/Users/tialarocha/Desktop/hydririvers-ops-dashboard/node_modules/sass/sass.dart.js:120171:24)]
    [at SelectorParser0._selector$_compoundSelector$0 (/Users/tialarocha/Desktop/hydririvers-ops-dashboard/node_modules/sass/sass.dart.js:120142:31)]
    [at SelectorParser0._selector$_complexSelector$1$lineBreak (/Users/tialarocha/Desktop/hydririvers-ops-dashboard/node_modules/sass/sass.dart.js:120112:32)]
    [at SelectorParser0._selector$_complexSelector$0 (/Users/tialarocha/Desktop/hydririvers-ops-dashboard/node_modules/sass/sass.dart.js:120134:19)]

Import traces:
  Client Component Browser:
    ./src/app/[locale]/hy-ui-lab/icon-button/glass-test-backdrop.module.sass [Client Component Browser]
    ./src/app/[locale]/hy-ui-lab/icon-button/glass-test-backdrop.tsx [Client Component Browser]
    ./src/app/[locale]/hy-ui-lab/icon-button/icon-button-visual-lab.tsx [Client Component Browser]
    ./src/app/[locale]/hy-ui-lab/icon-button/icon-button-visual-lab.tsx [Server Component]
    ./src/app/[locale]/hy-ui-lab/icon-button/page.tsx [Server Component]

  Client Component SSR:
    ./src/app/[locale]/hy-ui-lab/icon-button/glass-test-backdrop.module.sass [Client Component SSR]
    ./src/app/[locale]/hy-ui-lab/icon-button/glass-test-backdrop.tsx [Client Component SSR]
    ./src/app/[locale]/hy-ui-lab/icon-button/icon-button-visual-lab.tsx [Client Component SSR]
    ./src/app/[locale]/hy-ui-lab/icon-button/icon-button-visual-lab.tsx [Server Component]
    ./src/app/[locale]/hy-ui-lab/icon-button/page.tsx [Server Component] @ http://localhost:3000/_next/static/chunks/node_modules_next_dist_0u_w_5s._.js:1945
[ 7913758ms] [LOG] [Fast Refresh] rebuilding @ http://localhost:3000/_next/static/chunks/node_modules_next_dist_0u_w_5s._.js:1226
[ 7914890ms] [ERROR] ./src/app/[locale]/hy-ui-lab/icon-button/glass-test-backdrop.module.sass
Error evaluating Node.js code
Error: Expected identifier.
   ╷
19 │ +  filter: blur(0.5px)
   │           ^
   ╵
  src/app/[locale]/hy-ui-lab/icon-button/glass-test-backdrop.module.sass 19:11  root stylesheet
  (from /Users/tialarocha/Desktop/hydririvers-ops-dashboard/node_modules/next/dist/build/webpack/loaders/resolve-url-loader/index.js, /Users/tialarocha/Desktop/hydririvers-ops-dashboard/node_modules/next/dist/compiled/sass-loader/cjs.js)
Caused by: Error: Expected identifier.
   ╷
19 │ +  filter: blur(0.5px)
   │           ^
   ╵
  src/app/[locale]/hy-ui-lab/icon-button/glass-test-backdrop.module.sass 19:11  root stylesheet
    [at Object.wrapException (/Users/tialarocha/Desktop/hydririvers-ops-dashboard/node_modules/sass/sass.dart.js:2337:47)]
    [at SpanScanner.error$3$length$position (/Users/tialarocha/Desktop/hydririvers-ops-dashboard/node_modules/sass/sass.dart.js:87427:15)]
    [at SpanScanner.error$1 (/Users/tialarocha/Desktop/hydririvers-ops-dashboard/node_modules/sass/sass.dart.js:87430:19)]
    [at SelectorParser0.identifier$2$normalize$unit (/Users/tialarocha/Desktop/hydririvers-ops-dashboard/node_modules/sass/sass.dart.js:117743:12)]
    [at SelectorParser0.identifier$0 (/Users/tialarocha/Desktop/hydririvers-ops-dashboard/node_modules/sass/sass.dart.js:117750:19)]
    [at SelectorParser0._selector$_pseudoSelector$0 (/Users/tialarocha/Desktop/hydririvers-ops-dashboard/node_modules/sass/sass.dart.js:120263:21)]
    [at SelectorParser0._selector$_simpleSelector$1$allowParent (/Users/tialarocha/Desktop/hydririvers-ops-dashboard/node_modules/sass/sass.dart.js:120171:24)]
    [at SelectorParser0._selector$_compoundSelector$0 (/Users/tialarocha/Desktop/hydririvers-ops-dashboard/node_modules/sass/sass.dart.js:120142:31)]
    [at SelectorParser0._selector$_complexSelector$1$lineBreak (/Users/tialarocha/Desktop/hydririvers-ops-dashboard/node_modules/sass/sass.dart.js:120112:32)]
    [at SelectorParser0._selector$_complexSelector$0 (/Users/tialarocha/Desktop/hydririvers-ops-dashboard/node_modules/sass/sass.dart.js:120134:19)]

Import traces:
  Client Component Browser:
    ./src/app/[locale]/hy-ui-lab/icon-button/glass-test-backdrop.module.sass [Client Component Browser]
    ./src/app/[locale]/hy-ui-lab/icon-button/glass-test-backdrop.tsx [Client Component Browser]
    ./src/app/[locale]/hy-ui-lab/icon-button/icon-button-visual-lab.tsx [Client Component Browser]
    ./src/app/[locale]/hy-ui-lab/icon-button/icon-button-visual-lab.tsx [Server Component]
    ./src/app/[locale]/hy-ui-lab/icon-button/page.tsx [Server Component]

  Client Component SSR:
    ./src/app/[locale]/hy-ui-lab/icon-button/glass-test-backdrop.module.sass [Client Component SSR]
    ./src/app/[locale]/hy-ui-lab/icon-button/glass-test-backdrop.tsx [Client Component SSR]
    ./src/app/[locale]/hy-ui-lab/icon-button/icon-button-visual-lab.tsx [Client Component SSR]
    ./src/app/[locale]/hy-ui-lab/icon-button/icon-button-visual-lab.tsx [Server Component]
    ./src/app/[locale]/hy-ui-lab/icon-button/page.tsx [Server Component] @ http://localhost:3000/_next/static/chunks/node_modules_next_dist_0u_w_5s._.js:1945
[ 7915612ms] [LOG] [Fast Refresh] rebuilding @ http://localhost:3000/_next/static/chunks/node_modules_next_dist_0u_w_5s._.js:1226
[ 7915739ms] [ERROR] ./src/app/[locale]/hy-ui-lab/icon-button/glass-test-backdrop.module.sass
Error evaluating Node.js code
Error: Expected identifier.
   ╷
19 │ +  filter: blur(0.5px)
   │           ^
   ╵
  src/app/[locale]/hy-ui-lab/icon-button/glass-test-backdrop.module.sass 19:11  root stylesheet
  (from /Users/tialarocha/Desktop/hydririvers-ops-dashboard/node_modules/next/dist/build/webpack/loaders/resolve-url-loader/index.js, /Users/tialarocha/Desktop/hydririvers-ops-dashboard/node_modules/next/dist/compiled/sass-loader/cjs.js)
Caused by: Error: Expected identifier.
   ╷
19 │ +  filter: blur(0.5px)
   │           ^
   ╵
  src/app/[locale]/hy-ui-lab/icon-button/glass-test-backdrop.module.sass 19:11  root stylesheet
    [at Object.wrapException (/Users/tialarocha/Desktop/hydririvers-ops-dashboard/node_modules/sass/sass.dart.js:2337:47)]
    [at SpanScanner.error$3$length$position (/Users/tialarocha/Desktop/hydririvers-ops-dashboard/node_modules/sass/sass.dart.js:87427:15)]
    [at SpanScanner.error$1 (/Users/tialarocha/Desktop/hydririvers-ops-dashboard/node_modules/sass/sass.dart.js:87430:19)]
    [at SelectorParser0.identifier$2$normalize$unit (/Users/tialarocha/Desktop/hydririvers-ops-dashboard/node_modules/sass/sass.dart.js:117743:12)]
    [at SelectorParser0.identifier$0 (/Users/tialarocha/Desktop/hydririvers-ops-dashboard/node_modules/sass/sass.dart.js:117750:19)]
    [at SelectorParser0._selector$_pseudoSelector$0 (/Users/tialarocha/Desktop/hydririvers-ops-dashboard/node_modules/sass/sass.dart.js:120263:21)]
    [at SelectorParser0._selector$_simpleSelector$1$allowParent (/Users/tialarocha/Desktop/hydririvers-ops-dashboard/node_modules/sass/sass.dart.js:120171:24)]
    [at SelectorParser0._selector$_compoundSelector$0 (/Users/tialarocha/Desktop/hydririvers-ops-dashboard/node_modules/sass/sass.dart.js:120142:31)]
    [at SelectorParser0._selector$_complexSelector$1$lineBreak (/Users/tialarocha/Desktop/hydririvers-ops-dashboard/node_modules/sass/sass.dart.js:120112:32)]
    [at SelectorParser0._selector$_complexSelector$0 (/Users/tialarocha/Desktop/hydririvers-ops-dashboard/node_modules/sass/sass.dart.js:120134:19)]

Import traces:
  Client Component Browser:
    ./src/app/[locale]/hy-ui-lab/icon-button/glass-test-backdrop.module.sass [Client Component Browser]
    ./src/app/[locale]/hy-ui-lab/icon-button/glass-test-backdrop.tsx [Client Component Browser]
    ./src/app/[locale]/hy-ui-lab/icon-button/icon-button-visual-lab.tsx [Client Component Browser]
    ./src/app/[locale]/hy-ui-lab/icon-button/icon-button-visual-lab.tsx [Server Component]
    ./src/app/[locale]/hy-ui-lab/icon-button/page.tsx [Server Component]

  Client Component SSR:
    ./src/app/[locale]/hy-ui-lab/icon-button/glass-test-backdrop.module.sass [Client Component SSR]
    ./src/app/[locale]/hy-ui-lab/icon-button/glass-test-backdrop.tsx [Client Component SSR]
    ./src/app/[locale]/hy-ui-lab/icon-button/icon-button-visual-lab.tsx [Client Component SSR]
    ./src/app/[locale]/hy-ui-lab/icon-button/icon-button-visual-lab.tsx [Server Component]
    ./src/app/[locale]/hy-ui-lab/icon-button/page.tsx [Server Component] @ http://localhost:3000/_next/static/chunks/node_modules_next_dist_0u_w_5s._.js:1945
[ 7916089ms] [LOG] [Fast Refresh] rebuilding @ http://localhost:3000/_next/static/chunks/node_modules_next_dist_0u_w_5s._.js:1226
[ 7916099ms] [ERROR] ./src/app/[locale]/hy-ui-lab/icon-button/glass-test-backdrop.module.sass
Error evaluating Node.js code
Error: Expected identifier.
   ╷
19 │ +  filter: blur(0.5px)
   │           ^
   ╵
  src/app/[locale]/hy-ui-lab/icon-button/glass-test-backdrop.module.sass 19:11  root stylesheet
  (from /Users/tialarocha/Desktop/hydririvers-ops-dashboard/node_modules/next/dist/build/webpack/loaders/resolve-url-loader/index.js, /Users/tialarocha/Desktop/hydririvers-ops-dashboard/node_modules/next/dist/compiled/sass-loader/cjs.js)
Caused by: Error: Expected identifier.
   ╷
19 │ +  filter: blur(0.5px)
   │           ^
   ╵
  src/app/[locale]/hy-ui-lab/icon-button/glass-test-backdrop.module.sass 19:11  root stylesheet
    [at Object.wrapException (/Users/tialarocha/Desktop/hydririvers-ops-dashboard/node_modules/sass/sass.dart.js:2337:47)]
    [at SpanScanner.error$3$length$position (/Users/tialarocha/Desktop/hydririvers-ops-dashboard/node_modules/sass/sass.dart.js:87427:15)]
    [at SpanScanner.error$1 (/Users/tialarocha/Desktop/hydririvers-ops-dashboard/node_modules/sass/sass.dart.js:87430:19)]
    [at SelectorParser0.identifier$2$normalize$unit (/Users/tialarocha/Desktop/hydririvers-ops-dashboard/node_modules/sass/sass.dart.js:117743:12)]
    [at SelectorParser0.identifier$0 (/Users/tialarocha/Desktop/hydririvers-ops-dashboard/node_modules/sass/sass.dart.js:117750:19)]
    [at SelectorParser0._selector$_pseudoSelector$0 (/Users/tialarocha/Desktop/hydririvers-ops-dashboard/node_modules/sass/sass.dart.js:120263:21)]
    [at SelectorParser0._selector$_simpleSelector$1$allowParent (/Users/tialarocha/Desktop/hydririvers-ops-dashboard/node_modules/sass/sass.dart.js:120171:24)]
    [at SelectorParser0._selector$_compoundSelector$0 (/Users/tialarocha/Desktop/hydririvers-ops-dashboard/node_modules/sass/sass.dart.js:120142:31)]
    [at SelectorParser0._selector$_complexSelector$1$lineBreak (/Users/tialarocha/Desktop/hydririvers-ops-dashboard/node_modules/sass/sass.dart.js:120112:32)]
    [at SelectorParser0._selector$_complexSelector$0 (/Users/tialarocha/Desktop/hydririvers-ops-dashboard/node_modules/sass/sass.dart.js:120134:19)]

Import traces:
  Client Component Browser:
    ./src/app/[locale]/hy-ui-lab/icon-button/glass-test-backdrop.module.sass [Client Component Browser]
    ./src/app/[locale]/hy-ui-lab/icon-button/glass-test-backdrop.tsx [Client Component Browser]
    ./src/app/[locale]/hy-ui-lab/icon-button/icon-button-visual-lab.tsx [Client Component Browser]
    ./src/app/[locale]/hy-ui-lab/icon-button/icon-button-visual-lab.tsx [Server Component]
    ./src/app/[locale]/hy-ui-lab/icon-button/page.tsx [Server Component]

  Client Component SSR:
    ./src/app/[locale]/hy-ui-lab/icon-button/glass-test-backdrop.module.sass [Client Component SSR]
    ./src/app/[locale]/hy-ui-lab/icon-button/glass-test-backdrop.tsx [Client Component SSR]
    ./src/app/[locale]/hy-ui-lab/icon-button/icon-button-visual-lab.tsx [Client Component SSR]
    ./src/app/[locale]/hy-ui-lab/icon-button/icon-button-visual-lab.tsx [Server Component]
    ./src/app/[locale]/hy-ui-lab/icon-button/page.tsx [Server Component] @ http://localhost:3000/_next/static/chunks/node_modules_next_dist_0u_w_5s._.js:1945
[ 7916204ms] [LOG] [Fast Refresh] rebuilding @ http://localhost:3000/_next/static/chunks/node_modules_next_dist_0u_w_5s._.js:1226
[ 7916228ms] [ERROR] ./src/app/[locale]/hy-ui-lab/icon-button/glass-test-backdrop.module.sass
Error evaluating Node.js code
Error: Expected identifier.
   ╷
19 │ +  filter: blur(0.5px)
   │           ^
   ╵
  src/app/[locale]/hy-ui-lab/icon-button/glass-test-backdrop.module.sass 19:11  root stylesheet
  (from /Users/tialarocha/Desktop/hydririvers-ops-dashboard/node_modules/next/dist/build/webpack/loaders/resolve-url-loader/index.js, /Users/tialarocha/Desktop/hydririvers-ops-dashboard/node_modules/next/dist/compiled/sass-loader/cjs.js)
Caused by: Error: Expected identifier.
   ╷
19 │ +  filter: blur(0.5px)
   │           ^
   ╵
  src/app/[locale]/hy-ui-lab/icon-button/glass-test-backdrop.module.sass 19:11  root stylesheet
    [at Object.wrapException (/Users/tialarocha/Desktop/hydririvers-ops-dashboard/node_modules/sass/sass.dart.js:2337:47)]
    [at SpanScanner.error$3$length$position (/Users/tialarocha/Desktop/hydririvers-ops-dashboard/node_modules/sass/sass.dart.js:87427:15)]
    [at SpanScanner.error$1 (/Users/tialarocha/Desktop/hydririvers-ops-dashboard/node_modules/sass/sass.dart.js:87430:19)]
    [at SelectorParser0.identifier$2$normalize$unit (/Users/tialarocha/Desktop/hydririvers-ops-dashboard/node_modules/sass/sass.dart.js:117743:12)]
    [at SelectorParser0.identifier$0 (/Users/tialarocha/Desktop/hydririvers-ops-dashboard/node_modules/sass/sass.dart.js:117750:19)]
    [at SelectorParser0._selector$_pseudoSelector$0 (/Users/tialarocha/Desktop/hydririvers-ops-dashboard/node_modules/sass/sass.dart.js:120263:21)]
    [at SelectorParser0._selector$_simpleSelector$1$allowParent (/Users/tialarocha/Desktop/hydririvers-ops-dashboard/node_modules/sass/sass.dart.js:120171:24)]
    [at SelectorParser0._selector$_compoundSelector$0 (/Users/tialarocha/Desktop/hydririvers-ops-dashboard/node_modules/sass/sass.dart.js:120142:31)]
    [at SelectorParser0._selector$_complexSelector$1$lineBreak (/Users/tialarocha/Desktop/hydririvers-ops-dashboard/node_modules/sass/sass.dart.js:120112:32)]
    [at SelectorParser0._selector$_complexSelector$0 (/Users/tialarocha/Desktop/hydririvers-ops-dashboard/node_modules/sass/sass.dart.js:120134:19)]

Import traces:
  Client Component Browser:
    ./src/app/[locale]/hy-ui-lab/icon-button/glass-test-backdrop.module.sass [Client Component Browser]
    ./src/app/[locale]/hy-ui-lab/icon-button/glass-test-backdrop.tsx [Client Component Browser]
    ./src/app/[locale]/hy-ui-lab/icon-button/icon-button-visual-lab.tsx [Client Component Browser]
    ./src/app/[locale]/hy-ui-lab/icon-button/icon-button-visual-lab.tsx [Server Component]
    ./src/app/[locale]/hy-ui-lab/icon-button/page.tsx [Server Component]

  Client Component SSR:
    ./src/app/[locale]/hy-ui-lab/icon-button/glass-test-backdrop.module.sass [Client Component SSR]
    ./src/app/[locale]/hy-ui-lab/icon-button/glass-test-backdrop.tsx [Client Component SSR]
    ./src/app/[locale]/hy-ui-lab/icon-button/icon-button-visual-lab.tsx [Client Component SSR]
    ./src/app/[locale]/hy-ui-lab/icon-button/icon-button-visual-lab.tsx [Server Component]
    ./src/app/[locale]/hy-ui-lab/icon-button/page.tsx [Server Component] @ http://localhost:3000/_next/static/chunks/node_modules_next_dist_0u_w_5s._.js:1945
[ 7916299ms] [ERROR] ./src/app/[locale]/hy-ui-lab/icon-button/glass-test-backdrop.module.sass
Error evaluating Node.js code
Error: Expected identifier.
   ╷
19 │ +  filter: blur(0.5px)
   │           ^
   ╵
  src/app/[locale]/hy-ui-lab/icon-button/glass-test-backdrop.module.sass 19:11  root stylesheet
  (from /Users/tialarocha/Desktop/hydririvers-ops-dashboard/node_modules/next/dist/build/webpack/loaders/resolve-url-loader/index.js, /Users/tialarocha/Desktop/hydririvers-ops-dashboard/node_modules/next/dist/compiled/sass-loader/cjs.js)
Caused by: Error: Expected identifier.
   ╷
19 │ +  filter: blur(0.5px)
   │           ^
   ╵
  src/app/[locale]/hy-ui-lab/icon-button/glass-test-backdrop.module.sass 19:11  root stylesheet
    [at Object.wrapException (/Users/tialarocha/Desktop/hydririvers-ops-dashboard/node_modules/sass/sass.dart.js:2337:47)]
    [at SpanScanner.error$3$length$position (/Users/tialarocha/Desktop/hydririvers-ops-dashboard/node_modules/sass/sass.dart.js:87427:15)]
    [at SpanScanner.error$1 (/Users/tialarocha/Desktop/hydririvers-ops-dashboard/node_modules/sass/sass.dart.js:87430:19)]
    [at SelectorParser0.identifier$2$normalize$unit (/Users/tialarocha/Desktop/hydririvers-ops-dashboard/node_modules/sass/sass.dart.js:117743:12)]
    [at SelectorParser0.identifier$0 (/Users/tialarocha/Desktop/hydririvers-ops-dashboard/node_modules/sass/sass.dart.js:117750:19)]
    [at SelectorParser0._selector$_pseudoSelector$0 (/Users/tialarocha/Desktop/hydririvers-ops-dashboard/node_modules/sass/sass.dart.js:120263:21)]
    [at SelectorParser0._selector$_simpleSelector$1$allowParent (/Users/tialarocha/Desktop/hydririvers-ops-dashboard/node_modules/sass/sass.dart.js:120171:24)]
    [at SelectorParser0._selector$_compoundSelector$0 (/Users/tialarocha/Desktop/hydririvers-ops-dashboard/node_modules/sass/sass.dart.js:120142:31)]
    [at SelectorParser0._selector$_complexSelector$1$lineBreak (/Users/tialarocha/Desktop/hydririvers-ops-dashboard/node_modules/sass/sass.dart.js:120112:32)]
    [at SelectorParser0._selector$_complexSelector$0 (/Users/tialarocha/Desktop/hydririvers-ops-dashboard/node_modules/sass/sass.dart.js:120134:19)]

Import traces:
  Client Component Browser:
    ./src/app/[locale]/hy-ui-lab/icon-button/glass-test-backdrop.module.sass [Client Component Browser]
    ./src/app/[locale]/hy-ui-lab/icon-button/glass-test-backdrop.tsx [Client Component Browser]
    ./src/app/[locale]/hy-ui-lab/icon-button/icon-button-visual-lab.tsx [Client Component Browser]
    ./src/app/[locale]/hy-ui-lab/icon-button/icon-button-visual-lab.tsx [Server Component]
    ./src/app/[locale]/hy-ui-lab/icon-button/page.tsx [Server Component]

  Client Component SSR:
    ./src/app/[locale]/hy-ui-lab/icon-button/glass-test-backdrop.module.sass [Client Component SSR]
    ./src/app/[locale]/hy-ui-lab/icon-button/glass-test-backdrop.tsx [Client Component SSR]
    ./src/app/[locale]/hy-ui-lab/icon-button/icon-button-visual-lab.tsx [Client Component SSR]
    ./src/app/[locale]/hy-ui-lab/icon-button/icon-button-visual-lab.tsx [Server Component]
    ./src/app/[locale]/hy-ui-lab/icon-button/page.tsx [Server Component] @ http://localhost:3000/_next/static/chunks/node_modules_next_dist_0u_w_5s._.js:1945
[ 7916360ms] [LOG] [Fast Refresh] rebuilding @ http://localhost:3000/_next/static/chunks/node_modules_next_dist_0u_w_5s._.js:1226
[ 7916455ms] [ERROR] Failed to load resource: the server responded with a status of 500 (Internal Server Error) @ http://localhost:3000/pt-BR/cargas:0
[ 7916773ms] [INFO] %cDownload the React DevTools for a better development experience: https://react.dev/link/react-devtools font-weight:bold @ http://localhost:3000/_next/static/chunks/node_modules_react-dom_0bruynb._.js:13920
[ 7916812ms] Error: ./src/app/[locale]/hy-ui-lab/icon-button/glass-test-backdrop.module.sass
Error evaluating Node.js code
Error: Expected identifier.
   ╷
19 │ +  filter: blur(0.5px)
   │           ^
   ╵
  src/app/[locale]/hy-ui-lab/icon-button/glass-test-backdrop.module.sass 19:11  root stylesheet
  (from /Users/tialarocha/Desktop/hydririvers-ops-dashboard/node_modules/next/dist/build/webpack/loaders/resolve-url-loader/index.js, /Users/tialarocha/Desktop/hydririvers-ops-dashboard/node_modules/next/dist/compiled/sass-loader/cjs.js)
Caused by: Error: Expected identifier.
   ╷
19 │ +  filter: blur(0.5px)
   │           ^
   ╵
  src/app/[locale]/hy-ui-lab/icon-button/glass-test-backdrop.module.sass 19:11  root stylesheet
    [at Object.wrapException (/Users/tialarocha/Desktop/hydririvers-ops-dashboard/node_modules/sass/sass.dart.js:2337:47)]
    [at SpanScanner.error$3$length$position (/Users/tialarocha/Desktop/hydririvers-ops-dashboard/node_modules/sass/sass.dart.js:87427:15)]
    [at SpanScanner.error$1 (/Users/tialarocha/Desktop/hydririvers-ops-dashboard/node_modules/sass/sass.dart.js:87430:19)]
    [at SelectorParser0.identifier$2$normalize$unit (/Users/tialarocha/Desktop/hydririvers-ops-dashboard/node_modules/sass/sass.dart.js:117743:12)]
    [at SelectorParser0.identifier$0 (/Users/tialarocha/Desktop/hydririvers-ops-dashboard/node_modules/sass/sass.dart.js:117750:19)]
    [at SelectorParser0._selector$_pseudoSelector$0 (/Users/tialarocha/Desktop/hydririvers-ops-dashboard/node_modules/sass/sass.dart.js:120263:21)]
    [at SelectorParser0._selector$_simpleSelector$1$allowParent (/Users/tialarocha/Desktop/hydririvers-ops-dashboard/node_modules/sass/sass.dart.js:120171:24)]
    [at SelectorParser0._selector$_compoundSelector$0 (/Users/tialarocha/Desktop/hydririvers-ops-dashboard/node_modules/sass/sass.dart.js:120142:31)]
    [at SelectorParser0._selector$_complexSelector$1$lineBreak (/Users/tialarocha/Desktop/hydririvers-ops-dashboard/node_modules/sass/sass.dart.js:120112:32)]
    [at SelectorParser0._selector$_complexSelector$0 (/Users/tialarocha/Desktop/hydririvers-ops-dashboard/node_modules/sass/sass.dart.js:120134:19)]

Import traces:
  Client Component Browser:
    ./src/app/[locale]/hy-ui-lab/icon-button/glass-test-backdrop.module.sass [Client Component Browser]
    ./src/app/[locale]/hy-ui-lab/icon-button/glass-test-backdrop.tsx [Client Component Browser]
    ./src/app/[locale]/hy-ui-lab/icon-button/icon-button-visual-lab.tsx [Client Component Browser]
    ./src/app/[locale]/hy-ui-lab/icon-button/icon-button-visual-lab.tsx [Server Component]
    ./src/app/[locale]/hy-ui-lab/icon-button/page.tsx [Server Component]

  Client Component SSR:
    ./src/app/[locale]/hy-ui-lab/icon-button/glass-test-backdrop.module.sass [Client Component SSR]
    ./src/app/[locale]/hy-ui-lab/icon-button/glass-test-backdrop.tsx [Client Component SSR]
    ./src/app/[locale]/hy-ui-lab/icon-button/icon-button-visual-lab.tsx [Client Component SSR]
    ./src/app/[locale]/hy-ui-lab/icon-button/icon-button-visual-lab.tsx [Server Component]
    ./src/app/[locale]/hy-ui-lab/icon-button/page.tsx [Server Component]


    at Object.getCompilationErrors (file:///Users/tialarocha/Desktop/hydririvers-ops-dashboard/node_modules/next/dist/server/dev/hot-reloader-turbopack.js:1186:59)
    at DevBundlerService.getCompilationError (file:///Users/tialarocha/Desktop/hydririvers-ops-dashboard/node_modules/next/dist/server/lib/dev-bundler-service.js:44:55)
    at DevServer.getCompilationError (file:///Users/tialarocha/Desktop/hydririvers-ops-dashboard/node_modules/next/dist/server/dev/next-dev-server.js:719:42)
    at DevServer.findPageComponents (file:///Users/tialarocha/Desktop/hydririvers-ops-dashboard/node_modules/next/dist/server/dev/next-dev-server.js:689:43)
    at async DevServer.renderErrorToResponseImpl (file:///Users/tialarocha/Desktop/hydririvers-ops-dashboard/node_modules/next/dist/server/base-server.js:1745:26)
[ 7916924ms] [LOG] [HMR] connected @ http://localhost:3000/_next/static/chunks/node_modules_next_dist_0u_w_5s._.js:1226
[ 7916930ms] [ERROR] ./src/app/[locale]/hy-ui-lab/icon-button/glass-test-backdrop.module.sass
Error evaluating Node.js code
Error: Expected identifier.
   ╷
19 │ +  filter: blur(0.5px)
   │           ^
   ╵
  src/app/[locale]/hy-ui-lab/icon-button/glass-test-backdrop.module.sass 19:11  root stylesheet
  (from /Users/tialarocha/Desktop/hydririvers-ops-dashboard/node_modules/next/dist/build/webpack/loaders/resolve-url-loader/index.js, /Users/tialarocha/Desktop/hydririvers-ops-dashboard/node_modules/next/dist/compiled/sass-loader/cjs.js)
Caused by: Error: Expected identifier.
   ╷
19 │ +  filter: blur(0.5px)
   │           ^
   ╵
  src/app/[locale]/hy-ui-lab/icon-button/glass-test-backdrop.module.sass 19:11  root stylesheet
    [at Object.wrapException (/Users/tialarocha/Desktop/hydririvers-ops-dashboard/node_modules/sass/sass.dart.js:2337:47)]
    [at SpanScanner.error$3$length$position (/Users/tialarocha/Desktop/hydririvers-ops-dashboard/node_modules/sass/sass.dart.js:87427:15)]
    [at SpanScanner.error$1 (/Users/tialarocha/Desktop/hydririvers-ops-dashboard/node_modules/sass/sass.dart.js:87430:19)]
    [at SelectorParser0.identifier$2$normalize$unit (/Users/tialarocha/Desktop/hydririvers-ops-dashboard/node_modules/sass/sass.dart.js:117743:12)]
    [at SelectorParser0.identifier$0 (/Users/tialarocha/Desktop/hydririvers-ops-dashboard/node_modules/sass/sass.dart.js:117750:19)]
    [at SelectorParser0._selector$_pseudoSelector$0 (/Users/tialarocha/Desktop/hydririvers-ops-dashboard/node_modules/sass/sass.dart.js:120263:21)]
    [at SelectorParser0._selector$_simpleSelector$1$allowParent (/Users/tialarocha/Desktop/hydririvers-ops-dashboard/node_modules/sass/sass.dart.js:120171:24)]
    [at SelectorParser0._selector$_compoundSelector$0 (/Users/tialarocha/Desktop/hydririvers-ops-dashboard/node_modules/sass/sass.dart.js:120142:31)]
    [at SelectorParser0._selector$_complexSelector$1$lineBreak (/Users/tialarocha/Desktop/hydririvers-ops-dashboard/node_modules/sass/sass.dart.js:120112:32)]
    [at SelectorParser0._selector$_complexSelector$0 (/Users/tialarocha/Desktop/hydririvers-ops-dashboard/node_modules/sass/sass.dart.js:120134:19)]

Import traces:
  Client Component Browser:
    ./src/app/[locale]/hy-ui-lab/icon-button/glass-test-backdrop.module.sass [Client Component Browser]
    ./src/app/[locale]/hy-ui-lab/icon-button/glass-test-backdrop.tsx [Client Component Browser]
    ./src/app/[locale]/hy-ui-lab/icon-button/icon-button-visual-lab.tsx [Client Component Browser]
    ./src/app/[locale]/hy-ui-lab/icon-button/icon-button-visual-lab.tsx [Server Component]
    ./src/app/[locale]/hy-ui-lab/icon-button/page.tsx [Server Component]

  Client Component SSR:
    ./src/app/[locale]/hy-ui-lab/icon-button/glass-test-backdrop.module.sass [Client Component SSR]
    ./src/app/[locale]/hy-ui-lab/icon-button/glass-test-backdrop.tsx [Client Component SSR]
    ./src/app/[locale]/hy-ui-lab/icon-button/icon-button-visual-lab.tsx [Client Component SSR]
    ./src/app/[locale]/hy-ui-lab/icon-button/icon-button-visual-lab.tsx [Server Component]
    ./src/app/[locale]/hy-ui-lab/icon-button/page.tsx [Server Component] @ http://localhost:3000/_next/static/chunks/node_modules_next_dist_0u_w_5s._.js:1945
[ 7917067ms] [ERROR] ./src/app/[locale]/hy-ui-lab/icon-button/glass-test-backdrop.module.sass
Error evaluating Node.js code
Error: Expected identifier.
   ╷
19 │ +  filter: blur(0.5px)
   │           ^
   ╵
  src/app/[locale]/hy-ui-lab/icon-button/glass-test-backdrop.module.sass 19:11  root stylesheet
  (from /Users/tialarocha/Desktop/hydririvers-ops-dashboard/node_modules/next/dist/build/webpack/loaders/resolve-url-loader/index.js, /Users/tialarocha/Desktop/hydririvers-ops-dashboard/node_modules/next/dist/compiled/sass-loader/cjs.js)
Caused by: Error: Expected identifier.
   ╷
19 │ +  filter: blur(0.5px)
   │           ^
   ╵
  src/app/[locale]/hy-ui-lab/icon-button/glass-test-backdrop.module.sass 19:11  root stylesheet
    [at Object.wrapException (/Users/tialarocha/Desktop/hydririvers-ops-dashboard/node_modules/sass/sass.dart.js:2337:47)]
    [at SpanScanner.error$3$length$position (/Users/tialarocha/Desktop/hydririvers-ops-dashboard/node_modules/sass/sass.dart.js:87427:15)]
    [at SpanScanner.error$1 (/Users/tialarocha/Desktop/hydririvers-ops-dashboard/node_modules/sass/sass.dart.js:87430:19)]
    [at SelectorParser0.identifier$2$normalize$unit (/Users/tialarocha/Desktop/hydririvers-ops-dashboard/node_modules/sass/sass.dart.js:117743:12)]
    [at SelectorParser0.identifier$0 (/Users/tialarocha/Desktop/hydririvers-ops-dashboard/node_modules/sass/sass.dart.js:117750:19)]
    [at SelectorParser0._selector$_pseudoSelector$0 (/Users/tialarocha/Desktop/hydririvers-ops-dashboard/node_modules/sass/sass.dart.js:120263:21)]
    [at SelectorParser0._selector$_simpleSelector$1$allowParent (/Users/tialarocha/Desktop/hydririvers-ops-dashboard/node_modules/sass/sass.dart.js:120171:24)]
    [at SelectorParser0._selector$_compoundSelector$0 (/Users/tialarocha/Desktop/hydririvers-ops-dashboard/node_modules/sass/sass.dart.js:120142:31)]
    [at SelectorParser0._selector$_complexSelector$1$lineBreak (/Users/tialarocha/Desktop/hydririvers-ops-dashboard/node_modules/sass/sass.dart.js:120112:32)]
    [at SelectorParser0._selector$_complexSelector$0 (/Users/tialarocha/Desktop/hydririvers-ops-dashboard/node_modules/sass/sass.dart.js:120134:19)]

Import traces:
  Client Component Browser:
    ./src/app/[locale]/hy-ui-lab/icon-button/glass-test-backdrop.module.sass [Client Component Browser]
    ./src/app/[locale]/hy-ui-lab/icon-button/glass-test-backdrop.tsx [Client Component Browser]
    ./src/app/[locale]/hy-ui-lab/icon-button/icon-button-visual-lab.tsx [Client Component Browser]
    ./src/app/[locale]/hy-ui-lab/icon-button/icon-button-visual-lab.tsx [Server Component]
    ./src/app/[locale]/hy-ui-lab/icon-button/page.tsx [Server Component]

  Client Component SSR:
    ./src/app/[locale]/hy-ui-lab/icon-button/glass-test-backdrop.module.sass [Client Component SSR]
    ./src/app/[locale]/hy-ui-lab/icon-button/glass-test-backdrop.tsx [Client Component SSR]
    ./src/app/[locale]/hy-ui-lab/icon-button/icon-button-visual-lab.tsx [Client Component SSR]
    ./src/app/[locale]/hy-ui-lab/icon-button/icon-button-visual-lab.tsx [Server Component]
    ./src/app/[locale]/hy-ui-lab/icon-button/page.tsx [Server Component] @ http://localhost:3000/_next/static/chunks/node_modules_next_dist_0u_w_5s._.js:1945
[ 7917090ms] [LOG] [Fast Refresh] rebuilding @ http://localhost:3000/_next/static/chunks/node_modules_next_dist_0u_w_5s._.js:1226
[ 7917091ms] [ERROR] ./src/app/[locale]/hy-ui-lab/icon-button/glass-test-backdrop.module.sass
Error evaluating Node.js code
Error: Expected identifier.
   ╷
19 │ +  filter: blur(0.5px)
   │           ^
   ╵
  src/app/[locale]/hy-ui-lab/icon-button/glass-test-backdrop.module.sass 19:11  root stylesheet
  (from /Users/tialarocha/Desktop/hydririvers-ops-dashboard/node_modules/next/dist/build/webpack/loaders/resolve-url-loader/index.js, /Users/tialarocha/Desktop/hydririvers-ops-dashboard/node_modules/next/dist/compiled/sass-loader/cjs.js)
Caused by: Error: Expected identifier.
   ╷
19 │ +  filter: blur(0.5px)
   │           ^
   ╵
  src/app/[locale]/hy-ui-lab/icon-button/glass-test-backdrop.module.sass 19:11  root stylesheet
    [at Object.wrapException (/Users/tialarocha/Desktop/hydririvers-ops-dashboard/node_modules/sass/sass.dart.js:2337:47)]
    [at SpanScanner.error$3$length$position (/Users/tialarocha/Desktop/hydririvers-ops-dashboard/node_modules/sass/sass.dart.js:87427:15)]
    [at SpanScanner.error$1 (/Users/tialarocha/Desktop/hydririvers-ops-dashboard/node_modules/sass/sass.dart.js:87430:19)]
    [at SelectorParser0.identifier$2$normalize$unit (/Users/tialarocha/Desktop/hydririvers-ops-dashboard/node_modules/sass/sass.dart.js:117743:12)]
    [at SelectorParser0.identifier$0 (/Users/tialarocha/Desktop/hydririvers-ops-dashboard/node_modules/sass/sass.dart.js:117750:19)]
    [at SelectorParser0._selector$_pseudoSelector$0 (/Users/tialarocha/Desktop/hydririvers-ops-dashboard/node_modules/sass/sass.dart.js:120263:21)]
    [at SelectorParser0._selector$_simpleSelector$1$allowParent (/Users/tialarocha/Desktop/hydririvers-ops-dashboard/node_modules/sass/sass.dart.js:120171:24)]
    [at SelectorParser0._selector$_compoundSelector$0 (/Users/tialarocha/Desktop/hydririvers-ops-dashboard/node_modules/sass/sass.dart.js:120142:31)]
    [at SelectorParser0._selector$_complexSelector$1$lineBreak (/Users/tialarocha/Desktop/hydririvers-ops-dashboard/node_modules/sass/sass.dart.js:120112:32)]
    [at SelectorParser0._selector$_complexSelector$0 (/Users/tialarocha/Desktop/hydririvers-ops-dashboard/node_modules/sass/sass.dart.js:120134:19)]

Import traces:
  Client Component Browser:
    ./src/app/[locale]/hy-ui-lab/icon-button/glass-test-backdrop.module.sass [Client Component Browser]
    ./src/app/[locale]/hy-ui-lab/icon-button/glass-test-backdrop.tsx [Client Component Browser]
    ./src/app/[locale]/hy-ui-lab/icon-button/icon-button-visual-lab.tsx [Client Component Browser]
    ./src/app/[locale]/hy-ui-lab/icon-button/icon-button-visual-lab.tsx [Server Component]
    ./src/app/[locale]/hy-ui-lab/icon-button/page.tsx [Server Component]

  Client Component SSR:
    ./src/app/[locale]/hy-ui-lab/icon-button/glass-test-backdrop.module.sass [Client Component SSR]
    ./src/app/[locale]/hy-ui-lab/icon-button/glass-test-backdrop.tsx [Client Component SSR]
    ./src/app/[locale]/hy-ui-lab/icon-button/icon-button-visual-lab.tsx [Client Component SSR]
    ./src/app/[locale]/hy-ui-lab/icon-button/icon-button-visual-lab.tsx [Server Component]
    ./src/app/[locale]/hy-ui-lab/icon-button/page.tsx [Server Component] @ http://localhost:3000/_next/static/chunks/node_modules_next_dist_0u_w_5s._.js:1945
[ 7917216ms] [ERROR] ./src/app/[locale]/hy-ui-lab/icon-button/glass-test-backdrop.module.sass
Error evaluating Node.js code
Error: Expected identifier.
   ╷
19 │ +  filter: blur(0.5px)
   │           ^
   ╵
  src/app/[locale]/hy-ui-lab/icon-button/glass-test-backdrop.module.sass 19:11  root stylesheet
  (from /Users/tialarocha/Desktop/hydririvers-ops-dashboard/node_modules/next/dist/build/webpack/loaders/resolve-url-loader/index.js, /Users/tialarocha/Desktop/hydririvers-ops-dashboard/node_modules/next/dist/compiled/sass-loader/cjs.js)
Caused by: Error: Expected identifier.
   ╷
19 │ +  filter: blur(0.5px)
   │           ^
   ╵
  src/app/[locale]/hy-ui-lab/icon-button/glass-test-backdrop.module.sass 19:11  root stylesheet
    [at Object.wrapException (/Users/tialarocha/Desktop/hydririvers-ops-dashboard/node_modules/sass/sass.dart.js:2337:47)]
    [at SpanScanner.error$3$length$position (/Users/tialarocha/Desktop/hydririvers-ops-dashboard/node_modules/sass/sass.dart.js:87427:15)]
    [at SpanScanner.error$1 (/Users/tialarocha/Desktop/hydririvers-ops-dashboard/node_modules/sass/sass.dart.js:87430:19)]
    [at SelectorParser0.identifier$2$normalize$unit (/Users/tialarocha/Desktop/hydririvers-ops-dashboard/node_modules/sass/sass.dart.js:117743:12)]
    [at SelectorParser0.identifier$0 (/Users/tialarocha/Desktop/hydririvers-ops-dashboard/node_modules/sass/sass.dart.js:117750:19)]
    [at SelectorParser0._selector$_pseudoSelector$0 (/Users/tialarocha/Desktop/hydririvers-ops-dashboard/node_modules/sass/sass.dart.js:120263:21)]
    [at SelectorParser0._selector$_simpleSelector$1$allowParent (/Users/tialarocha/Desktop/hydririvers-ops-dashboard/node_modules/sass/sass.dart.js:120171:24)]
    [at SelectorParser0._selector$_compoundSelector$0 (/Users/tialarocha/Desktop/hydririvers-ops-dashboard/node_modules/sass/sass.dart.js:120142:31)]
    [at SelectorParser0._selector$_complexSelector$1$lineBreak (/Users/tialarocha/Desktop/hydririvers-ops-dashboard/node_modules/sass/sass.dart.js:120112:32)]
    [at SelectorParser0._selector$_complexSelector$0 (/Users/tialarocha/Desktop/hydririvers-ops-dashboard/node_modules/sass/sass.dart.js:120134:19)]

Import traces:
  Client Component Browser:
    ./src/app/[locale]/hy-ui-lab/icon-button/glass-test-backdrop.module.sass [Client Component Browser]
    ./src/app/[locale]/hy-ui-lab/icon-button/glass-test-backdrop.tsx [Client Component Browser]
    ./src/app/[locale]/hy-ui-lab/icon-button/icon-button-visual-lab.tsx [Client Component Browser]
    ./src/app/[locale]/hy-ui-lab/icon-button/icon-button-visual-lab.tsx [Server Component]
    ./src/app/[locale]/hy-ui-lab/icon-button/page.tsx [Server Component]

  Client Component SSR:
    ./src/app/[locale]/hy-ui-lab/icon-button/glass-test-backdrop.module.sass [Client Component SSR]
    ./src/app/[locale]/hy-ui-lab/icon-button/glass-test-backdrop.tsx [Client Component SSR]
    ./src/app/[locale]/hy-ui-lab/icon-button/icon-button-visual-lab.tsx [Client Component SSR]
    ./src/app/[locale]/hy-ui-lab/icon-button/icon-button-visual-lab.tsx [Server Component]
    ./src/app/[locale]/hy-ui-lab/icon-button/page.tsx [Server Component] @ http://localhost:3000/_next/static/chunks/node_modules_next_dist_0u_w_5s._.js:1945
[ 7917274ms] [ERROR] ./src/app/[locale]/hy-ui-lab/icon-button/glass-test-backdrop.module.sass
Error evaluating Node.js code
Error: Expected identifier.
   ╷
19 │ +  filter: blur(0.5px)
   │           ^
   ╵
  src/app/[locale]/hy-ui-lab/icon-button/glass-test-backdrop.module.sass 19:11  root stylesheet
  (from /Users/tialarocha/Desktop/hydririvers-ops-dashboard/node_modules/next/dist/build/webpack/loaders/resolve-url-loader/index.js, /Users/tialarocha/Desktop/hydririvers-ops-dashboard/node_modules/next/dist/compiled/sass-loader/cjs.js)
Caused by: Error: Expected identifier.
   ╷
19 │ +  filter: blur(0.5px)
   │           ^
   ╵
  src/app/[locale]/hy-ui-lab/icon-button/glass-test-backdrop.module.sass 19:11  root stylesheet
    [at Object.wrapException (/Users/tialarocha/Desktop/hydririvers-ops-dashboard/node_modules/sass/sass.dart.js:2337:47)]
    [at SpanScanner.error$3$length$position (/Users/tialarocha/Desktop/hydririvers-ops-dashboard/node_modules/sass/sass.dart.js:87427:15)]
    [at SpanScanner.error$1 (/Users/tialarocha/Desktop/hydririvers-ops-dashboard/node_modules/sass/sass.dart.js:87430:19)]
    [at SelectorParser0.identifier$2$normalize$unit (/Users/tialarocha/Desktop/hydririvers-ops-dashboard/node_modules/sass/sass.dart.js:117743:12)]
    [at SelectorParser0.identifier$0 (/Users/tialarocha/Desktop/hydririvers-ops-dashboard/node_modules/sass/sass.dart.js:117750:19)]
    [at SelectorParser0._selector$_pseudoSelector$0 (/Users/tialarocha/Desktop/hydririvers-ops-dashboard/node_modules/sass/sass.dart.js:120263:21)]
    [at SelectorParser0._selector$_simpleSelector$1$allowParent (/Users/tialarocha/Desktop/hydririvers-ops-dashboard/node_modules/sass/sass.dart.js:120171:24)]
    [at SelectorParser0._selector$_compoundSelector$0 (/Users/tialarocha/Desktop/hydririvers-ops-dashboard/node_modules/sass/sass.dart.js:120142:31)]
    [at SelectorParser0._selector$_complexSelector$1$lineBreak (/Users/tialarocha/Desktop/hydririvers-ops-dashboard/node_modules/sass/sass.dart.js:120112:32)]
    [at SelectorParser0._selector$_complexSelector$0 (/Users/tialarocha/Desktop/hydririvers-ops-dashboard/node_modules/sass/sass.dart.js:120134:19)]

Import traces:
  Client Component Browser:
    ./src/app/[locale]/hy-ui-lab/icon-button/glass-test-backdrop.module.sass [Client Component Browser]
    ./src/app/[locale]/hy-ui-lab/icon-button/glass-test-backdrop.tsx [Client Component Browser]
    ./src/app/[locale]/hy-ui-lab/icon-button/icon-button-visual-lab.tsx [Client Component Browser]
    ./src/app/[locale]/hy-ui-lab/icon-button/icon-button-visual-lab.tsx [Server Component]
    ./src/app/[locale]/hy-ui-lab/icon-button/page.tsx [Server Component]

  Client Component SSR:
    ./src/app/[locale]/hy-ui-lab/icon-button/glass-test-backdrop.module.sass [Client Component SSR]
    ./src/app/[locale]/hy-ui-lab/icon-button/glass-test-backdrop.tsx [Client Component SSR]
    ./src/app/[locale]/hy-ui-lab/icon-button/icon-button-visual-lab.tsx [Client Component SSR]
    ./src/app/[locale]/hy-ui-lab/icon-button/icon-button-visual-lab.tsx [Server Component]
    ./src/app/[locale]/hy-ui-lab/icon-button/page.tsx [Server Component] @ http://localhost:3000/_next/static/chunks/node_modules_next_dist_0u_w_5s._.js:1945
[ 7917319ms] [LOG] [Fast Refresh] rebuilding @ http://localhost:3000/_next/static/chunks/node_modules_next_dist_0u_w_5s._.js:1226
[ 7917347ms] [ERROR] ./src/app/[locale]/hy-ui-lab/icon-button/glass-test-backdrop.module.sass
Error evaluating Node.js code
Error: Expected identifier.
   ╷
19 │ +  filter: blur(0.5px)
   │           ^
   ╵
  src/app/[locale]/hy-ui-lab/icon-button/glass-test-backdrop.module.sass 19:11  root stylesheet
  (from /Users/tialarocha/Desktop/hydririvers-ops-dashboard/node_modules/next/dist/build/webpack/loaders/resolve-url-loader/index.js, /Users/tialarocha/Desktop/hydririvers-ops-dashboard/node_modules/next/dist/compiled/sass-loader/cjs.js)
Caused by: Error: Expected identifier.
   ╷
19 │ +  filter: blur(0.5px)
   │           ^
   ╵
  src/app/[locale]/hy-ui-lab/icon-button/glass-test-backdrop.module.sass 19:11  root stylesheet
    [at Object.wrapException (/Users/tialarocha/Desktop/hydririvers-ops-dashboard/node_modules/sass/sass.dart.js:2337:47)]
    [at SpanScanner.error$3$length$position (/Users/tialarocha/Desktop/hydririvers-ops-dashboard/node_modules/sass/sass.dart.js:87427:15)]
    [at SpanScanner.error$1 (/Users/tialarocha/Desktop/hydririvers-ops-dashboard/node_modules/sass/sass.dart.js:87430:19)]
    [at SelectorParser0.identifier$2$normalize$unit (/Users/tialarocha/Desktop/hydririvers-ops-dashboard/node_modules/sass/sass.dart.js:117743:12)]
    [at SelectorParser0.identifier$0 (/Users/tialarocha/Desktop/hydririvers-ops-dashboard/node_modules/sass/sass.dart.js:117750:19)]
    [at SelectorParser0._selector$_pseudoSelector$0 (/Users/tialarocha/Desktop/hydririvers-ops-dashboard/node_modules/sass/sass.dart.js:120263:21)]
    [at SelectorParser0._selector$_simpleSelector$1$allowParent (/Users/tialarocha/Desktop/hydririvers-ops-dashboard/node_modules/sass/sass.dart.js:120171:24)]
    [at SelectorParser0._selector$_compoundSelector$0 (/Users/tialarocha/Desktop/hydririvers-ops-dashboard/node_modules/sass/sass.dart.js:120142:31)]
    [at SelectorParser0._selector$_complexSelector$1$lineBreak (/Users/tialarocha/Desktop/hydririvers-ops-dashboard/node_modules/sass/sass.dart.js:120112:32)]
    [at SelectorParser0._selector$_complexSelector$0 (/Users/tialarocha/Desktop/hydririvers-ops-dashboard/node_modules/sass/sass.dart.js:120134:19)]

Import traces:
  Client Component Browser:
    ./src/app/[locale]/hy-ui-lab/icon-button/glass-test-backdrop.module.sass [Client Component Browser]
    ./src/app/[locale]/hy-ui-lab/icon-button/glass-test-backdrop.tsx [Client Component Browser]
    ./src/app/[locale]/hy-ui-lab/icon-button/icon-button-visual-lab.tsx [Client Component Browser]
    ./src/app/[locale]/hy-ui-lab/icon-button/icon-button-visual-lab.tsx [Server Component]
    ./src/app/[locale]/hy-ui-lab/icon-button/page.tsx [Server Component]

  Client Component SSR:
    ./src/app/[locale]/hy-ui-lab/icon-button/glass-test-backdrop.module.sass [Client Component SSR]
    ./src/app/[locale]/hy-ui-lab/icon-button/glass-test-backdrop.tsx [Client Component SSR]
    ./src/app/[locale]/hy-ui-lab/icon-button/icon-button-visual-lab.tsx [Client Component SSR]
    ./src/app/[locale]/hy-ui-lab/icon-button/icon-button-visual-lab.tsx [Server Component]
    ./src/app/[locale]/hy-ui-lab/icon-button/page.tsx [Server Component] @ http://localhost:3000/_next/static/chunks/node_modules_next_dist_0u_w_5s._.js:1945
[ 7917431ms] [ERROR] ./src/app/[locale]/hy-ui-lab/icon-button/glass-test-backdrop.module.sass
Error evaluating Node.js code
Error: Expected identifier.
   ╷
19 │ +  filter: blur(0.5px)
   │           ^
   ╵
  src/app/[locale]/hy-ui-lab/icon-button/glass-test-backdrop.module.sass 19:11  root stylesheet
  (from /Users/tialarocha/Desktop/hydririvers-ops-dashboard/node_modules/next/dist/build/webpack/loaders/resolve-url-loader/index.js, /Users/tialarocha/Desktop/hydririvers-ops-dashboard/node_modules/next/dist/compiled/sass-loader/cjs.js)
Caused by: Error: Expected identifier.
   ╷
19 │ +  filter: blur(0.5px)
   │           ^
   ╵
  src/app/[locale]/hy-ui-lab/icon-button/glass-test-backdrop.module.sass 19:11  root stylesheet
    [at Object.wrapException (/Users/tialarocha/Desktop/hydririvers-ops-dashboard/node_modules/sass/sass.dart.js:2337:47)]
    [at SpanScanner.error$3$length$position (/Users/tialarocha/Desktop/hydririvers-ops-dashboard/node_modules/sass/sass.dart.js:87427:15)]
    [at SpanScanner.error$1 (/Users/tialarocha/Desktop/hydririvers-ops-dashboard/node_modules/sass/sass.dart.js:87430:19)]
    [at SelectorParser0.identifier$2$normalize$unit (/Users/tialarocha/Desktop/hydririvers-ops-dashboard/node_modules/sass/sass.dart.js:117743:12)]
    [at SelectorParser0.identifier$0 (/Users/tialarocha/Desktop/hydririvers-ops-dashboard/node_modules/sass/sass.dart.js:117750:19)]
    [at SelectorParser0._selector$_pseudoSelector$0 (/Users/tialarocha/Desktop/hydririvers-ops-dashboard/node_modules/sass/sass.dart.js:120263:21)]
    [at SelectorParser0._selector$_simpleSelector$1$allowParent (/Users/tialarocha/Desktop/hydririvers-ops-dashboard/node_modules/sass/sass.dart.js:120171:24)]
    [at SelectorParser0._selector$_compoundSelector$0 (/Users/tialarocha/Desktop/hydririvers-ops-dashboard/node_modules/sass/sass.dart.js:120142:31)]
    [at SelectorParser0._selector$_complexSelector$1$lineBreak (/Users/tialarocha/Desktop/hydririvers-ops-dashboard/node_modules/sass/sass.dart.js:120112:32)]
    [at SelectorParser0._selector$_complexSelector$0 (/Users/tialarocha/Desktop/hydririvers-ops-dashboard/node_modules/sass/sass.dart.js:120134:19)]

Import traces:
  Client Component Browser:
    ./src/app/[locale]/hy-ui-lab/icon-button/glass-test-backdrop.module.sass [Client Component Browser]
    ./src/app/[locale]/hy-ui-lab/icon-button/glass-test-backdrop.tsx [Client Component Browser]
    ./src/app/[locale]/hy-ui-lab/icon-button/icon-button-visual-lab.tsx [Client Component Browser]
    ./src/app/[locale]/hy-ui-lab/icon-button/icon-button-visual-lab.tsx [Server Component]
    ./src/app/[locale]/hy-ui-lab/icon-button/page.tsx [Server Component]

  Client Component SSR:
    ./src/app/[locale]/hy-ui-lab/icon-button/glass-test-backdrop.module.sass [Client Component SSR]
    ./src/app/[locale]/hy-ui-lab/icon-button/glass-test-backdrop.tsx [Client Component SSR]
    ./src/app/[locale]/hy-ui-lab/icon-button/icon-button-visual-lab.tsx [Client Component SSR]
    ./src/app/[locale]/hy-ui-lab/icon-button/icon-button-visual-lab.tsx [Server Component]
    ./src/app/[locale]/hy-ui-lab/icon-button/page.tsx [Server Component] @ http://localhost:3000/_next/static/chunks/node_modules_next_dist_0u_w_5s._.js:1945
[ 7917528ms] [ERROR] ./src/app/[locale]/hy-ui-lab/icon-button/glass-test-backdrop.module.sass
Error evaluating Node.js code
Error: Expected identifier.
   ╷
19 │ +  filter: blur(0.5px)
   │           ^
   ╵
  src/app/[locale]/hy-ui-lab/icon-button/glass-test-backdrop.module.sass 19:11  root stylesheet
  (from /Users/tialarocha/Desktop/hydririvers-ops-dashboard/node_modules/next/dist/build/webpack/loaders/resolve-url-loader/index.js, /Users/tialarocha/Desktop/hydririvers-ops-dashboard/node_modules/next/dist/compiled/sass-loader/cjs.js)
Caused by: Error: Expected identifier.
   ╷
19 │ +  filter: blur(0.5px)
   │           ^
   ╵
  src/app/[locale]/hy-ui-lab/icon-button/glass-test-backdrop.module.sass 19:11  root stylesheet
    [at Object.wrapException (/Users/tialarocha/Desktop/hydririvers-ops-dashboard/node_modules/sass/sass.dart.js:2337:47)]
    [at SpanScanner.error$3$length$position (/Users/tialarocha/Desktop/hydririvers-ops-dashboard/node_modules/sass/sass.dart.js:87427:15)]
    [at SpanScanner.error$1 (/Users/tialarocha/Desktop/hydririvers-ops-dashboard/node_modules/sass/sass.dart.js:87430:19)]
    [at SelectorParser0.identifier$2$normalize$unit (/Users/tialarocha/Desktop/hydririvers-ops-dashboard/node_modules/sass/sass.dart.js:117743:12)]
    [at SelectorParser0.identifier$0 (/Users/tialarocha/Desktop/hydririvers-ops-dashboard/node_modules/sass/sass.dart.js:117750:19)]
    [at SelectorParser0._selector$_pseudoSelector$0 (/Users/tialarocha/Desktop/hydririvers-ops-dashboard/node_modules/sass/sass.dart.js:120263:21)]
    [at SelectorParser0._selector$_simpleSelector$1$allowParent (/Users/tialarocha/Desktop/hydririvers-ops-dashboard/node_modules/sass/sass.dart.js:120171:24)]
    [at SelectorParser0._selector$_compoundSelector$0 (/Users/tialarocha/Desktop/hydririvers-ops-dashboard/node_modules/sass/sass.dart.js:120142:31)]
    [at SelectorParser0._selector$_complexSelector$1$lineBreak (/Users/tialarocha/Desktop/hydririvers-ops-dashboard/node_modules/sass/sass.dart.js:120112:32)]
    [at SelectorParser0._selector$_complexSelector$0 (/Users/tialarocha/Desktop/hydririvers-ops-dashboard/node_modules/sass/sass.dart.js:120134:19)]

Import traces:
  Client Component Browser:
    ./src/app/[locale]/hy-ui-lab/icon-button/glass-test-backdrop.module.sass [Client Component Browser]
    ./src/app/[locale]/hy-ui-lab/icon-button/glass-test-backdrop.tsx [Client Component Browser]
    ./src/app/[locale]/hy-ui-lab/icon-button/icon-button-visual-lab.tsx [Client Component Browser]
    ./src/app/[locale]/hy-ui-lab/icon-button/icon-button-visual-lab.tsx [Server Component]
    ./src/app/[locale]/hy-ui-lab/icon-button/page.tsx [Server Component]

  Client Component SSR:
    ./src/app/[locale]/hy-ui-lab/icon-button/glass-test-backdrop.module.sass [Client Component SSR]
    ./src/app/[locale]/hy-ui-lab/icon-button/glass-test-backdrop.tsx [Client Component SSR]
    ./src/app/[locale]/hy-ui-lab/icon-button/icon-button-visual-lab.tsx [Client Component SSR]
    ./src/app/[locale]/hy-ui-lab/icon-button/icon-button-visual-lab.tsx [Server Component]
    ./src/app/[locale]/hy-ui-lab/icon-button/page.tsx [Server Component] @ http://localhost:3000/_next/static/chunks/node_modules_next_dist_0u_w_5s._.js:1945
[ 7917550ms] [LOG] [Fast Refresh] rebuilding @ http://localhost:3000/_next/static/chunks/node_modules_next_dist_0u_w_5s._.js:1226
[ 7922866ms] [LOG] [Fast Refresh] rebuilding @ http://localhost:3000/_next/static/chunks/node_modules_next_dist_0u_w_5s._.js:1226
[ 7923079ms] [ERROR] ./src/app/[locale]/hy-ui-lab/icon-button/glass-test-backdrop.module.sass
Error evaluating Node.js code
Error: Expected identifier.
   ╷
19 │ +  filter: blur(0.5px)
   │           ^
   ╵
  src/app/[locale]/hy-ui-lab/icon-button/glass-test-backdrop.module.sass 19:11  root stylesheet
  (from /Users/tialarocha/Desktop/hydririvers-ops-dashboard/node_modules/next/dist/build/webpack/loaders/resolve-url-loader/index.js, /Users/tialarocha/Desktop/hydririvers-ops-dashboard/node_modules/next/dist/compiled/sass-loader/cjs.js)
Caused by: Error: Expected identifier.
   ╷
19 │ +  filter: blur(0.5px)
   │           ^
   ╵
  src/app/[locale]/hy-ui-lab/icon-button/glass-test-backdrop.module.sass 19:11  root stylesheet
    [at Object.wrapException (/Users/tialarocha/Desktop/hydririvers-ops-dashboard/node_modules/sass/sass.dart.js:2337:47)]
    [at SpanScanner.error$3$length$position (/Users/tialarocha/Desktop/hydririvers-ops-dashboard/node_modules/sass/sass.dart.js:87427:15)]
    [at SpanScanner.error$1 (/Users/tialarocha/Desktop/hydririvers-ops-dashboard/node_modules/sass/sass.dart.js:87430:19)]
    [at SelectorParser0.identifier$2$normalize$unit (/Users/tialarocha/Desktop/hydririvers-ops-dashboard/node_modules/sass/sass.dart.js:117743:12)]
    [at SelectorParser0.identifier$0 (/Users/tialarocha/Desktop/hydririvers-ops-dashboard/node_modules/sass/sass.dart.js:117750:19)]
    [at SelectorParser0._selector$_pseudoSelector$0 (/Users/tialarocha/Desktop/hydririvers-ops-dashboard/node_modules/sass/sass.dart.js:120263:21)]
    [at SelectorParser0._selector$_simpleSelector$1$allowParent (/Users/tialarocha/Desktop/hydririvers-ops-dashboard/node_modules/sass/sass.dart.js:120171:24)]
    [at SelectorParser0._selector$_compoundSelector$0 (/Users/tialarocha/Desktop/hydririvers-ops-dashboard/node_modules/sass/sass.dart.js:120142:31)]
    [at SelectorParser0._selector$_complexSelector$1$lineBreak (/Users/tialarocha/Desktop/hydririvers-ops-dashboard/node_modules/sass/sass.dart.js:120112:32)]
    [at SelectorParser0._selector$_complexSelector$0 (/Users/tialarocha/Desktop/hydririvers-ops-dashboard/node_modules/sass/sass.dart.js:120134:19)]

Import traces:
  Client Component Browser:
    ./src/app/[locale]/hy-ui-lab/icon-button/glass-test-backdrop.module.sass [Client Component Browser]
    ./src/app/[locale]/hy-ui-lab/icon-button/glass-test-backdrop.tsx [Client Component Browser]
    ./src/app/[locale]/hy-ui-lab/icon-button/icon-button-visual-lab.tsx [Client Component Browser]
    ./src/app/[locale]/hy-ui-lab/icon-button/icon-button-visual-lab.tsx [Server Component]
    ./src/app/[locale]/hy-ui-lab/icon-button/page.tsx [Server Component]

  Client Component SSR:
    ./src/app/[locale]/hy-ui-lab/icon-button/glass-test-backdrop.module.sass [Client Component SSR]
    ./src/app/[locale]/hy-ui-lab/icon-button/glass-test-backdrop.tsx [Client Component SSR]
    ./src/app/[locale]/hy-ui-lab/icon-button/icon-button-visual-lab.tsx [Client Component SSR]
    ./src/app/[locale]/hy-ui-lab/icon-button/icon-button-visual-lab.tsx [Server Component]
    ./src/app/[locale]/hy-ui-lab/icon-button/page.tsx [Server Component] @ http://localhost:3000/_next/static/chunks/node_modules_next_dist_0u_w_5s._.js:1945
[ 7923354ms] [ERROR] ./src/app/[locale]/hy-ui-lab/icon-button/glass-test-backdrop.module.sass
Error evaluating Node.js code
Error: Expected identifier.
   ╷
19 │ +  filter: blur(0.5px)
   │           ^
   ╵
  src/app/[locale]/hy-ui-lab/icon-button/glass-test-backdrop.module.sass 19:11  root stylesheet
  (from /Users/tialarocha/Desktop/hydririvers-ops-dashboard/node_modules/next/dist/build/webpack/loaders/resolve-url-loader/index.js, /Users/tialarocha/Desktop/hydririvers-ops-dashboard/node_modules/next/dist/compiled/sass-loader/cjs.js)
Caused by: Error: Expected identifier.
   ╷
19 │ +  filter: blur(0.5px)
   │           ^
   ╵
  src/app/[locale]/hy-ui-lab/icon-button/glass-test-backdrop.module.sass 19:11  root stylesheet
    [at Object.wrapException (/Users/tialarocha/Desktop/hydririvers-ops-dashboard/node_modules/sass/sass.dart.js:2337:47)]
    [at SpanScanner.error$3$length$position (/Users/tialarocha/Desktop/hydririvers-ops-dashboard/node_modules/sass/sass.dart.js:87427:15)]
    [at SpanScanner.error$1 (/Users/tialarocha/Desktop/hydririvers-ops-dashboard/node_modules/sass/sass.dart.js:87430:19)]
    [at SelectorParser0.identifier$2$normalize$unit (/Users/tialarocha/Desktop/hydririvers-ops-dashboard/node_modules/sass/sass.dart.js:117743:12)]
    [at SelectorParser0.identifier$0 (/Users/tialarocha/Desktop/hydririvers-ops-dashboard/node_modules/sass/sass.dart.js:117750:19)]
    [at SelectorParser0._selector$_pseudoSelector$0 (/Users/tialarocha/Desktop/hydririvers-ops-dashboard/node_modules/sass/sass.dart.js:120263:21)]
    [at SelectorParser0._selector$_simpleSelector$1$allowParent (/Users/tialarocha/Desktop/hydririvers-ops-dashboard/node_modules/sass/sass.dart.js:120171:24)]
    [at SelectorParser0._selector$_compoundSelector$0 (/Users/tialarocha/Desktop/hydririvers-ops-dashboard/node_modules/sass/sass.dart.js:120142:31)]
    [at SelectorParser0._selector$_complexSelector$1$lineBreak (/Users/tialarocha/Desktop/hydririvers-ops-dashboard/node_modules/sass/sass.dart.js:120112:32)]
    [at SelectorParser0._selector$_complexSelector$0 (/Users/tialarocha/Desktop/hydririvers-ops-dashboard/node_modules/sass/sass.dart.js:120134:19)]

Import traces:
  Client Component Browser:
    ./src/app/[locale]/hy-ui-lab/icon-button/glass-test-backdrop.module.sass [Client Component Browser]
    ./src/app/[locale]/hy-ui-lab/icon-button/glass-test-backdrop.tsx [Client Component Browser]
    ./src/app/[locale]/hy-ui-lab/icon-button/icon-button-visual-lab.tsx [Client Component Browser]
    ./src/app/[locale]/hy-ui-lab/icon-button/icon-button-visual-lab.tsx [Server Component]
    ./src/app/[locale]/hy-ui-lab/icon-button/page.tsx [Server Component]

  Client Component SSR:
    ./src/app/[locale]/hy-ui-lab/icon-button/glass-test-backdrop.module.sass [Client Component SSR]
    ./src/app/[locale]/hy-ui-lab/icon-button/glass-test-backdrop.tsx [Client Component SSR]
    ./src/app/[locale]/hy-ui-lab/icon-button/icon-button-visual-lab.tsx [Client Component SSR]
    ./src/app/[locale]/hy-ui-lab/icon-button/icon-button-visual-lab.tsx [Server Component]
    ./src/app/[locale]/hy-ui-lab/icon-button/page.tsx [Server Component] @ http://localhost:3000/_next/static/chunks/node_modules_next_dist_0u_w_5s._.js:1945
[ 7923390ms] [ERROR] ./src/app/[locale]/hy-ui-lab/icon-button/glass-test-backdrop.module.sass
Error evaluating Node.js code
Error: Expected identifier.
   ╷
19 │ +  filter: blur(0.5px)
   │           ^
   ╵
  src/app/[locale]/hy-ui-lab/icon-button/glass-test-backdrop.module.sass 19:11  root stylesheet
  (from /Users/tialarocha/Desktop/hydririvers-ops-dashboard/node_modules/next/dist/build/webpack/loaders/resolve-url-loader/index.js, /Users/tialarocha/Desktop/hydririvers-ops-dashboard/node_modules/next/dist/compiled/sass-loader/cjs.js)
Caused by: Error: Expected identifier.
   ╷
19 │ +  filter: blur(0.5px)
   │           ^
   ╵
  src/app/[locale]/hy-ui-lab/icon-button/glass-test-backdrop.module.sass 19:11  root stylesheet
    [at Object.wrapException (/Users/tialarocha/Desktop/hydririvers-ops-dashboard/node_modules/sass/sass.dart.js:2337:47)]
    [at SpanScanner.error$3$length$position (/Users/tialarocha/Desktop/hydririvers-ops-dashboard/node_modules/sass/sass.dart.js:87427:15)]
    [at SpanScanner.error$1 (/Users/tialarocha/Desktop/hydririvers-ops-dashboard/node_modules/sass/sass.dart.js:87430:19)]
    [at SelectorParser0.identifier$2$normalize$unit (/Users/tialarocha/Desktop/hydririvers-ops-dashboard/node_modules/sass/sass.dart.js:117743:12)]
    [at SelectorParser0.identifier$0 (/Users/tialarocha/Desktop/hydririvers-ops-dashboard/node_modules/sass/sass.dart.js:117750:19)]
    [at SelectorParser0._selector$_pseudoSelector$0 (/Users/tialarocha/Desktop/hydririvers-ops-dashboard/node_modules/sass/sass.dart.js:120263:21)]
    [at SelectorParser0._selector$_simpleSelector$1$allowParent (/Users/tialarocha/Desktop/hydririvers-ops-dashboard/node_modules/sass/sass.dart.js:120171:24)]
    [at SelectorParser0._selector$_compoundSelector$0 (/Users/tialarocha/Desktop/hydririvers-ops-dashboard/node_modules/sass/sass.dart.js:120142:31)]
    [at SelectorParser0._selector$_complexSelector$1$lineBreak (/Users/tialarocha/Desktop/hydririvers-ops-dashboard/node_modules/sass/sass.dart.js:120112:32)]
    [at SelectorParser0._selector$_complexSelector$0 (/Users/tialarocha/Desktop/hydririvers-ops-dashboard/node_modules/sass/sass.dart.js:120134:19)]

Import traces:
  Client Component Browser:
    ./src/app/[locale]/hy-ui-lab/icon-button/glass-test-backdrop.module.sass [Client Component Browser]
    ./src/app/[locale]/hy-ui-lab/icon-button/glass-test-backdrop.tsx [Client Component Browser]
    ./src/app/[locale]/hy-ui-lab/icon-button/icon-button-visual-lab.tsx [Client Component Browser]
    ./src/app/[locale]/hy-ui-lab/icon-button/icon-button-visual-lab.tsx [Server Component]
    ./src/app/[locale]/hy-ui-lab/icon-button/page.tsx [Server Component]

  Client Component SSR:
    ./src/app/[locale]/hy-ui-lab/icon-button/glass-test-backdrop.module.sass [Client Component SSR]
    ./src/app/[locale]/hy-ui-lab/icon-button/glass-test-backdrop.tsx [Client Component SSR]
    ./src/app/[locale]/hy-ui-lab/icon-button/icon-button-visual-lab.tsx [Client Component SSR]
    ./src/app/[locale]/hy-ui-lab/icon-button/icon-button-visual-lab.tsx [Server Component]
    ./src/app/[locale]/hy-ui-lab/icon-button/page.tsx [Server Component] @ http://localhost:3000/_next/static/chunks/node_modules_next_dist_0u_w_5s._.js:1945
[ 7923495ms] [LOG] [Fast Refresh] rebuilding @ http://localhost:3000/_next/static/chunks/node_modules_next_dist_0u_w_5s._.js:1226
[ 7923515ms] [ERROR] ./src/app/[locale]/hy-ui-lab/icon-button/glass-test-backdrop.module.sass
Error evaluating Node.js code
Error: Expected identifier.
   ╷
19 │ +  filter: blur(0.5px)
   │           ^
   ╵
  src/app/[locale]/hy-ui-lab/icon-button/glass-test-backdrop.module.sass 19:11  root stylesheet
  (from /Users/tialarocha/Desktop/hydririvers-ops-dashboard/node_modules/next/dist/build/webpack/loaders/resolve-url-loader/index.js, /Users/tialarocha/Desktop/hydririvers-ops-dashboard/node_modules/next/dist/compiled/sass-loader/cjs.js)
Caused by: Error: Expected identifier.
   ╷
19 │ +  filter: blur(0.5px)
   │           ^
   ╵
  src/app/[locale]/hy-ui-lab/icon-button/glass-test-backdrop.module.sass 19:11  root stylesheet
    [at Object.wrapException (/Users/tialarocha/Desktop/hydririvers-ops-dashboard/node_modules/sass/sass.dart.js:2337:47)]
    [at SpanScanner.error$3$length$position (/Users/tialarocha/Desktop/hydririvers-ops-dashboard/node_modules/sass/sass.dart.js:87427:15)]
    [at SpanScanner.error$1 (/Users/tialarocha/Desktop/hydririvers-ops-dashboard/node_modules/sass/sass.dart.js:87430:19)]
    [at SelectorParser0.identifier$2$normalize$unit (/Users/tialarocha/Desktop/hydririvers-ops-dashboard/node_modules/sass/sass.dart.js:117743:12)]
    [at SelectorParser0.identifier$0 (/Users/tialarocha/Desktop/hydririvers-ops-dashboard/node_modules/sass/sass.dart.js:117750:19)]
    [at SelectorParser0._selector$_pseudoSelector$0 (/Users/tialarocha/Desktop/hydririvers-ops-dashboard/node_modules/sass/sass.dart.js:120263:21)]
    [at SelectorParser0._selector$_simpleSelector$1$allowParent (/Users/tialarocha/Desktop/hydririvers-ops-dashboard/node_modules/sass/sass.dart.js:120171:24)]
    [at SelectorParser0._selector$_compoundSelector$0 (/Users/tialarocha/Desktop/hydririvers-ops-dashboard/node_modules/sass/sass.dart.js:120142:31)]
    [at SelectorParser0._selector$_complexSelector$1$lineBreak (/Users/tialarocha/Desktop/hydririvers-ops-dashboard/node_modules/sass/sass.dart.js:120112:32)]
    [at SelectorParser0._selector$_complexSelector$0 (/Users/tialarocha/Desktop/hydririvers-ops-dashboard/node_modules/sass/sass.dart.js:120134:19)]

Import traces:
  Client Component Browser:
    ./src/app/[locale]/hy-ui-lab/icon-button/glass-test-backdrop.module.sass [Client Component Browser]
    ./src/app/[locale]/hy-ui-lab/icon-button/glass-test-backdrop.tsx [Client Component Browser]
    ./src/app/[locale]/hy-ui-lab/icon-button/icon-button-visual-lab.tsx [Client Component Browser]
    ./src/app/[locale]/hy-ui-lab/icon-button/icon-button-visual-lab.tsx [Server Component]
    ./src/app/[locale]/hy-ui-lab/icon-button/page.tsx [Server Component]

  Client Component SSR:
    ./src/app/[locale]/hy-ui-lab/icon-button/glass-test-backdrop.module.sass [Client Component SSR]
    ./src/app/[locale]/hy-ui-lab/icon-button/glass-test-backdrop.tsx [Client Component SSR]
    ./src/app/[locale]/hy-ui-lab/icon-button/icon-button-visual-lab.tsx [Client Component SSR]
    ./src/app/[locale]/hy-ui-lab/icon-button/icon-button-visual-lab.tsx [Server Component]
    ./src/app/[locale]/hy-ui-lab/icon-button/page.tsx [Server Component] @ http://localhost:3000/_next/static/chunks/node_modules_next_dist_0u_w_5s._.js:1945
[ 7923576ms] [ERROR] ./src/app/[locale]/hy-ui-lab/icon-button/glass-test-backdrop.module.sass
Error evaluating Node.js code
Error: Expected identifier.
   ╷
19 │ +  filter: blur(0.5px)
   │           ^
   ╵
  src/app/[locale]/hy-ui-lab/icon-button/glass-test-backdrop.module.sass 19:11  root stylesheet
  (from /Users/tialarocha/Desktop/hydririvers-ops-dashboard/node_modules/next/dist/build/webpack/loaders/resolve-url-loader/index.js, /Users/tialarocha/Desktop/hydririvers-ops-dashboard/node_modules/next/dist/compiled/sass-loader/cjs.js)
Caused by: Error: Expected identifier.
   ╷
19 │ +  filter: blur(0.5px)
   │           ^
   ╵
  src/app/[locale]/hy-ui-lab/icon-button/glass-test-backdrop.module.sass 19:11  root stylesheet
    [at Object.wrapException (/Users/tialarocha/Desktop/hydririvers-ops-dashboard/node_modules/sass/sass.dart.js:2337:47)]
    [at SpanScanner.error$3$length$position (/Users/tialarocha/Desktop/hydririvers-ops-dashboard/node_modules/sass/sass.dart.js:87427:15)]
    [at SpanScanner.error$1 (/Users/tialarocha/Desktop/hydririvers-ops-dashboard/node_modules/sass/sass.dart.js:87430:19)]
    [at SelectorParser0.identifier$2$normalize$unit (/Users/tialarocha/Desktop/hydririvers-ops-dashboard/node_modules/sass/sass.dart.js:117743:12)]
    [at SelectorParser0.identifier$0 (/Users/tialarocha/Desktop/hydririvers-ops-dashboard/node_modules/sass/sass.dart.js:117750:19)]
    [at SelectorParser0._selector$_pseudoSelector$0 (/Users/tialarocha/Desktop/hydririvers-ops-dashboard/node_modules/sass/sass.dart.js:120263:21)]
    [at SelectorParser0._selector$_simpleSelector$1$allowParent (/Users/tialarocha/Desktop/hydririvers-ops-dashboard/node_modules/sass/sass.dart.js:120171:24)]
    [at SelectorParser0._selector$_compoundSelector$0 (/Users/tialarocha/Desktop/hydririvers-ops-dashboard/node_modules/sass/sass.dart.js:120142:31)]
    [at SelectorParser0._selector$_complexSelector$1$lineBreak (/Users/tialarocha/Desktop/hydririvers-ops-dashboard/node_modules/sass/sass.dart.js:120112:32)]
    [at SelectorParser0._selector$_complexSelector$0 (/Users/tialarocha/Desktop/hydririvers-ops-dashboard/node_modules/sass/sass.dart.js:120134:19)]

Import traces:
  Client Component Browser:
    ./src/app/[locale]/hy-ui-lab/icon-button/glass-test-backdrop.module.sass [Client Component Browser]
    ./src/app/[locale]/hy-ui-lab/icon-button/glass-test-backdrop.tsx [Client Component Browser]
    ./src/app/[locale]/hy-ui-lab/icon-button/icon-button-visual-lab.tsx [Client Component Browser]
    ./src/app/[locale]/hy-ui-lab/icon-button/icon-button-visual-lab.tsx [Server Component]
    ./src/app/[locale]/hy-ui-lab/icon-button/page.tsx [Server Component]

  Client Component SSR:
    ./src/app/[locale]/hy-ui-lab/icon-button/glass-test-backdrop.module.sass [Client Component SSR]
    ./src/app/[locale]/hy-ui-lab/icon-button/glass-test-backdrop.tsx [Client Component SSR]
    ./src/app/[locale]/hy-ui-lab/icon-button/icon-button-visual-lab.tsx [Client Component SSR]
    ./src/app/[locale]/hy-ui-lab/icon-button/icon-button-visual-lab.tsx [Server Component]
    ./src/app/[locale]/hy-ui-lab/icon-button/page.tsx [Server Component] @ http://localhost:3000/_next/static/chunks/node_modules_next_dist_0u_w_5s._.js:1945
[ 7923616ms] [LOG] [Fast Refresh] rebuilding @ http://localhost:3000/_next/static/chunks/node_modules_next_dist_0u_w_5s._.js:1226
[ 7923698ms] [ERROR] Failed to load resource: the server responded with a status of 500 (Internal Server Error) @ http://localhost:3000/pt-BR/cargas:0
[ 7924078ms] [INFO] %cDownload the React DevTools for a better development experience: https://react.dev/link/react-devtools font-weight:bold @ http://localhost:3000/_next/static/chunks/node_modules_react-dom_0bruynb._.js:13920
[ 7924170ms] Error: ./src/app/[locale]/hy-ui-lab/icon-button/glass-test-backdrop.module.sass
Error evaluating Node.js code
Error: Expected identifier.
   ╷
19 │ +  filter: blur(0.5px)
   │           ^
   ╵
  src/app/[locale]/hy-ui-lab/icon-button/glass-test-backdrop.module.sass 19:11  root stylesheet
  (from /Users/tialarocha/Desktop/hydririvers-ops-dashboard/node_modules/next/dist/build/webpack/loaders/resolve-url-loader/index.js, /Users/tialarocha/Desktop/hydririvers-ops-dashboard/node_modules/next/dist/compiled/sass-loader/cjs.js)
Caused by: Error: Expected identifier.
   ╷
19 │ +  filter: blur(0.5px)
   │           ^
   ╵
  src/app/[locale]/hy-ui-lab/icon-button/glass-test-backdrop.module.sass 19:11  root stylesheet
    [at Object.wrapException (/Users/tialarocha/Desktop/hydririvers-ops-dashboard/node_modules/sass/sass.dart.js:2337:47)]
    [at SpanScanner.error$3$length$position (/Users/tialarocha/Desktop/hydririvers-ops-dashboard/node_modules/sass/sass.dart.js:87427:15)]
    [at SpanScanner.error$1 (/Users/tialarocha/Desktop/hydririvers-ops-dashboard/node_modules/sass/sass.dart.js:87430:19)]
    [at SelectorParser0.identifier$2$normalize$unit (/Users/tialarocha/Desktop/hydririvers-ops-dashboard/node_modules/sass/sass.dart.js:117743:12)]
    [at SelectorParser0.identifier$0 (/Users/tialarocha/Desktop/hydririvers-ops-dashboard/node_modules/sass/sass.dart.js:117750:19)]
    [at SelectorParser0._selector$_pseudoSelector$0 (/Users/tialarocha/Desktop/hydririvers-ops-dashboard/node_modules/sass/sass.dart.js:120263:21)]
    [at SelectorParser0._selector$_simpleSelector$1$allowParent (/Users/tialarocha/Desktop/hydririvers-ops-dashboard/node_modules/sass/sass.dart.js:120171:24)]
    [at SelectorParser0._selector$_compoundSelector$0 (/Users/tialarocha/Desktop/hydririvers-ops-dashboard/node_modules/sass/sass.dart.js:120142:31)]
    [at SelectorParser0._selector$_complexSelector$1$lineBreak (/Users/tialarocha/Desktop/hydririvers-ops-dashboard/node_modules/sass/sass.dart.js:120112:32)]
    [at SelectorParser0._selector$_complexSelector$0 (/Users/tialarocha/Desktop/hydririvers-ops-dashboard/node_modules/sass/sass.dart.js:120134:19)]

Import traces:
  Client Component Browser:
    ./src/app/[locale]/hy-ui-lab/icon-button/glass-test-backdrop.module.sass [Client Component Browser]
    ./src/app/[locale]/hy-ui-lab/icon-button/glass-test-backdrop.tsx [Client Component Browser]
    ./src/app/[locale]/hy-ui-lab/icon-button/icon-button-visual-lab.tsx [Client Component Browser]
    ./src/app/[locale]/hy-ui-lab/icon-button/icon-button-visual-lab.tsx [Server Component]
    ./src/app/[locale]/hy-ui-lab/icon-button/page.tsx [Server Component]

  Client Component SSR:
    ./src/app/[locale]/hy-ui-lab/icon-button/glass-test-backdrop.module.sass [Client Component SSR]
    ./src/app/[locale]/hy-ui-lab/icon-button/glass-test-backdrop.tsx [Client Component SSR]
    ./src/app/[locale]/hy-ui-lab/icon-button/icon-button-visual-lab.tsx [Client Component SSR]
    ./src/app/[locale]/hy-ui-lab/icon-button/icon-button-visual-lab.tsx [Server Component]
    ./src/app/[locale]/hy-ui-lab/icon-button/page.tsx [Server Component]


    at Object.getCompilationErrors (file:///Users/tialarocha/Desktop/hydririvers-ops-dashboard/node_modules/next/dist/server/dev/hot-reloader-turbopack.js:1186:59)
    at DevBundlerService.getCompilationError (file:///Users/tialarocha/Desktop/hydririvers-ops-dashboard/node_modules/next/dist/server/lib/dev-bundler-service.js:44:55)
    at DevServer.getCompilationError (file:///Users/tialarocha/Desktop/hydririvers-ops-dashboard/node_modules/next/dist/server/dev/next-dev-server.js:719:42)
    at DevServer.findPageComponents (file:///Users/tialarocha/Desktop/hydririvers-ops-dashboard/node_modules/next/dist/server/dev/next-dev-server.js:689:43)
    at async DevServer.renderErrorToResponseImpl (file:///Users/tialarocha/Desktop/hydririvers-ops-dashboard/node_modules/next/dist/server/base-server.js:1745:26)
[ 7924346ms] [LOG] [HMR] connected @ http://localhost:3000/_next/static/chunks/node_modules_next_dist_0u_w_5s._.js:1226
[ 7924422ms] [ERROR] ./src/app/[locale]/hy-ui-lab/icon-button/glass-test-backdrop.module.sass
Error evaluating Node.js code
Error: Expected identifier.
   ╷
19 │ +  filter: blur(0.5px)
   │           ^
   ╵
  src/app/[locale]/hy-ui-lab/icon-button/glass-test-backdrop.module.sass 19:11  root stylesheet
  (from /Users/tialarocha/Desktop/hydririvers-ops-dashboard/node_modules/next/dist/build/webpack/loaders/resolve-url-loader/index.js, /Users/tialarocha/Desktop/hydririvers-ops-dashboard/node_modules/next/dist/compiled/sass-loader/cjs.js)
Caused by: Error: Expected identifier.
   ╷
19 │ +  filter: blur(0.5px)
   │           ^
   ╵
  src/app/[locale]/hy-ui-lab/icon-button/glass-test-backdrop.module.sass 19:11  root stylesheet
    [at Object.wrapException (/Users/tialarocha/Desktop/hydririvers-ops-dashboard/node_modules/sass/sass.dart.js:2337:47)]
    [at SpanScanner.error$3$length$position (/Users/tialarocha/Desktop/hydririvers-ops-dashboard/node_modules/sass/sass.dart.js:87427:15)]
    [at SpanScanner.error$1 (/Users/tialarocha/Desktop/hydririvers-ops-dashboard/node_modules/sass/sass.dart.js:87430:19)]
    [at SelectorParser0.identifier$2$normalize$unit (/Users/tialarocha/Desktop/hydririvers-ops-dashboard/node_modules/sass/sass.dart.js:117743:12)]
    [at SelectorParser0.identifier$0 (/Users/tialarocha/Desktop/hydririvers-ops-dashboard/node_modules/sass/sass.dart.js:117750:19)]
    [at SelectorParser0._selector$_pseudoSelector$0 (/Users/tialarocha/Desktop/hydririvers-ops-dashboard/node_modules/sass/sass.dart.js:120263:21)]
    [at SelectorParser0._selector$_simpleSelector$1$allowParent (/Users/tialarocha/Desktop/hydririvers-ops-dashboard/node_modules/sass/sass.dart.js:120171:24)]
    [at SelectorParser0._selector$_compoundSelector$0 (/Users/tialarocha/Desktop/hydririvers-ops-dashboard/node_modules/sass/sass.dart.js:120142:31)]
    [at SelectorParser0._selector$_complexSelector$1$lineBreak (/Users/tialarocha/Desktop/hydririvers-ops-dashboard/node_modules/sass/sass.dart.js:120112:32)]
    [at SelectorParser0._selector$_complexSelector$0 (/Users/tialarocha/Desktop/hydririvers-ops-dashboard/node_modules/sass/sass.dart.js:120134:19)]

Import traces:
  Client Component Browser:
    ./src/app/[locale]/hy-ui-lab/icon-button/glass-test-backdrop.module.sass [Client Component Browser]
    ./src/app/[locale]/hy-ui-lab/icon-button/glass-test-backdrop.tsx [Client Component Browser]
    ./src/app/[locale]/hy-ui-lab/icon-button/icon-button-visual-lab.tsx [Client Component Browser]
    ./src/app/[locale]/hy-ui-lab/icon-button/icon-button-visual-lab.tsx [Server Component]
    ./src/app/[locale]/hy-ui-lab/icon-button/page.tsx [Server Component]

  Client Component SSR:
    ./src/app/[locale]/hy-ui-lab/icon-button/glass-test-backdrop.module.sass [Client Component SSR]
    ./src/app/[locale]/hy-ui-lab/icon-button/glass-test-backdrop.tsx [Client Component SSR]
    ./src/app/[locale]/hy-ui-lab/icon-button/icon-button-visual-lab.tsx [Client Component SSR]
    ./src/app/[locale]/hy-ui-lab/icon-button/icon-button-visual-lab.tsx [Server Component]
    ./src/app/[locale]/hy-ui-lab/icon-button/page.tsx [Server Component] @ http://localhost:3000/_next/static/chunks/node_modules_next_dist_0u_w_5s._.js:1945
[ 7924448ms] [ERROR] ./src/app/[locale]/hy-ui-lab/icon-button/glass-test-backdrop.module.sass
Error evaluating Node.js code
Error: Expected identifier.
   ╷
19 │ +  filter: blur(0.5px)
   │           ^
   ╵
  src/app/[locale]/hy-ui-lab/icon-button/glass-test-backdrop.module.sass 19:11  root stylesheet
  (from /Users/tialarocha/Desktop/hydririvers-ops-dashboard/node_modules/next/dist/build/webpack/loaders/resolve-url-loader/index.js, /Users/tialarocha/Desktop/hydririvers-ops-dashboard/node_modules/next/dist/compiled/sass-loader/cjs.js)
Caused by: Error: Expected identifier.
   ╷
19 │ +  filter: blur(0.5px)
   │           ^
   ╵
  src/app/[locale]/hy-ui-lab/icon-button/glass-test-backdrop.module.sass 19:11  root stylesheet
    [at Object.wrapException (/Users/tialarocha/Desktop/hydririvers-ops-dashboard/node_modules/sass/sass.dart.js:2337:47)]
    [at SpanScanner.error$3$length$position (/Users/tialarocha/Desktop/hydririvers-ops-dashboard/node_modules/sass/sass.dart.js:87427:15)]
    [at SpanScanner.error$1 (/Users/tialarocha/Desktop/hydririvers-ops-dashboard/node_modules/sass/sass.dart.js:87430:19)]
    [at SelectorParser0.identifier$2$normalize$unit (/Users/tialarocha/Desktop/hydririvers-ops-dashboard/node_modules/sass/sass.dart.js:117743:12)]
    [at SelectorParser0.identifier$0 (/Users/tialarocha/Desktop/hydririvers-ops-dashboard/node_modules/sass/sass.dart.js:117750:19)]
    [at SelectorParser0._selector$_pseudoSelector$0 (/Users/tialarocha/Desktop/hydririvers-ops-dashboard/node_modules/sass/sass.dart.js:120263:21)]
    [at SelectorParser0._selector$_simpleSelector$1$allowParent (/Users/tialarocha/Desktop/hydririvers-ops-dashboard/node_modules/sass/sass.dart.js:120171:24)]
    [at SelectorParser0._selector$_compoundSelector$0 (/Users/tialarocha/Desktop/hydririvers-ops-dashboard/node_modules/sass/sass.dart.js:120142:31)]
    [at SelectorParser0._selector$_complexSelector$1$lineBreak (/Users/tialarocha/Desktop/hydririvers-ops-dashboard/node_modules/sass/sass.dart.js:120112:32)]
    [at SelectorParser0._selector$_complexSelector$0 (/Users/tialarocha/Desktop/hydririvers-ops-dashboard/node_modules/sass/sass.dart.js:120134:19)]

Import traces:
  Client Component Browser:
    ./src/app/[locale]/hy-ui-lab/icon-button/glass-test-backdrop.module.sass [Client Component Browser]
    ./src/app/[locale]/hy-ui-lab/icon-button/glass-test-backdrop.tsx [Client Component Browser]
    ./src/app/[locale]/hy-ui-lab/icon-button/icon-button-visual-lab.tsx [Client Component Browser]
    ./src/app/[locale]/hy-ui-lab/icon-button/icon-button-visual-lab.tsx [Server Component]
    ./src/app/[locale]/hy-ui-lab/icon-button/page.tsx [Server Component]

  Client Component SSR:
    ./src/app/[locale]/hy-ui-lab/icon-button/glass-test-backdrop.module.sass [Client Component SSR]
    ./src/app/[locale]/hy-ui-lab/icon-button/glass-test-backdrop.tsx [Client Component SSR]
    ./src/app/[locale]/hy-ui-lab/icon-button/icon-button-visual-lab.tsx [Client Component SSR]
    ./src/app/[locale]/hy-ui-lab/icon-button/icon-button-visual-lab.tsx [Server Component]
    ./src/app/[locale]/hy-ui-lab/icon-button/page.tsx [Server Component] @ http://localhost:3000/_next/static/chunks/node_modules_next_dist_0u_w_5s._.js:1945
[ 7924495ms] [LOG] [Fast Refresh] rebuilding @ http://localhost:3000/_next/static/chunks/node_modules_next_dist_0u_w_5s._.js:1226
[ 7925024ms] [LOG] [Fast Refresh] rebuilding @ http://localhost:3000/_next/static/chunks/node_modules_next_dist_0u_w_5s._.js:1226
[ 7925110ms] [ERROR] ./src/app/[locale]/hy-ui-lab/icon-button/glass-test-backdrop.module.sass
Error evaluating Node.js code
Error: Expected identifier.
   ╷
19 │ +  filter: blur(0.5px)
   │           ^
   ╵
  src/app/[locale]/hy-ui-lab/icon-button/glass-test-backdrop.module.sass 19:11  root stylesheet
  (from /Users/tialarocha/Desktop/hydririvers-ops-dashboard/node_modules/next/dist/build/webpack/loaders/resolve-url-loader/index.js, /Users/tialarocha/Desktop/hydririvers-ops-dashboard/node_modules/next/dist/compiled/sass-loader/cjs.js)
Caused by: Error: Expected identifier.
   ╷
19 │ +  filter: blur(0.5px)
   │           ^
   ╵
  src/app/[locale]/hy-ui-lab/icon-button/glass-test-backdrop.module.sass 19:11  root stylesheet
    [at Object.wrapException (/Users/tialarocha/Desktop/hydririvers-ops-dashboard/node_modules/sass/sass.dart.js:2337:47)]
    [at SpanScanner.error$3$length$position (/Users/tialarocha/Desktop/hydririvers-ops-dashboard/node_modules/sass/sass.dart.js:87427:15)]
    [at SpanScanner.error$1 (/Users/tialarocha/Desktop/hydririvers-ops-dashboard/node_modules/sass/sass.dart.js:87430:19)]
    [at SelectorParser0.identifier$2$normalize$unit (/Users/tialarocha/Desktop/hydririvers-ops-dashboard/node_modules/sass/sass.dart.js:117743:12)]
    [at SelectorParser0.identifier$0 (/Users/tialarocha/Desktop/hydririvers-ops-dashboard/node_modules/sass/sass.dart.js:117750:19)]
    [at SelectorParser0._selector$_pseudoSelector$0 (/Users/tialarocha/Desktop/hydririvers-ops-dashboard/node_modules/sass/sass.dart.js:120263:21)]
    [at SelectorParser0._selector$_simpleSelector$1$allowParent (/Users/tialarocha/Desktop/hydririvers-ops-dashboard/node_modules/sass/sass.dart.js:120171:24)]
    [at SelectorParser0._selector$_compoundSelector$0 (/Users/tialarocha/Desktop/hydririvers-ops-dashboard/node_modules/sass/sass.dart.js:120142:31)]
    [at SelectorParser0._selector$_complexSelector$1$lineBreak (/Users/tialarocha/Desktop/hydririvers-ops-dashboard/node_modules/sass/sass.dart.js:120112:32)]
    [at SelectorParser0._selector$_complexSelector$0 (/Users/tialarocha/Desktop/hydririvers-ops-dashboard/node_modules/sass/sass.dart.js:120134:19)]

Import traces:
  Client Component Browser:
    ./src/app/[locale]/hy-ui-lab/icon-button/glass-test-backdrop.module.sass [Client Component Browser]
    ./src/app/[locale]/hy-ui-lab/icon-button/glass-test-backdrop.tsx [Client Component Browser]
    ./src/app/[locale]/hy-ui-lab/icon-button/icon-button-visual-lab.tsx [Client Component Browser]
    ./src/app/[locale]/hy-ui-lab/icon-button/icon-button-visual-lab.tsx [Server Component]
    ./src/app/[locale]/hy-ui-lab/icon-button/page.tsx [Server Component]

  Client Component SSR:
    ./src/app/[locale]/hy-ui-lab/icon-button/glass-test-backdrop.module.sass [Client Component SSR]
    ./src/app/[locale]/hy-ui-lab/icon-button/glass-test-backdrop.tsx [Client Component SSR]
    ./src/app/[locale]/hy-ui-lab/icon-button/icon-button-visual-lab.tsx [Client Component SSR]
    ./src/app/[locale]/hy-ui-lab/icon-button/icon-button-visual-lab.tsx [Server Component]
    ./src/app/[locale]/hy-ui-lab/icon-button/page.tsx [Server Component] @ http://localhost:3000/_next/static/chunks/node_modules_next_dist_0u_w_5s._.js:1945
[ 7925323ms] [LOG] [Fast Refresh] rebuilding @ http://localhost:3000/_next/static/chunks/node_modules_next_dist_0u_w_5s._.js:1226
[ 7925413ms] [ERROR] ./src/app/[locale]/hy-ui-lab/icon-button/glass-test-backdrop.module.sass
Error evaluating Node.js code
Error: Expected identifier.
   ╷
19 │ +  filter: blur(0.5px)
   │           ^
   ╵
  src/app/[locale]/hy-ui-lab/icon-button/glass-test-backdrop.module.sass 19:11  root stylesheet
  (from /Users/tialarocha/Desktop/hydririvers-ops-dashboard/node_modules/next/dist/build/webpack/loaders/resolve-url-loader/index.js, /Users/tialarocha/Desktop/hydririvers-ops-dashboard/node_modules/next/dist/compiled/sass-loader/cjs.js)
Caused by: Error: Expected identifier.
   ╷
19 │ +  filter: blur(0.5px)
   │           ^
   ╵
  src/app/[locale]/hy-ui-lab/icon-button/glass-test-backdrop.module.sass 19:11  root stylesheet
    [at Object.wrapException (/Users/tialarocha/Desktop/hydririvers-ops-dashboard/node_modules/sass/sass.dart.js:2337:47)]
    [at SpanScanner.error$3$length$position (/Users/tialarocha/Desktop/hydririvers-ops-dashboard/node_modules/sass/sass.dart.js:87427:15)]
    [at SpanScanner.error$1 (/Users/tialarocha/Desktop/hydririvers-ops-dashboard/node_modules/sass/sass.dart.js:87430:19)]
    [at SelectorParser0.identifier$2$normalize$unit (/Users/tialarocha/Desktop/hydririvers-ops-dashboard/node_modules/sass/sass.dart.js:117743:12)]
    [at SelectorParser0.identifier$0 (/Users/tialarocha/Desktop/hydririvers-ops-dashboard/node_modules/sass/sass.dart.js:117750:19)]
    [at SelectorParser0._selector$_pseudoSelector$0 (/Users/tialarocha/Desktop/hydririvers-ops-dashboard/node_modules/sass/sass.dart.js:120263:21)]
    [at SelectorParser0._selector$_simpleSelector$1$allowParent (/Users/tialarocha/Desktop/hydririvers-ops-dashboard/node_modules/sass/sass.dart.js:120171:24)]
    [at SelectorParser0._selector$_compoundSelector$0 (/Users/tialarocha/Desktop/hydririvers-ops-dashboard/node_modules/sass/sass.dart.js:120142:31)]
    [at SelectorParser0._selector$_complexSelector$1$lineBreak (/Users/tialarocha/Desktop/hydririvers-ops-dashboard/node_modules/sass/sass.dart.js:120112:32)]
    [at SelectorParser0._selector$_complexSelector$0 (/Users/tialarocha/Desktop/hydririvers-ops-dashboard/node_modules/sass/sass.dart.js:120134:19)]

Import traces:
  Client Component Browser:
    ./src/app/[locale]/hy-ui-lab/icon-button/glass-test-backdrop.module.sass [Client Component Browser]
    ./src/app/[locale]/hy-ui-lab/icon-button/glass-test-backdrop.tsx [Client Component Browser]
    ./src/app/[locale]/hy-ui-lab/icon-button/icon-button-visual-lab.tsx [Client Component Browser]
    ./src/app/[locale]/hy-ui-lab/icon-button/icon-button-visual-lab.tsx [Server Component]
    ./src/app/[locale]/hy-ui-lab/icon-button/page.tsx [Server Component]

  Client Component SSR:
    ./src/app/[locale]/hy-ui-lab/icon-button/glass-test-backdrop.module.sass [Client Component SSR]
    ./src/app/[locale]/hy-ui-lab/icon-button/glass-test-backdrop.tsx [Client Component SSR]
    ./src/app/[locale]/hy-ui-lab/icon-button/icon-button-visual-lab.tsx [Client Component SSR]
    ./src/app/[locale]/hy-ui-lab/icon-button/icon-button-visual-lab.tsx [Server Component]
    ./src/app/[locale]/hy-ui-lab/icon-button/page.tsx [Server Component] @ http://localhost:3000/_next/static/chunks/node_modules_next_dist_0u_w_5s._.js:1945
[ 7925514ms] [LOG] [Fast Refresh] rebuilding @ http://localhost:3000/_next/static/chunks/node_modules_next_dist_0u_w_5s._.js:1226
[ 7925931ms] [ERROR] ./src/app/[locale]/hy-ui-lab/icon-button/glass-test-backdrop.module.sass
Error evaluating Node.js code
Error: Expected identifier.
   ╷
19 │ +  filter: blur(0.5px)
   │           ^
   ╵
  src/app/[locale]/hy-ui-lab/icon-button/glass-test-backdrop.module.sass 19:11  root stylesheet
  (from /Users/tialarocha/Desktop/hydririvers-ops-dashboard/node_modules/next/dist/build/webpack/loaders/resolve-url-loader/index.js, /Users/tialarocha/Desktop/hydririvers-ops-dashboard/node_modules/next/dist/compiled/sass-loader/cjs.js)
Caused by: Error: Expected identifier.
   ╷
19 │ +  filter: blur(0.5px)
   │           ^
   ╵
  src/app/[locale]/hy-ui-lab/icon-button/glass-test-backdrop.module.sass 19:11  root stylesheet
    [at Object.wrapException (/Users/tialarocha/Desktop/hydririvers-ops-dashboard/node_modules/sass/sass.dart.js:2337:47)]
    [at SpanScanner.error$3$length$position (/Users/tialarocha/Desktop/hydririvers-ops-dashboard/node_modules/sass/sass.dart.js:87427:15)]
    [at SpanScanner.error$1 (/Users/tialarocha/Desktop/hydririvers-ops-dashboard/node_modules/sass/sass.dart.js:87430:19)]
    [at SelectorParser0.identifier$2$normalize$unit (/Users/tialarocha/Desktop/hydririvers-ops-dashboard/node_modules/sass/sass.dart.js:117743:12)]
    [at SelectorParser0.identifier$0 (/Users/tialarocha/Desktop/hydririvers-ops-dashboard/node_modules/sass/sass.dart.js:117750:19)]
    [at SelectorParser0._selector$_pseudoSelector$0 (/Users/tialarocha/Desktop/hydririvers-ops-dashboard/node_modules/sass/sass.dart.js:120263:21)]
    [at SelectorParser0._selector$_simpleSelector$1$allowParent (/Users/tialarocha/Desktop/hydririvers-ops-dashboard/node_modules/sass/sass.dart.js:120171:24)]
    [at SelectorParser0._selector$_compoundSelector$0 (/Users/tialarocha/Desktop/hydririvers-ops-dashboard/node_modules/sass/sass.dart.js:120142:31)]
    [at SelectorParser0._selector$_complexSelector$1$lineBreak (/Users/tialarocha/Desktop/hydririvers-ops-dashboard/node_modules/sass/sass.dart.js:120112:32)]
    [at SelectorParser0._selector$_complexSelector$0 (/Users/tialarocha/Desktop/hydririvers-ops-dashboard/node_modules/sass/sass.dart.js:120134:19)]

Import traces:
  Client Component Browser:
    ./src/app/[locale]/hy-ui-lab/icon-button/glass-test-backdrop.module.sass [Client Component Browser]
    ./src/app/[locale]/hy-ui-lab/icon-button/glass-test-backdrop.tsx [Client Component Browser]
    ./src/app/[locale]/hy-ui-lab/icon-button/icon-button-visual-lab.tsx [Client Component Browser]
    ./src/app/[locale]/hy-ui-lab/icon-button/icon-button-visual-lab.tsx [Server Component]
    ./src/app/[locale]/hy-ui-lab/icon-button/page.tsx [Server Component]

  Client Component SSR:
    ./src/app/[locale]/hy-ui-lab/icon-button/glass-test-backdrop.module.sass [Client Component SSR]
    ./src/app/[locale]/hy-ui-lab/icon-button/glass-test-backdrop.tsx [Client Component SSR]
    ./src/app/[locale]/hy-ui-lab/icon-button/icon-button-visual-lab.tsx [Client Component SSR]
    ./src/app/[locale]/hy-ui-lab/icon-button/icon-button-visual-lab.tsx [Server Component]
    ./src/app/[locale]/hy-ui-lab/icon-button/page.tsx [Server Component] @ http://localhost:3000/_next/static/chunks/node_modules_next_dist_0u_w_5s._.js:1945
[ 7926480ms] [ERROR] ./src/app/[locale]/hy-ui-lab/icon-button/glass-test-backdrop.module.sass
Error evaluating Node.js code
Error: Expected identifier.
   ╷
19 │ +  filter: blur(0.5px)
   │           ^
   ╵
  src/app/[locale]/hy-ui-lab/icon-button/glass-test-backdrop.module.sass 19:11  root stylesheet
  (from /Users/tialarocha/Desktop/hydririvers-ops-dashboard/node_modules/next/dist/build/webpack/loaders/resolve-url-loader/index.js, /Users/tialarocha/Desktop/hydririvers-ops-dashboard/node_modules/next/dist/compiled/sass-loader/cjs.js)
Caused by: Error: Expected identifier.
   ╷
19 │ +  filter: blur(0.5px)
   │           ^
   ╵
  src/app/[locale]/hy-ui-lab/icon-button/glass-test-backdrop.module.sass 19:11  root stylesheet
    [at Object.wrapException (/Users/tialarocha/Desktop/hydririvers-ops-dashboard/node_modules/sass/sass.dart.js:2337:47)]
    [at SpanScanner.error$3$length$position (/Users/tialarocha/Desktop/hydririvers-ops-dashboard/node_modules/sass/sass.dart.js:87427:15)]
    [at SpanScanner.error$1 (/Users/tialarocha/Desktop/hydririvers-ops-dashboard/node_modules/sass/sass.dart.js:87430:19)]
    [at SelectorParser0.identifier$2$normalize$unit (/Users/tialarocha/Desktop/hydririvers-ops-dashboard/node_modules/sass/sass.dart.js:117743:12)]
    [at SelectorParser0.identifier$0 (/Users/tialarocha/Desktop/hydririvers-ops-dashboard/node_modules/sass/sass.dart.js:117750:19)]
    [at SelectorParser0._selector$_pseudoSelector$0 (/Users/tialarocha/Desktop/hydririvers-ops-dashboard/node_modules/sass/sass.dart.js:120263:21)]
    [at SelectorParser0._selector$_simpleSelector$1$allowParent (/Users/tialarocha/Desktop/hydririvers-ops-dashboard/node_modules/sass/sass.dart.js:120171:24)]
    [at SelectorParser0._selector$_compoundSelector$0 (/Users/tialarocha/Desktop/hydririvers-ops-dashboard/node_modules/sass/sass.dart.js:120142:31)]
    [at SelectorParser0._selector$_complexSelector$1$lineBreak (/Users/tialarocha/Desktop/hydririvers-ops-dashboard/node_modules/sass/sass.dart.js:120112:32)]
    [at SelectorParser0._selector$_complexSelector$0 (/Users/tialarocha/Desktop/hydririvers-ops-dashboard/node_modules/sass/sass.dart.js:120134:19)]

Import traces:
  Client Component Browser:
    ./src/app/[locale]/hy-ui-lab/icon-button/glass-test-backdrop.module.sass [Client Component Browser]
    ./src/app/[locale]/hy-ui-lab/icon-button/glass-test-backdrop.tsx [Client Component Browser]
    ./src/app/[locale]/hy-ui-lab/icon-button/icon-button-visual-lab.tsx [Client Component Browser]
    ./src/app/[locale]/hy-ui-lab/icon-button/icon-button-visual-lab.tsx [Server Component]
    ./src/app/[locale]/hy-ui-lab/icon-button/page.tsx [Server Component]

  Client Component SSR:
    ./src/app/[locale]/hy-ui-lab/icon-button/glass-test-backdrop.module.sass [Client Component SSR]
    ./src/app/[locale]/hy-ui-lab/icon-button/glass-test-backdrop.tsx [Client Component SSR]
    ./src/app/[locale]/hy-ui-lab/icon-button/icon-button-visual-lab.tsx [Client Component SSR]
    ./src/app/[locale]/hy-ui-lab/icon-button/icon-button-visual-lab.tsx [Server Component]
    ./src/app/[locale]/hy-ui-lab/icon-button/page.tsx [Server Component] @ http://localhost:3000/_next/static/chunks/node_modules_next_dist_0u_w_5s._.js:1945
[ 7926567ms] [LOG] [Fast Refresh] rebuilding @ http://localhost:3000/_next/static/chunks/node_modules_next_dist_0u_w_5s._.js:1226
[ 7932200ms] [LOG] [Fast Refresh] rebuilding @ http://localhost:3000/_next/static/chunks/node_modules_next_dist_0u_w_5s._.js:1226
[ 7932457ms] [ERROR] ./src/app/[locale]/hy-ui-lab/icon-button/glass-test-backdrop.module.sass
Error evaluating Node.js code
Error: Expected identifier.
   ╷
21 │ +  filter: blur(0.5px)
   │           ^
   ╵
  src/app/[locale]/hy-ui-lab/icon-button/glass-test-backdrop.module.sass 21:11  root stylesheet
  (from /Users/tialarocha/Desktop/hydririvers-ops-dashboard/node_modules/next/dist/build/webpack/loaders/resolve-url-loader/index.js, /Users/tialarocha/Desktop/hydririvers-ops-dashboard/node_modules/next/dist/compiled/sass-loader/cjs.js)
Caused by: Error: Expected identifier.
   ╷
21 │ +  filter: blur(0.5px)
   │           ^
   ╵
  src/app/[locale]/hy-ui-lab/icon-button/glass-test-backdrop.module.sass 21:11  root stylesheet
    [at Object.wrapException (/Users/tialarocha/Desktop/hydririvers-ops-dashboard/node_modules/sass/sass.dart.js:2337:47)]
    [at SpanScanner.error$3$length$position (/Users/tialarocha/Desktop/hydririvers-ops-dashboard/node_modules/sass/sass.dart.js:87427:15)]
    [at SpanScanner.error$1 (/Users/tialarocha/Desktop/hydririvers-ops-dashboard/node_modules/sass/sass.dart.js:87430:19)]
    [at SelectorParser0.identifier$2$normalize$unit (/Users/tialarocha/Desktop/hydririvers-ops-dashboard/node_modules/sass/sass.dart.js:117743:12)]
    [at SelectorParser0.identifier$0 (/Users/tialarocha/Desktop/hydririvers-ops-dashboard/node_modules/sass/sass.dart.js:117750:19)]
    [at SelectorParser0._selector$_pseudoSelector$0 (/Users/tialarocha/Desktop/hydririvers-ops-dashboard/node_modules/sass/sass.dart.js:120263:21)]
    [at SelectorParser0._selector$_simpleSelector$1$allowParent (/Users/tialarocha/Desktop/hydririvers-ops-dashboard/node_modules/sass/sass.dart.js:120171:24)]
    [at SelectorParser0._selector$_compoundSelector$0 (/Users/tialarocha/Desktop/hydririvers-ops-dashboard/node_modules/sass/sass.dart.js:120142:31)]
    [at SelectorParser0._selector$_complexSelector$1$lineBreak (/Users/tialarocha/Desktop/hydririvers-ops-dashboard/node_modules/sass/sass.dart.js:120112:32)]
    [at SelectorParser0._selector$_complexSelector$0 (/Users/tialarocha/Desktop/hydririvers-ops-dashboard/node_modules/sass/sass.dart.js:120134:19)]

Import traces:
  Client Component Browser:
    ./src/app/[locale]/hy-ui-lab/icon-button/glass-test-backdrop.module.sass [Client Component Browser]
    ./src/app/[locale]/hy-ui-lab/icon-button/glass-test-backdrop.tsx [Client Component Browser]
    ./src/app/[locale]/hy-ui-lab/icon-button/icon-button-visual-lab.tsx [Client Component Browser]
    ./src/app/[locale]/hy-ui-lab/icon-button/icon-button-visual-lab.tsx [Server Component]
    ./src/app/[locale]/hy-ui-lab/icon-button/page.tsx [Server Component]

  Client Component SSR:
    ./src/app/[locale]/hy-ui-lab/icon-button/glass-test-backdrop.module.sass [Client Component SSR]
    ./src/app/[locale]/hy-ui-lab/icon-button/glass-test-backdrop.tsx [Client Component SSR]
    ./src/app/[locale]/hy-ui-lab/icon-button/icon-button-visual-lab.tsx [Client Component SSR]
    ./src/app/[locale]/hy-ui-lab/icon-button/icon-button-visual-lab.tsx [Server Component]
    ./src/app/[locale]/hy-ui-lab/icon-button/page.tsx [Server Component] @ http://localhost:3000/_next/static/chunks/node_modules_next_dist_0u_w_5s._.js:1945
[ 7949888ms] [LOG] [Fast Refresh] rebuilding @ http://localhost:3000/_next/static/chunks/node_modules_next_dist_0u_w_5s._.js:1226
[ 7950474ms] [LOG] [Fast Refresh] done in 676ms @ http://localhost:3000/_next/static/chunks/node_modules_next_dist_0u_w_5s._.js:1226
[ 7950806ms] [LOG] [Fast Refresh] rebuilding @ http://localhost:3000/_next/static/chunks/node_modules_next_dist_0u_w_5s._.js:1226
[ 7951062ms] [LOG] [Fast Refresh] done in 358ms @ http://localhost:3000/_next/static/chunks/node_modules_next_dist_0u_w_5s._.js:1226
[ 7951439ms] [LOG] [Fast Refresh] rebuilding @ http://localhost:3000/_next/static/chunks/node_modules_next_dist_0u_w_5s._.js:1226
[ 7951570ms] [LOG] [Fast Refresh] done in 232ms @ http://localhost:3000/_next/static/chunks/node_modules_next_dist_0u_w_5s._.js:1226
[ 7952773ms] [INFO] %cDownload the React DevTools for a better development experience: https://react.dev/link/react-devtools font-weight:bold @ http://localhost:3000/_next/static/chunks/node_modules_next_dist_115brz8._.js:2431
[ 7952929ms] [LOG] [HMR] connected @ http://localhost:3000/_next/static/chunks/node_modules_next_dist_115brz8._.js:2431
[ 7953890ms] [LOG] [Fast Refresh] rebuilding @ http://localhost:3000/_next/static/chunks/node_modules_next_dist_115brz8._.js:2431
[ 7954011ms] [LOG] [Fast Refresh] done in 222ms @ http://localhost:3000/_next/static/chunks/node_modules_next_dist_115brz8._.js:2431
[ 7954056ms] [ERROR] Failed to load resource: the server responded with a status of 401 (Unauthorized) @ http://localhost:3000/api/auth/me:0
[ 7954323ms] [LOG] [Fast Refresh] rebuilding @ http://localhost:3000/_next/static/chunks/node_modules_next_dist_115brz8._.js:2431
[ 7954557ms] [LOG] [Fast Refresh] done in 335ms @ http://localhost:3000/_next/static/chunks/node_modules_next_dist_115brz8._.js:2431
[ 7954762ms] [LOG] [Fast Refresh] rebuilding @ http://localhost:3000/_next/static/chunks/node_modules_next_dist_115brz8._.js:2431
[ 7956060ms] [LOG] [Fast Refresh] done in 1399ms @ http://localhost:3000/_next/static/chunks/node_modules_next_dist_115brz8._.js:2431
[ 7956250ms] [LOG] [Fast Refresh] rebuilding @ http://localhost:3000/_next/static/chunks/node_modules_next_dist_115brz8._.js:2431
[ 7956261ms] [LOG] [Fast Refresh] done in 114ms @ http://localhost:3000/_next/static/chunks/node_modules_next_dist_115brz8._.js:2431
[ 7958072ms] [WARNING] The resource http://localhost:3000/_next/static/chunks/src_shared_ui_page-shell_page-shell_module_scss_module_0i25aaj.css was preloaded using link preload but not used within a few seconds from the window's load event. Please make sure it has an appropriate `as` value and it is preloaded intentionally. @ http://localhost:3000/pt-BR/cargas:0
[ 8007416ms] [LOG] [Fast Refresh] rebuilding @ http://localhost:3000/_next/static/chunks/node_modules_next_dist_115brz8._.js:2431
[ 8007422ms] [LOG] [Fast Refresh] done in 109ms @ http://localhost:3000/_next/static/chunks/node_modules_next_dist_115brz8._.js:2431
[ 8008094ms] [LOG] [Fast Refresh] rebuilding @ http://localhost:3000/_next/static/chunks/node_modules_next_dist_115brz8._.js:2431
[ 8008192ms] [LOG] [Fast Refresh] done in 201ms @ http://localhost:3000/_next/static/chunks/node_modules_next_dist_115brz8._.js:2431
[ 8008684ms] [LOG] [Fast Refresh] rebuilding @ http://localhost:3000/_next/static/chunks/node_modules_next_dist_115brz8._.js:2431
[ 8008871ms] [LOG] [Fast Refresh] done in 289ms @ http://localhost:3000/_next/static/chunks/node_modules_next_dist_115brz8._.js:2431
[11348886ms] [LOG] [Fast Refresh] rebuilding @ http://localhost:3000/_next/static/chunks/node_modules_next_dist_115brz8._.js:2431
[11349211ms] [LOG] [Fast Refresh] done in 408ms @ http://localhost:3000/_next/static/chunks/node_modules_next_dist_115brz8._.js:2431
[11355183ms] [LOG] [Fast Refresh] rebuilding @ http://localhost:3000/_next/static/chunks/node_modules_next_dist_115brz8._.js:2431
[11355347ms] [LOG] [Fast Refresh] done in 239ms @ http://localhost:3000/_next/static/chunks/node_modules_next_dist_115brz8._.js:2431
[11384585ms] [LOG] [Fast Refresh] rebuilding @ http://localhost:3000/_next/static/chunks/node_modules_next_dist_115brz8._.js:2431
[11384696ms] [LOG] [Fast Refresh] done in 188ms @ http://localhost:3000/_next/static/chunks/node_modules_next_dist_115brz8._.js:2431
[11391802ms] [LOG] [Fast Refresh] rebuilding @ http://localhost:3000/_next/static/chunks/node_modules_next_dist_115brz8._.js:2431
[11391821ms] [LOG] [Fast Refresh] done in 107ms @ http://localhost:3000/_next/static/chunks/node_modules_next_dist_115brz8._.js:2431
[11534946ms] [LOG] [Fast Refresh] rebuilding @ http://localhost:3000/_next/static/chunks/node_modules_next_dist_115brz8._.js:2431
[11535098ms] [LOG] [Fast Refresh] done in 255ms @ http://localhost:3000/_next/static/chunks/node_modules_next_dist_115brz8._.js:2431
[11537336ms] [LOG] [Fast Refresh] rebuilding @ http://localhost:3000/_next/static/chunks/node_modules_next_dist_115brz8._.js:2431
[11537529ms] [LOG] [Fast Refresh] done in 293ms @ http://localhost:3000/_next/static/chunks/node_modules_next_dist_115brz8._.js:2431
[11658925ms] [LOG] [Fast Refresh] rebuilding @ http://localhost:3000/_next/static/chunks/node_modules_next_dist_115brz8._.js:2431
[11660073ms] [LOG] [Fast Refresh] done in 1134ms @ http://localhost:3000/_next/static/chunks/node_modules_next_dist_115brz8._.js:2431
[11661901ms] [LOG] [Fast Refresh] rebuilding @ http://localhost:3000/_next/static/chunks/node_modules_next_dist_115brz8._.js:2431
[11661938ms] [LOG] [Fast Refresh] done in 112ms @ http://localhost:3000/_next/static/chunks/node_modules_next_dist_115brz8._.js:2431
[11662726ms] [WARNING] The resource http://localhost:3000/_next/static/chunks/src_shared_ui_page-shell_page-shell_module_scss_module_0i25aaj.css was preloaded using link preload but not used within a few seconds from the window's load event. Please make sure it has an appropriate `as` value and it is preloaded intentionally. @ http://localhost:3000/pt-BR/cargas:0
[11709707ms] [LOG] [Fast Refresh] rebuilding @ http://localhost:3000/_next/static/chunks/node_modules_next_dist_115brz8._.js:2431
[11709962ms] [LOG] [Fast Refresh] done in 319ms @ http://localhost:3000/_next/static/chunks/node_modules_next_dist_115brz8._.js:2431
[11717004ms] [LOG] [Fast Refresh] rebuilding @ http://localhost:3000/_next/static/chunks/node_modules_next_dist_115brz8._.js:2431
[11717023ms] [LOG] [Fast Refresh] done in 69ms @ http://localhost:3000/_next/static/chunks/node_modules_next_dist_115brz8._.js:2431
[11719691ms] [LOG] [Fast Refresh] rebuilding @ http://localhost:3000/_next/static/chunks/node_modules_next_dist_115brz8._.js:2431
[11719697ms] [LOG] [Fast Refresh] done in 87ms @ http://localhost:3000/_next/static/chunks/node_modules_next_dist_115brz8._.js:2431
[11721684ms] [LOG] [Fast Refresh] rebuilding @ http://localhost:3000/_next/static/chunks/node_modules_next_dist_115brz8._.js:2431
[11721687ms] [LOG] [Fast Refresh] done in 80ms @ http://localhost:3000/_next/static/chunks/node_modules_next_dist_115brz8._.js:2431
[11726815ms] [LOG] [Fast Refresh] rebuilding @ http://localhost:3000/_next/static/chunks/node_modules_next_dist_115brz8._.js:2431
[11726868ms] [LOG] [Fast Refresh] done in 143ms @ http://localhost:3000/_next/static/chunks/node_modules_next_dist_115brz8._.js:2431
[11734522ms] [LOG] [Fast Refresh] rebuilding @ http://localhost:3000/_next/static/chunks/node_modules_next_dist_115brz8._.js:2431
[11735031ms] [LOG] [Fast Refresh] done in 592ms @ http://localhost:3000/_next/static/chunks/node_modules_next_dist_115brz8._.js:2431
[11737847ms] [WARNING] The resource http://localhost:3000/_next/static/chunks/src_shared_ui_page-shell_page-shell_module_scss_module_0i25aaj.css was preloaded using link preload but not used within a few seconds from the window's load event. Please make sure it has an appropriate `as` value and it is preloaded intentionally. @ http://localhost:3000/pt-BR/cargas:0
[11828871ms] [LOG] [Fast Refresh] rebuilding @ http://localhost:3000/_next/static/chunks/node_modules_next_dist_115brz8._.js:2431
[11828971ms] [LOG] [Fast Refresh] done in 207ms @ http://localhost:3000/_next/static/chunks/node_modules_next_dist_115brz8._.js:2431
[11830321ms] [LOG] [Fast Refresh] rebuilding @ http://localhost:3000/_next/static/chunks/node_modules_next_dist_115brz8._.js:2431
[11830492ms] [LOG] [Fast Refresh] done in 272ms @ http://localhost:3000/_next/static/chunks/node_modules_next_dist_115brz8._.js:2431
[12125294ms] [LOG] [Fast Refresh] rebuilding @ http://localhost:3000/_next/static/chunks/node_modules_next_dist_115brz8._.js:2431
[12125334ms] [LOG] [Fast Refresh] done in 143ms @ http://localhost:3000/_next/static/chunks/node_modules_next_dist_115brz8._.js:2431
[12126811ms] [LOG] [Fast Refresh] rebuilding @ http://localhost:3000/_next/static/chunks/node_modules_next_dist_115brz8._.js:2431
[12126896ms] [LOG] [Fast Refresh] done in 188ms @ http://localhost:3000/_next/static/chunks/node_modules_next_dist_115brz8._.js:2431
[12134232ms] [LOG] [Fast Refresh] rebuilding @ http://localhost:3000/_next/static/chunks/node_modules_next_dist_115brz8._.js:2431
[12134315ms] [LOG] [Fast Refresh] done in 187ms @ http://localhost:3000/_next/static/chunks/node_modules_next_dist_115brz8._.js:2431
[12135437ms] [LOG] [Fast Refresh] rebuilding @ http://localhost:3000/_next/static/chunks/node_modules_next_dist_115brz8._.js:2431
[12136024ms] [LOG] [Fast Refresh] done in 679ms @ http://localhost:3000/_next/static/chunks/node_modules_next_dist_115brz8._.js:2431
[12136294ms] [LOG] [Fast Refresh] rebuilding @ http://localhost:3000/_next/static/chunks/node_modules_next_dist_115brz8._.js:2431
[12136741ms] [LOG] [Fast Refresh] done in 690ms @ http://localhost:3000/_next/static/chunks/node_modules_next_dist_115brz8._.js:2431
[12136887ms] [LOG] [Fast Refresh] rebuilding @ http://localhost:3000/_next/static/chunks/node_modules_next_dist_115brz8._.js:2431
[12137219ms] [LOG] [Fast Refresh] done in 433ms @ http://localhost:3000/_next/static/chunks/node_modules_next_dist_115brz8._.js:2431
[12137658ms] [LOG] [Fast Refresh] rebuilding @ http://localhost:3000/_next/static/chunks/node_modules_next_dist_115brz8._.js:2431
[12137704ms] [LOG] [Fast Refresh] done in 147ms @ http://localhost:3000/_next/static/chunks/node_modules_next_dist_115brz8._.js:2431
[12138200ms] [LOG] [Fast Refresh] rebuilding @ http://localhost:3000/_next/static/chunks/node_modules_next_dist_115brz8._.js:2431
[12138413ms] [LOG] [Fast Refresh] done in 314ms @ http://localhost:3000/_next/static/chunks/node_modules_next_dist_115brz8._.js:2431
[12139092ms] [LOG] [Fast Refresh] rebuilding @ http://localhost:3000/_next/static/chunks/node_modules_next_dist_115brz8._.js:2431
[12139249ms] [LOG] [Fast Refresh] done in 274ms @ http://localhost:3000/_next/static/chunks/node_modules_next_dist_115brz8._.js:2431
[12142085ms] [WARNING] The resource http://localhost:3000/_next/static/chunks/src_shared_ui_page-shell_page-shell_module_scss_module_0i25aaj.css was preloaded using link preload but not used within a few seconds from the window's load event. Please make sure it has an appropriate `as` value and it is preloaded intentionally. @ http://localhost:3000/pt-BR/cargas:0
[12142860ms] [LOG] [Fast Refresh] rebuilding @ http://localhost:3000/_next/static/chunks/node_modules_next_dist_115brz8._.js:2431
[12143007ms] [LOG] [Fast Refresh] done in 220ms @ http://localhost:3000/_next/static/chunks/node_modules_next_dist_115brz8._.js:2431
[12143159ms] [LOG] [Fast Refresh] rebuilding @ http://localhost:3000/_next/static/chunks/node_modules_next_dist_115brz8._.js:2431
[12143387ms] [LOG] [Fast Refresh] done in 330ms @ http://localhost:3000/_next/static/chunks/node_modules_next_dist_115brz8._.js:2431
[12146738ms] [LOG] [Fast Refresh] rebuilding @ http://localhost:3000/_next/static/chunks/node_modules_next_dist_115brz8._.js:2431
[12146970ms] [LOG] [Fast Refresh] done in 333ms @ http://localhost:3000/_next/static/chunks/node_modules_next_dist_115brz8._.js:2431
[12147429ms] [WARNING] The resource http://localhost:3000/_next/static/chunks/src_shared_ui_page-shell_page-shell_module_scss_module_0i25aaj.css was preloaded using link preload but not used within a few seconds from the window's load event. Please make sure it has an appropriate `as` value and it is preloaded intentionally. @ http://localhost:3000/pt-BR/cargas:0
[12155840ms] [LOG] [Fast Refresh] rebuilding @ http://localhost:3000/_next/static/chunks/node_modules_next_dist_115brz8._.js:2431
[12155981ms] [LOG] [Fast Refresh] done in 242ms @ http://localhost:3000/_next/static/chunks/node_modules_next_dist_115brz8._.js:2431
[12161118ms] [LOG] [Fast Refresh] rebuilding @ http://localhost:3000/_next/static/chunks/node_modules_next_dist_115brz8._.js:2431
[12161258ms] [LOG] [Fast Refresh] done in 242ms @ http://localhost:3000/_next/static/chunks/node_modules_next_dist_115brz8._.js:2431
[12163652ms] [LOG] [Fast Refresh] rebuilding @ http://localhost:3000/_next/static/chunks/node_modules_next_dist_115brz8._.js:2431
[12163701ms] [LOG] [Fast Refresh] done in 151ms @ http://localhost:3000/_next/static/chunks/node_modules_next_dist_115brz8._.js:2431
[12266582ms] [LOG] [Fast Refresh] rebuilding @ http://localhost:3000/_next/static/chunks/node_modules_next_dist_115brz8._.js:2431
[12266640ms] [LOG] [Fast Refresh] done in 160ms @ http://localhost:3000/_next/static/chunks/node_modules_next_dist_115brz8._.js:2431
[12267813ms] [LOG] [Fast Refresh] rebuilding @ http://localhost:3000/_next/static/chunks/node_modules_next_dist_115brz8._.js:2431
[12268254ms] [LOG] [Fast Refresh] done in 547ms @ http://localhost:3000/_next/static/chunks/node_modules_next_dist_115brz8._.js:2431
[12271124ms] [WARNING] The resource http://localhost:3000/_next/static/chunks/src_shared_ui_page-shell_page-shell_module_scss_module_0i25aaj.css was preloaded using link preload but not used within a few seconds from the window's load event. Please make sure it has an appropriate `as` value and it is preloaded intentionally. @ http://localhost:3000/pt-BR/cargas:0
[13668956ms] [LOG] [Fast Refresh] rebuilding @ http://localhost:3000/_next/static/chunks/node_modules_next_dist_115brz8._.js:2431
[13668994ms] [LOG] [Fast Refresh] done in 148ms @ http://localhost:3000/_next/static/chunks/node_modules_next_dist_115brz8._.js:2431
[13669718ms] [LOG] [Fast Refresh] rebuilding @ http://localhost:3000/_next/static/chunks/node_modules_next_dist_115brz8._.js:2431
[13669723ms] [LOG] [Fast Refresh] done in 107ms @ http://localhost:3000/_next/static/chunks/node_modules_next_dist_115brz8._.js:2431
[13671630ms] [LOG] [Fast Refresh] rebuilding @ http://localhost:3000/_next/static/chunks/node_modules_next_dist_115brz8._.js:2431
[13673978ms] [LOG] [Fast Refresh] done in 2449ms @ http://localhost:3000/_next/static/chunks/node_modules_next_dist_115brz8._.js:2431
[13674951ms] [WARNING] The resource http://localhost:3000/_next/static/chunks/src_shared_ui_page-shell_page-shell_module_scss_module_0i25aaj.css was preloaded using link preload but not used within a few seconds from the window's load event. Please make sure it has an appropriate `as` value and it is preloaded intentionally. @ http://localhost:3000/pt-BR/cargas:0
[13869414ms] [LOG] [Fast Refresh] rebuilding @ http://localhost:3000/_next/static/chunks/node_modules_next_dist_115brz8._.js:2431
[13869563ms] [LOG] [Fast Refresh] done in 222ms @ http://localhost:3000/_next/static/chunks/node_modules_next_dist_115brz8._.js:2431
[13870058ms] [LOG] [Fast Refresh] rebuilding @ http://localhost:3000/_next/static/chunks/node_modules_next_dist_115brz8._.js:2431
[13870071ms] [LOG] [Fast Refresh] done in 97ms @ http://localhost:3000/_next/static/chunks/node_modules_next_dist_115brz8._.js:2431
[13871974ms] [LOG] [Fast Refresh] rebuilding @ http://localhost:3000/_next/static/chunks/node_modules_next_dist_115brz8._.js:2431
[13871989ms] [LOG] [Fast Refresh] done in 50ms @ http://localhost:3000/_next/static/chunks/node_modules_next_dist_115brz8._.js:2431
[13873890ms] [LOG] [Fast Refresh] rebuilding @ http://localhost:3000/_next/static/chunks/node_modules_next_dist_115brz8._.js:2431
[13874191ms] [LOG] [Fast Refresh] done in 393ms @ http://localhost:3000/_next/static/chunks/node_modules_next_dist_115brz8._.js:2431
[13874412ms] [LOG] [Fast Refresh] rebuilding @ http://localhost:3000/_next/static/chunks/node_modules_next_dist_115brz8._.js:2431
[13874744ms] [LOG] [Fast Refresh] done in 433ms @ http://localhost:3000/_next/static/chunks/node_modules_next_dist_115brz8._.js:2431
[13875186ms] [LOG] [Fast Refresh] rebuilding @ http://localhost:3000/_next/static/chunks/node_modules_next_dist_115brz8._.js:2431
[13875285ms] [LOG] [Fast Refresh] done in 200ms @ http://localhost:3000/_next/static/chunks/node_modules_next_dist_115brz8._.js:2431
[13876139ms] [LOG] [Fast Refresh] rebuilding @ http://localhost:3000/_next/static/chunks/node_modules_next_dist_115brz8._.js:2431
[13876249ms] [LOG] [Fast Refresh] done in 210ms @ http://localhost:3000/_next/static/chunks/node_modules_next_dist_115brz8._.js:2431
[13879711ms] [WARNING] The resource http://localhost:3000/_next/static/chunks/src_shared_ui_page-shell_page-shell_module_scss_module_0i25aaj.css was preloaded using link preload but not used within a few seconds from the window's load event. Please make sure it has an appropriate `as` value and it is preloaded intentionally. @ http://localhost:3000/pt-BR/cargas:0
[13903223ms] [LOG] [Fast Refresh] rebuilding @ http://localhost:3000/_next/static/chunks/node_modules_next_dist_115brz8._.js:2431
[13903399ms] [LOG] [Fast Refresh] done in 248ms @ http://localhost:3000/_next/static/chunks/node_modules_next_dist_115brz8._.js:2431
[13999323ms] [LOG] [Fast Refresh] rebuilding @ http://localhost:3000/_next/static/chunks/node_modules_next_dist_115brz8._.js:2431
[14001154ms] [LOG] [Fast Refresh] done in 1934ms @ http://localhost:3000/_next/static/chunks/node_modules_next_dist_115brz8._.js:2431
[14002635ms] [WARNING] The resource http://localhost:3000/_next/static/chunks/src_shared_ui_page-shell_page-shell_module_scss_module_0i25aaj.css was preloaded using link preload but not used within a few seconds from the window's load event. Please make sure it has an appropriate `as` value and it is preloaded intentionally. @ http://localhost:3000/pt-BR/cargas:0
[14005088ms] [LOG] [Fast Refresh] rebuilding @ http://localhost:3000/_next/static/chunks/node_modules_next_dist_115brz8._.js:2431
[14005411ms] [LOG] [Fast Refresh] done in 427ms @ http://localhost:3000/_next/static/chunks/node_modules_next_dist_115brz8._.js:2431
[14419463ms] [LOG] [Fast Refresh] rebuilding @ http://localhost:3000/_next/static/chunks/node_modules_next_dist_115brz8._.js:2431
[14419567ms] [LOG] [Fast Refresh] done in 206ms @ http://localhost:3000/_next/static/chunks/node_modules_next_dist_115brz8._.js:2431
[14420997ms] [LOG] [Fast Refresh] rebuilding @ http://localhost:3000/_next/static/chunks/node_modules_next_dist_115brz8._.js:2431
[14421010ms] [LOG] [Fast Refresh] done in 58ms @ http://localhost:3000/_next/static/chunks/node_modules_next_dist_115brz8._.js:2431
[14422459ms] [LOG] [Fast Refresh] rebuilding @ http://localhost:3000/_next/static/chunks/node_modules_next_dist_115brz8._.js:2431
[14422719ms] [LOG] [Fast Refresh] done in 364ms @ http://localhost:3000/_next/static/chunks/node_modules_next_dist_115brz8._.js:2431
[14423341ms] [LOG] [Fast Refresh] rebuilding @ http://localhost:3000/_next/static/chunks/node_modules_next_dist_115brz8._.js:2431
[14423880ms] [LOG] [Fast Refresh] done in 639ms @ http://localhost:3000/_next/static/chunks/node_modules_next_dist_115brz8._.js:2431
[14423949ms] [LOG] [Fast Refresh] rebuilding @ http://localhost:3000/_next/static/chunks/node_modules_next_dist_115brz8._.js:2431
[14423995ms] [LOG] [Fast Refresh] done in 71ms @ http://localhost:3000/_next/static/chunks/node_modules_next_dist_115brz8._.js:2431
[14424967ms] [LOG] [Fast Refresh] rebuilding @ http://localhost:3000/_next/static/chunks/node_modules_next_dist_115brz8._.js:2431
[14425102ms] [LOG] [Fast Refresh] done in 237ms @ http://localhost:3000/_next/static/chunks/node_modules_next_dist_115brz8._.js:2431
[14425797ms] [WARNING] The resource http://localhost:3000/_next/static/chunks/src_shared_ui_page-shell_page-shell_module_scss_module_0i25aaj.css was preloaded using link preload but not used within a few seconds from the window's load event. Please make sure it has an appropriate `as` value and it is preloaded intentionally. @ http://localhost:3000/pt-BR/cargas:0
[14426179ms] [LOG] [Fast Refresh] rebuilding @ http://localhost:3000/_next/static/chunks/node_modules_next_dist_115brz8._.js:2431
[14426235ms] [LOG] [Fast Refresh] done in 156ms @ http://localhost:3000/_next/static/chunks/node_modules_next_dist_115brz8._.js:2431
[14426478ms] [LOG] [Fast Refresh] rebuilding @ http://localhost:3000/_next/static/chunks/node_modules_next_dist_115brz8._.js:2431
[14426537ms] [LOG] [Fast Refresh] done in 113ms @ http://localhost:3000/_next/static/chunks/node_modules_next_dist_115brz8._.js:2431
[14427587ms] [LOG] [Fast Refresh] rebuilding @ http://localhost:3000/_next/static/chunks/node_modules_next_dist_115brz8._.js:2431
[14428032ms] [LOG] [Fast Refresh] done in 388ms @ http://localhost:3000/_next/static/chunks/node_modules_next_dist_115brz8._.js:2431
[14430898ms] [WARNING] The resource http://localhost:3000/_next/static/chunks/src_shared_ui_page-shell_page-shell_module_scss_module_0i25aaj.css was preloaded using link preload but not used within a few seconds from the window's load event. Please make sure it has an appropriate `as` value and it is preloaded intentionally. @ http://localhost:3000/pt-BR/cargas:0
[14433962ms] [LOG] [Fast Refresh] rebuilding @ http://localhost:3000/_next/static/chunks/node_modules_next_dist_115brz8._.js:2431
[14434097ms] [LOG] [Fast Refresh] done in 209ms @ http://localhost:3000/_next/static/chunks/node_modules_next_dist_115brz8._.js:2431
[14448103ms] [LOG] [Fast Refresh] rebuilding @ http://localhost:3000/_next/static/chunks/node_modules_next_dist_115brz8._.js:2431
[14448134ms] [LOG] [Fast Refresh] done in 48ms @ http://localhost:3000/_next/static/chunks/node_modules_next_dist_115brz8._.js:2431
[14450089ms] [LOG] [Fast Refresh] rebuilding @ http://localhost:3000/_next/static/chunks/node_modules_next_dist_115brz8._.js:2431
[14450113ms] [LOG] [Fast Refresh] done in 33ms @ http://localhost:3000/_next/static/chunks/node_modules_next_dist_115brz8._.js:2431
[14479271ms] [LOG] [Fast Refresh] rebuilding @ http://localhost:3000/_next/static/chunks/node_modules_next_dist_115brz8._.js:2431
[14479320ms] [LOG] [Fast Refresh] done in 151ms @ http://localhost:3000/_next/static/chunks/node_modules_next_dist_115brz8._.js:2431
[14535012ms] [LOG] [Fast Refresh] rebuilding @ http://localhost:3000/_next/static/chunks/node_modules_next_dist_115brz8._.js:2431
[14535050ms] [LOG] [Fast Refresh] done in 140ms @ http://localhost:3000/_next/static/chunks/node_modules_next_dist_115brz8._.js:2431
[14537502ms] [LOG] [Fast Refresh] rebuilding @ http://localhost:3000/_next/static/chunks/node_modules_next_dist_115brz8._.js:2431
[14538531ms] [LOG] [Fast Refresh] done in 1132ms @ http://localhost:3000/_next/static/chunks/node_modules_next_dist_115brz8._.js:2431
[14540819ms] [WARNING] The resource http://localhost:3000/_next/static/chunks/src_shared_ui_page-shell_page-shell_module_scss_module_0i25aaj.css was preloaded using link preload but not used within a few seconds from the window's load event. Please make sure it has an appropriate `as` value and it is preloaded intentionally. @ http://localhost:3000/pt-BR/cargas:0
[14755551ms] [LOG] [Fast Refresh] rebuilding @ http://localhost:3000/_next/static/chunks/node_modules_next_dist_115brz8._.js:2431
[14755583ms] [LOG] [Fast Refresh] done in 64ms @ http://localhost:3000/_next/static/chunks/node_modules_next_dist_115brz8._.js:2431
[14756450ms] [LOG] [Fast Refresh] rebuilding @ http://localhost:3000/_next/static/chunks/node_modules_next_dist_115brz8._.js:2431
[14756465ms] [LOG] [Fast Refresh] done in 60ms @ http://localhost:3000/_next/static/chunks/node_modules_next_dist_115brz8._.js:2431
[14847642ms] [LOG] [Fast Refresh] rebuilding @ http://localhost:3000/_next/static/chunks/node_modules_next_dist_115brz8._.js:2431
[14847747ms] [LOG] [Fast Refresh] done in 220ms @ http://localhost:3000/_next/static/chunks/node_modules_next_dist_115brz8._.js:2431
[14850747ms] [LOG] [Fast Refresh] rebuilding @ http://localhost:3000/_next/static/chunks/node_modules_next_dist_115brz8._.js:2431
[14851534ms] [LOG] [Fast Refresh] done in 892ms @ http://localhost:3000/_next/static/chunks/node_modules_next_dist_115brz8._.js:2431
[14854110ms] [WARNING] The resource http://localhost:3000/_next/static/chunks/src_shared_ui_page-shell_page-shell_module_scss_module_0i25aaj.css was preloaded using link preload but not used within a few seconds from the window's load event. Please make sure it has an appropriate `as` value and it is preloaded intentionally. @ http://localhost:3000/pt-BR/cargas:0
[14872183ms] [LOG] [Fast Refresh] rebuilding @ http://localhost:3000/_next/static/chunks/node_modules_next_dist_115brz8._.js:2431
[14872220ms] [LOG] [Fast Refresh] done in 62ms @ http://localhost:3000/_next/static/chunks/node_modules_next_dist_115brz8._.js:2431
[14874539ms] [LOG] [Fast Refresh] rebuilding @ http://localhost:3000/_next/static/chunks/node_modules_next_dist_115brz8._.js:2431
[14874569ms] [LOG] [Fast Refresh] done in 39ms @ http://localhost:3000/_next/static/chunks/node_modules_next_dist_115brz8._.js:2431
[14878782ms] [LOG] [Fast Refresh] rebuilding @ http://localhost:3000/_next/static/chunks/node_modules_next_dist_115brz8._.js:2431
[14878806ms] [LOG] [Fast Refresh] done in 86ms @ http://localhost:3000/_next/static/chunks/node_modules_next_dist_115brz8._.js:2431
[15590571ms] [LOG] [Fast Refresh] rebuilding @ http://localhost:3000/_next/static/chunks/node_modules_next_dist_115brz8._.js:2431
[15592731ms] [LOG] [Fast Refresh] done in 2201ms @ http://localhost:3000/_next/static/chunks/node_modules_next_dist_115brz8._.js:2431
[15593182ms] [LOG] [Fast Refresh] rebuilding @ http://localhost:3000/_next/static/chunks/node_modules_next_dist_115brz8._.js:2431
[15593931ms] [WARNING] The resource http://localhost:3000/_next/static/chunks/src_shared_ui_page-shell_page-shell_module_scss_module_0i25aaj.css was preloaded using link preload but not used within a few seconds from the window's load event. Please make sure it has an appropriate `as` value and it is preloaded intentionally. @ http://localhost:3000/pt-BR/cargas:0
[15594335ms] [LOG] [Fast Refresh] done in 1255ms @ http://localhost:3000/_next/static/chunks/node_modules_next_dist_115brz8._.js:2431
[15594387ms] [LOG] [Fast Refresh] rebuilding @ http://localhost:3000/_next/static/chunks/node_modules_next_dist_115brz8._.js:2431
[15595876ms] [LOG] [Fast Refresh] done in 863ms @ http://localhost:3000/_next/static/chunks/node_modules_next_dist_115brz8._.js:2431
[15596102ms] [LOG] [Fast Refresh] rebuilding @ http://localhost:3000/_next/static/chunks/node_modules_next_dist_115brz8._.js:2431
[15596437ms] [LOG] [Fast Refresh] done in 435ms @ http://localhost:3000/_next/static/chunks/node_modules_next_dist_115brz8._.js:2431
[15596620ms] [LOG] [Fast Refresh] rebuilding @ http://localhost:3000/_next/static/chunks/node_modules_next_dist_115brz8._.js:2431
[15596818ms] [LOG] [Fast Refresh] done in 298ms @ http://localhost:3000/_next/static/chunks/node_modules_next_dist_115brz8._.js:2431
[15597078ms] [LOG] [Fast Refresh] rebuilding @ http://localhost:3000/_next/static/chunks/node_modules_next_dist_115brz8._.js:2431
[15597250ms] [LOG] [Fast Refresh] done in 273ms @ http://localhost:3000/_next/static/chunks/node_modules_next_dist_115brz8._.js:2431
[15598676ms] [LOG] [Fast Refresh] rebuilding @ http://localhost:3000/_next/static/chunks/node_modules_next_dist_115brz8._.js:2431
[15599313ms] [LOG] [Fast Refresh] done in 742ms @ http://localhost:3000/_next/static/chunks/node_modules_next_dist_115brz8._.js:2431
[15600814ms] [LOG] [Fast Refresh] rebuilding @ http://localhost:3000/_next/static/chunks/node_modules_next_dist_115brz8._.js:2431
[15601250ms] [LOG] [Fast Refresh] done in 538ms @ http://localhost:3000/_next/static/chunks/node_modules_next_dist_115brz8._.js:2431
[15601401ms] [LOG] [Fast Refresh] rebuilding @ http://localhost:3000/_next/static/chunks/node_modules_next_dist_115brz8._.js:2431
[15602271ms] [LOG] [Fast Refresh] done in 970ms @ http://localhost:3000/_next/static/chunks/node_modules_next_dist_115brz8._.js:2431
[15603074ms] [LOG] [Fast Refresh] rebuilding @ http://localhost:3000/_next/static/chunks/node_modules_next_dist_115brz8._.js:2431
[15603195ms] [LOG] [Fast Refresh] done in 222ms @ http://localhost:3000/_next/static/chunks/node_modules_next_dist_115brz8._.js:2431
[15603614ms] [LOG] [Fast Refresh] rebuilding @ http://localhost:3000/_next/static/chunks/node_modules_next_dist_115brz8._.js:2431
[15603703ms] [LOG] [Fast Refresh] done in 195ms @ http://localhost:3000/_next/static/chunks/node_modules_next_dist_115brz8._.js:2431
[15603966ms] [LOG] [Fast Refresh] rebuilding @ http://localhost:3000/_next/static/chunks/node_modules_next_dist_115brz8._.js:2431
[15604067ms] [LOG] [Fast Refresh] done in 202ms @ http://localhost:3000/_next/static/chunks/node_modules_next_dist_115brz8._.js:2431
[15605583ms] [LOG] [Fast Refresh] rebuilding @ http://localhost:3000/_next/static/chunks/node_modules_next_dist_115brz8._.js:2431
[15605930ms] [LOG] [Fast Refresh] done in 449ms @ http://localhost:3000/_next/static/chunks/node_modules_next_dist_115brz8._.js:2431
[15606250ms] [LOG] [Fast Refresh] rebuilding @ http://localhost:3000/_next/static/chunks/node_modules_next_dist_115brz8._.js:2431
[15606314ms] [LOG] [Fast Refresh] done in 166ms @ http://localhost:3000/_next/static/chunks/node_modules_next_dist_115brz8._.js:2431
[15606492ms] [LOG] [Fast Refresh] rebuilding @ http://localhost:3000/_next/static/chunks/node_modules_next_dist_115brz8._.js:2431
[15607418ms] [LOG] [Fast Refresh] done in 1029ms @ http://localhost:3000/_next/static/chunks/node_modules_next_dist_115brz8._.js:2431
[15607573ms] [LOG] [Fast Refresh] rebuilding @ http://localhost:3000/_next/static/chunks/node_modules_next_dist_115brz8._.js:2431
[15608037ms] [LOG] [Fast Refresh] done in 566ms @ http://localhost:3000/_next/static/chunks/node_modules_next_dist_115brz8._.js:2431
[15608958ms] [WARNING] The resource http://localhost:3000/_next/static/chunks/src_shared_ui_page-shell_page-shell_module_scss_module_0i25aaj.css was preloaded using link preload but not used within a few seconds from the window's load event. Please make sure it has an appropriate `as` value and it is preloaded intentionally. @ http://localhost:3000/pt-BR/cargas:0
[15609160ms] [LOG] [Fast Refresh] rebuilding @ http://localhost:3000/_next/static/chunks/node_modules_next_dist_115brz8._.js:2431
[15609333ms] [LOG] [Fast Refresh] done in 283ms @ http://localhost:3000/_next/static/chunks/node_modules_next_dist_115brz8._.js:2431
[15610196ms] [LOG] [Fast Refresh] rebuilding @ http://localhost:3000/_next/static/chunks/node_modules_next_dist_115brz8._.js:2431
[15610210ms] [LOG] [Fast Refresh] done in 114ms @ http://localhost:3000/_next/static/chunks/node_modules_next_dist_115brz8._.js:2431
[15613412ms] [WARNING] The resource http://localhost:3000/_next/static/chunks/src_shared_ui_page-shell_page-shell_module_scss_module_0i25aaj.css was preloaded using link preload but not used within a few seconds from the window's load event. Please make sure it has an appropriate `as` value and it is preloaded intentionally. @ http://localhost:3000/pt-BR/cargas:0
[15641339ms] [LOG] [Fast Refresh] rebuilding @ http://localhost:3000/_next/static/chunks/node_modules_next_dist_115brz8._.js:2431
[15641505ms] [LOG] [Fast Refresh] done in 128ms @ http://localhost:3000/_next/static/chunks/node_modules_next_dist_115brz8._.js:2431
[15641634ms] [LOG] [Fast Refresh] rebuilding @ http://localhost:3000/_next/static/chunks/node_modules_next_dist_115brz8._.js:2431
[15641760ms] [LOG] [Fast Refresh] done in 229ms @ http://localhost:3000/_next/static/chunks/node_modules_next_dist_115brz8._.js:2431
[15641866ms] [LOG] [Fast Refresh] rebuilding @ http://localhost:3000/_next/static/chunks/node_modules_next_dist_115brz8._.js:2431
[15641994ms] [LOG] [Fast Refresh] done in 228ms @ http://localhost:3000/_next/static/chunks/node_modules_next_dist_115brz8._.js:2431
[15645139ms] [LOG] [Fast Refresh] rebuilding @ http://localhost:3000/_next/static/chunks/node_modules_next_dist_115brz8._.js:2431
[15645233ms] [LOG] [Fast Refresh] done in 197ms @ http://localhost:3000/_next/static/chunks/node_modules_next_dist_115brz8._.js:2431
[15645954ms] [LOG] [Fast Refresh] rebuilding @ http://localhost:3000/_next/static/chunks/node_modules_next_dist_115brz8._.js:2431
[15647144ms] [LOG] [Fast Refresh] done in 1291ms @ http://localhost:3000/_next/static/chunks/node_modules_next_dist_115brz8._.js:2431
[15647252ms] [LOG] [Fast Refresh] rebuilding @ http://localhost:3000/_next/static/chunks/node_modules_next_dist_115brz8._.js:2431
[15647734ms] [LOG] [Fast Refresh] done in 583ms @ http://localhost:3000/_next/static/chunks/node_modules_next_dist_115brz8._.js:2431
[15650559ms] [WARNING] The resource http://localhost:3000/_next/static/chunks/src_shared_ui_page-shell_page-shell_module_scss_module_0i25aaj.css was preloaded using link preload but not used within a few seconds from the window's load event. Please make sure it has an appropriate `as` value and it is preloaded intentionally. @ http://localhost:3000/pt-BR/cargas:0
[15653653ms] [LOG] [Fast Refresh] rebuilding @ http://localhost:3000/_next/static/chunks/node_modules_next_dist_115brz8._.js:2431
[15653788ms] [LOG] [Fast Refresh] done in 226ms @ http://localhost:3000/_next/static/chunks/node_modules_next_dist_115brz8._.js:2431
[15654185ms] [LOG] [Fast Refresh] rebuilding @ http://localhost:3000/_next/static/chunks/node_modules_next_dist_115brz8._.js:2431
[15654482ms] [LOG] [Fast Refresh] done in 391ms @ http://localhost:3000/_next/static/chunks/node_modules_next_dist_115brz8._.js:2431
[15657341ms] [LOG] [Fast Refresh] rebuilding @ http://localhost:3000/_next/static/chunks/node_modules_next_dist_115brz8._.js:2431
[15657406ms] [LOG] [Fast Refresh] done in 167ms @ http://localhost:3000/_next/static/chunks/node_modules_next_dist_115brz8._.js:2431
[15657775ms] [LOG] [Fast Refresh] rebuilding @ http://localhost:3000/_next/static/chunks/node_modules_next_dist_115brz8._.js:2431
[15658045ms] [LOG] [Fast Refresh] done in 299ms @ http://localhost:3000/_next/static/chunks/node_modules_next_dist_115brz8._.js:2431
[15658428ms] [LOG] [Fast Refresh] rebuilding @ http://localhost:3000/_next/static/chunks/node_modules_next_dist_115brz8._.js:2431
[15658609ms] [LOG] [Fast Refresh] done in 284ms @ http://localhost:3000/_next/static/chunks/node_modules_next_dist_115brz8._.js:2431
[15659916ms] [LOG] [Fast Refresh] rebuilding @ http://localhost:3000/_next/static/chunks/node_modules_next_dist_115brz8._.js:2431
[15660546ms] [LOG] [Fast Refresh] done in 732ms @ http://localhost:3000/_next/static/chunks/node_modules_next_dist_115brz8._.js:2431
[15661046ms] [LOG] [Fast Refresh] rebuilding @ http://localhost:3000/_next/static/chunks/node_modules_next_dist_115brz8._.js:2431
[15661686ms] [LOG] [Fast Refresh] done in 742ms @ http://localhost:3000/_next/static/chunks/node_modules_next_dist_115brz8._.js:2431
[15662103ms] [LOG] [Fast Refresh] rebuilding @ http://localhost:3000/_next/static/chunks/node_modules_next_dist_115brz8._.js:2431
[15662525ms] [LOG] [Fast Refresh] done in 525ms @ http://localhost:3000/_next/static/chunks/node_modules_next_dist_115brz8._.js:2431
[15662787ms] [LOG] [Fast Refresh] rebuilding @ http://localhost:3000/_next/static/chunks/node_modules_next_dist_115brz8._.js:2431
[15663031ms] [LOG] [Fast Refresh] done in 345ms @ http://localhost:3000/_next/static/chunks/node_modules_next_dist_115brz8._.js:2431
[15663472ms] [LOG] [Fast Refresh] rebuilding @ http://localhost:3000/_next/static/chunks/node_modules_next_dist_115brz8._.js:2431
[15663512ms] [LOG] [Fast Refresh] done in 143ms @ http://localhost:3000/_next/static/chunks/node_modules_next_dist_115brz8._.js:2431
[15665408ms] [WARNING] The resource http://localhost:3000/_next/static/chunks/src_shared_ui_page-shell_page-shell_module_scss_module_0i25aaj.css was preloaded using link preload but not used within a few seconds from the window's load event. Please make sure it has an appropriate `as` value and it is preloaded intentionally. @ http://localhost:3000/pt-BR/cargas:0
[17212097ms] [LOG] [Fast Refresh] rebuilding @ http://localhost:3000/_next/static/chunks/node_modules_next_dist_115brz8._.js:2431
[17212134ms] [LOG] [Fast Refresh] done in 133ms @ http://localhost:3000/_next/static/chunks/node_modules_next_dist_115brz8._.js:2431
[17215186ms] [LOG] [Fast Refresh] rebuilding @ http://localhost:3000/_next/static/chunks/node_modules_next_dist_115brz8._.js:2431
[17215331ms] [LOG] [Fast Refresh] done in 217ms @ http://localhost:3000/_next/static/chunks/node_modules_next_dist_115brz8._.js:2431
[17216227ms] [LOG] [Fast Refresh] rebuilding @ http://localhost:3000/_next/static/chunks/node_modules_next_dist_115brz8._.js:2431
[17216278ms] [LOG] [Fast Refresh] done in 120ms @ http://localhost:3000/_next/static/chunks/node_modules_next_dist_115brz8._.js:2431
[17219012ms] [LOG] [Fast Refresh] rebuilding @ http://localhost:3000/_next/static/chunks/node_modules_next_dist_115brz8._.js:2431
[17219037ms] [LOG] [Fast Refresh] done in 49ms @ http://localhost:3000/_next/static/chunks/node_modules_next_dist_115brz8._.js:2431
[19339930ms] [LOG] [Fast Refresh] rebuilding @ http://localhost:3000/_next/static/chunks/node_modules_next_dist_115brz8._.js:2431
[19339969ms] [LOG] [Fast Refresh] done in 109ms @ http://localhost:3000/_next/static/chunks/node_modules_next_dist_115brz8._.js:2431
[19343266ms] [LOG] [Fast Refresh] rebuilding @ http://localhost:3000/_next/static/chunks/node_modules_next_dist_115brz8._.js:2431
[19343563ms] [LOG] [Fast Refresh] done in 370ms @ http://localhost:3000/_next/static/chunks/node_modules_next_dist_115brz8._.js:2431
[19343894ms] [LOG] [Fast Refresh] rebuilding @ http://localhost:3000/_next/static/chunks/node_modules_next_dist_115brz8._.js:2431
[19343908ms] [LOG] [Fast Refresh] done in 71ms @ http://localhost:3000/_next/static/chunks/node_modules_next_dist_115brz8._.js:2431
[19346003ms] [LOG] [Fast Refresh] rebuilding @ http://localhost:3000/_next/static/chunks/node_modules_next_dist_115brz8._.js:2431
[19346034ms] [LOG] [Fast Refresh] done in 70ms @ http://localhost:3000/_next/static/chunks/node_modules_next_dist_115brz8._.js:2431
[19374671ms] [LOG] [Fast Refresh] rebuilding @ http://localhost:3000/_next/static/chunks/node_modules_next_dist_115brz8._.js:2431
[19374683ms] [LOG] [Fast Refresh] done in 115ms @ http://localhost:3000/_next/static/chunks/node_modules_next_dist_115brz8._.js:2431
[20344078ms] [LOG] [Fast Refresh] rebuilding @ http://localhost:3000/_next/static/chunks/node_modules_next_dist_115brz8._.js:2431
[20344140ms] [LOG] [Fast Refresh] done in 164ms @ http://localhost:3000/_next/static/chunks/node_modules_next_dist_115brz8._.js:2431
[20346941ms] [LOG] [Fast Refresh] rebuilding @ http://localhost:3000/_next/static/chunks/node_modules_next_dist_115brz8._.js:2431
[20347056ms] [LOG] [Fast Refresh] done in 185ms @ http://localhost:3000/_next/static/chunks/node_modules_next_dist_115brz8._.js:2431
[20348227ms] [LOG] [Fast Refresh] rebuilding @ http://localhost:3000/_next/static/chunks/node_modules_next_dist_115brz8._.js:2431
[20348277ms] [LOG] [Fast Refresh] done in 144ms @ http://localhost:3000/_next/static/chunks/node_modules_next_dist_115brz8._.js:2431
[20349731ms] [LOG] [Fast Refresh] rebuilding @ http://localhost:3000/_next/static/chunks/node_modules_next_dist_115brz8._.js:2431
[20349752ms] [LOG] [Fast Refresh] done in 23ms @ http://localhost:3000/_next/static/chunks/node_modules_next_dist_115brz8._.js:2431
[20378181ms] [LOG] [Fast Refresh] rebuilding @ http://localhost:3000/_next/static/chunks/node_modules_next_dist_115brz8._.js:2431
[20378333ms] [LOG] [Fast Refresh] done in 254ms @ http://localhost:3000/_next/static/chunks/node_modules_next_dist_115brz8._.js:2431
[22439720ms] [LOG] [Fast Refresh] rebuilding @ http://localhost:3000/_next/static/chunks/node_modules_next_dist_115brz8._.js:2431
[22439796ms] [LOG] [Fast Refresh] done in 181ms @ http://localhost:3000/_next/static/chunks/node_modules_next_dist_115brz8._.js:2431
[22451765ms] [LOG] [Fast Refresh] rebuilding @ http://localhost:3000/_next/static/chunks/node_modules_next_dist_115brz8._.js:2431
[22452352ms] [LOG] [Fast Refresh] done in 690ms @ http://localhost:3000/_next/static/chunks/node_modules_next_dist_115brz8._.js:2431
[22452501ms] [LOG] [Fast Refresh] rebuilding @ http://localhost:3000/_next/static/chunks/node_modules_next_dist_115brz8._.js:2431
[22452669ms] [LOG] [Fast Refresh] done in 269ms @ http://localhost:3000/_next/static/chunks/node_modules_next_dist_115brz8._.js:2431
[22455132ms] [WARNING] The resource http://localhost:3000/_next/static/chunks/src_shared_ui_page-shell_page-shell_module_scss_module_0i25aaj.css was preloaded using link preload but not used within a few seconds from the window's load event. Please make sure it has an appropriate `as` value and it is preloaded intentionally. @ http://localhost:3000/pt-BR/cargas:0
[22457179ms] [LOG] [Fast Refresh] rebuilding @ http://localhost:3000/_next/static/chunks/node_modules_next_dist_115brz8._.js:2431
[22458413ms] [LOG] [Fast Refresh] done in 1216ms @ http://localhost:3000/_next/static/chunks/node_modules_next_dist_115brz8._.js:2431
[22458543ms] [LOG] [Fast Refresh] rebuilding @ http://localhost:3000/_next/static/chunks/node_modules_next_dist_115brz8._.js:2431
[22459275ms] [LOG] [Fast Refresh] done in 834ms @ http://localhost:3000/_next/static/chunks/node_modules_next_dist_115brz8._.js:2431
[22459529ms] [LOG] [Fast Refresh] rebuilding @ http://localhost:3000/_next/static/chunks/node_modules_next_dist_115brz8._.js:2431
[22459566ms] [LOG] [Fast Refresh] done in 140ms @ http://localhost:3000/_next/static/chunks/node_modules_next_dist_115brz8._.js:2431
[22459739ms] [LOG] [Fast Refresh] rebuilding @ http://localhost:3000/_next/static/chunks/node_modules_next_dist_115brz8._.js:2431
[22459842ms] [LOG] [Fast Refresh] done in 203ms @ http://localhost:3000/_next/static/chunks/node_modules_next_dist_115brz8._.js:2431
[22463144ms] [WARNING] The resource http://localhost:3000/_next/static/chunks/src_shared_ui_page-shell_page-shell_module_scss_module_0i25aaj.css was preloaded using link preload but not used within a few seconds from the window's load event. Please make sure it has an appropriate `as` value and it is preloaded intentionally. @ http://localhost:3000/pt-BR/cargas:0
[22463155ms] [LOG] [Fast Refresh] rebuilding @ http://localhost:3000/_next/static/chunks/node_modules_next_dist_115brz8._.js:2431
[22463250ms] [LOG] [Fast Refresh] done in 197ms @ http://localhost:3000/_next/static/chunks/node_modules_next_dist_115brz8._.js:2431
[22464449ms] [LOG] [Fast Refresh] rebuilding @ http://localhost:3000/_next/static/chunks/node_modules_next_dist_115brz8._.js:2431
[22464524ms] [LOG] [Fast Refresh] done in 176ms @ http://localhost:3000/_next/static/chunks/node_modules_next_dist_115brz8._.js:2431
[22467235ms] [LOG] [Fast Refresh] rebuilding @ http://localhost:3000/_next/static/chunks/node_modules_next_dist_115brz8._.js:2431
[22467260ms] [LOG] [Fast Refresh] done in 126ms @ http://localhost:3000/_next/static/chunks/node_modules_next_dist_115brz8._.js:2431
[23100168ms] [LOG] [Fast Refresh] rebuilding @ http://localhost:3000/_next/static/chunks/node_modules_next_dist_115brz8._.js:2431
[23100321ms] [LOG] [Fast Refresh] done in 260ms @ http://localhost:3000/_next/static/chunks/node_modules_next_dist_115brz8._.js:2431
[23101167ms] [LOG] [Fast Refresh] rebuilding @ http://localhost:3000/_next/static/chunks/node_modules_next_dist_115brz8._.js:2431
[23101372ms] [LOG] [Fast Refresh] done in 308ms @ http://localhost:3000/_next/static/chunks/node_modules_next_dist_115brz8._.js:2431
[26783668ms] [LOG] [HMR] connected @ http://localhost:3000/_next/static/chunks/node_modules_next_dist_115brz8._.js:2431
[27262768ms] [LOG] [HMR] connected @ http://localhost:3000/_next/static/chunks/node_modules_next_dist_115brz8._.js:2431
[27263117ms] [LOG] [Fast Refresh] rebuilding @ http://localhost:3000/_next/static/chunks/node_modules_next_dist_115brz8._.js:2431
[27263151ms] [LOG] [Fast Refresh] done in 136ms @ http://localhost:3000/_next/static/chunks/node_modules_next_dist_115brz8._.js:2431
[28929865ms] [LOG] [HMR] connected @ http://localhost:3000/_next/static/chunks/node_modules_next_dist_115brz8._.js:2431
[29123431ms] [LOG] [Fast Refresh] rebuilding @ http://localhost:3000/_next/static/chunks/node_modules_next_dist_115brz8._.js:2431
[29123517ms] [LOG] [Fast Refresh] done in 194ms @ http://localhost:3000/_next/static/chunks/node_modules_next_dist_115brz8._.js:2431
[29124039ms] [LOG] [Fast Refresh] rebuilding @ http://localhost:3000/_next/static/chunks/node_modules_next_dist_115brz8._.js:2431
[29124154ms] [LOG] [Fast Refresh] done in 215ms @ http://localhost:3000/_next/static/chunks/node_modules_next_dist_115brz8._.js:2431
[29251932ms] [LOG] [Fast Refresh] rebuilding @ http://localhost:3000/_next/static/chunks/node_modules_next_dist_115brz8._.js:2431
[29251939ms] [LOG] [Fast Refresh] done in 109ms @ http://localhost:3000/_next/static/chunks/node_modules_next_dist_115brz8._.js:2431
[29289053ms] [LOG] [Fast Refresh] rebuilding @ http://localhost:3000/_next/static/chunks/node_modules_next_dist_115brz8._.js:2431
[29292540ms] [LOG] [Fast Refresh] done in 1826ms @ http://localhost:3000/_next/static/chunks/node_modules_next_dist_115brz8._.js:2431
[29292641ms] [WARNING] The resource http://localhost:3000/_next/static/chunks/src_shared_ui_page-shell_page-shell_module_scss_module_0i25aaj.css was preloaded using link preload but not used within a few seconds from the window's load event. Please make sure it has an appropriate `as` value and it is preloaded intentionally. @ http://localhost:3000/pt-BR/cargas:0
[29292645ms] [LOG] [Fast Refresh] rebuilding @ http://localhost:3000/_next/static/chunks/node_modules_next_dist_115brz8._.js:2431
[29294118ms] [LOG] [Fast Refresh] done in 374ms @ http://localhost:3000/_next/static/chunks/node_modules_next_dist_115brz8._.js:2431
[29294841ms] [LOG] [Fast Refresh] rebuilding @ http://localhost:3000/_next/static/chunks/node_modules_next_dist_115brz8._.js:2431
[29294845ms] [LOG] [Fast Refresh] done in 58ms @ http://localhost:3000/_next/static/chunks/node_modules_next_dist_115brz8._.js:2431
[29295063ms] [LOG] [Fast Refresh] rebuilding @ http://localhost:3000/_next/static/chunks/node_modules_next_dist_115brz8._.js:2431
[29295083ms] [LOG] [Fast Refresh] done in 120ms @ http://localhost:3000/_next/static/chunks/node_modules_next_dist_115brz8._.js:2431
[29295555ms] [LOG] [Fast Refresh] rebuilding @ http://localhost:3000/_next/static/chunks/node_modules_next_dist_115brz8._.js:2431
[29295571ms] [LOG] [Fast Refresh] done in 118ms @ http://localhost:3000/_next/static/chunks/node_modules_next_dist_115brz8._.js:2431
[29296125ms] [LOG] [Fast Refresh] rebuilding @ http://localhost:3000/_next/static/chunks/node_modules_next_dist_115brz8._.js:2431
[29296127ms] [LOG] [Fast Refresh] done in 163ms @ http://localhost:3000/_next/static/chunks/node_modules_next_dist_115brz8._.js:2431
[29297044ms] [LOG] [Fast Refresh] rebuilding @ http://localhost:3000/_next/static/chunks/node_modules_next_dist_115brz8._.js:2431
[29297120ms] [LOG] [Fast Refresh] done in 150ms @ http://localhost:3000/_next/static/chunks/node_modules_next_dist_115brz8._.js:2431
[29298667ms] [LOG] [Fast Refresh] rebuilding @ http://localhost:3000/_next/static/chunks/node_modules_next_dist_115brz8._.js:2431
[29298718ms] [LOG] [Fast Refresh] done in 123ms @ http://localhost:3000/_next/static/chunks/node_modules_next_dist_115brz8._.js:2431
[29299119ms] [WARNING] The resource http://localhost:3000/_next/static/chunks/src_shared_ui_page-shell_page-shell_module_scss_module_0i25aaj.css was preloaded using link preload but not used within a few seconds from the window's load event. Please make sure it has an appropriate `as` value and it is preloaded intentionally. @ http://localhost:3000/pt-BR/cargas:0
[29299481ms] [LOG] [Fast Refresh] rebuilding @ http://localhost:3000/_next/static/chunks/node_modules_next_dist_115brz8._.js:2431
[29299553ms] [LOG] [Fast Refresh] done in 143ms @ http://localhost:3000/_next/static/chunks/node_modules_next_dist_115brz8._.js:2431
[29409797ms] [LOG] [Fast Refresh] rebuilding @ http://localhost:3000/_next/static/chunks/node_modules_next_dist_115brz8._.js:2431
[29409802ms] [LOG] [Fast Refresh] done in 113ms @ http://localhost:3000/_next/static/chunks/node_modules_next_dist_115brz8._.js:2431
[29478268ms] [LOG] [Fast Refresh] rebuilding @ http://localhost:3000/_next/static/chunks/node_modules_next_dist_115brz8._.js:2431
[29478397ms] [LOG] [Fast Refresh] done in 231ms @ http://localhost:3000/_next/static/chunks/node_modules_next_dist_115brz8._.js:2431
[29707472ms] [LOG] [Fast Refresh] rebuilding @ http://localhost:3000/_next/static/chunks/node_modules_next_dist_115brz8._.js:2431
[29708008ms] [LOG] [Fast Refresh] done in 463ms @ http://localhost:3000/_next/static/chunks/node_modules_next_dist_115brz8._.js:2431
[29708121ms] [LOG] [Fast Refresh] rebuilding @ http://localhost:3000/_next/static/chunks/node_modules_next_dist_115brz8._.js:2431
[29709303ms] [LOG] [Fast Refresh] done in 1282ms @ http://localhost:3000/_next/static/chunks/node_modules_next_dist_115brz8._.js:2431
[29709450ms] [LOG] [Fast Refresh] rebuilding @ http://localhost:3000/_next/static/chunks/node_modules_next_dist_115brz8._.js:2431
[29710619ms] [LOG] [Fast Refresh] done in 131ms @ http://localhost:3000/_next/static/chunks/node_modules_next_dist_115brz8._.js:2431
[29711013ms] [WARNING] The resource http://localhost:3000/_next/static/chunks/src_shared_ui_page-shell_page-shell_module_scss_module_0i25aaj.css was preloaded using link preload but not used within a few seconds from the window's load event. Please make sure it has an appropriate `as` value and it is preloaded intentionally. @ http://localhost:3000/pt-BR/cargas:0
[29711638ms] [LOG] [Fast Refresh] rebuilding @ http://localhost:3000/_next/static/chunks/node_modules_next_dist_115brz8._.js:2431
[29712624ms] [ERROR] ./src/app/[locale]/hy-ui-lab/icon-button/spectrum-scroll-gradient.module.sass
Error evaluating Node.js code
Error: Expected identifier.
   ╷
12 │ +  scroll-snap-align: start
   │                      ^
   ╵
  src/app/[locale]/hy-ui-lab/icon-button/spectrum-scroll-gradient.module.sass 12:22  root stylesheet
  (from /Users/tialarocha/Desktop/hydririvers-ops-dashboard/node_modules/next/dist/build/webpack/loaders/resolve-url-loader/index.js, /Users/tialarocha/Desktop/hydririvers-ops-dashboard/node_modules/next/dist/compiled/sass-loader/cjs.js)
Caused by: Error: Expected identifier.
   ╷
12 │ +  scroll-snap-align: start
   │                      ^
   ╵
  src/app/[locale]/hy-ui-lab/icon-button/spectrum-scroll-gradient.module.sass 12:22  root stylesheet
    [at Object.wrapException (/Users/tialarocha/Desktop/hydririvers-ops-dashboard/node_modules/sass/sass.dart.js:2337:47)]
    [at SpanScanner.error$3$length$position (/Users/tialarocha/Desktop/hydririvers-ops-dashboard/node_modules/sass/sass.dart.js:87427:15)]
    [at SpanScanner.error$1 (/Users/tialarocha/Desktop/hydririvers-ops-dashboard/node_modules/sass/sass.dart.js:87430:19)]
    [at SelectorParser0.identifier$2$normalize$unit (/Users/tialarocha/Desktop/hydririvers-ops-dashboard/node_modules/sass/sass.dart.js:117743:12)]
    [at SelectorParser0.identifier$0 (/Users/tialarocha/Desktop/hydririvers-ops-dashboard/node_modules/sass/sass.dart.js:117750:19)]
    [at SelectorParser0._selector$_pseudoSelector$0 (/Users/tialarocha/Desktop/hydririvers-ops-dashboard/node_modules/sass/sass.dart.js:120263:21)]
    [at SelectorParser0._selector$_simpleSelector$1$allowParent (/Users/tialarocha/Desktop/hydririvers-ops-dashboard/node_modules/sass/sass.dart.js:120171:24)]
    [at SelectorParser0._selector$_compoundSelector$0 (/Users/tialarocha/Desktop/hydririvers-ops-dashboard/node_modules/sass/sass.dart.js:120142:31)]
    [at SelectorParser0._selector$_complexSelector$1$lineBreak (/Users/tialarocha/Desktop/hydririvers-ops-dashboard/node_modules/sass/sass.dart.js:120112:32)]
    [at SelectorParser0._selector$_complexSelector$0 (/Users/tialarocha/Desktop/hydririvers-ops-dashboard/node_modules/sass/sass.dart.js:120134:19)]

Import traces:
  Client Component Browser:
    ./src/app/[locale]/hy-ui-lab/icon-button/spectrum-scroll-gradient.module.sass [Client Component Browser]
    ./src/app/[locale]/hy-ui-lab/icon-button/spectrum-scroll-gradient.tsx [Client Component Browser]
    ./src/app/[locale]/hy-ui-lab/icon-button/icon-button-visual-lab.tsx [Client Component Browser]
    ./src/app/[locale]/hy-ui-lab/icon-button/icon-button-visual-lab.tsx [Server Component]
    ./src/app/[locale]/hy-ui-lab/icon-button/page.tsx [Server Component]

  Client Component SSR:
    ./src/app/[locale]/hy-ui-lab/icon-button/spectrum-scroll-gradient.module.sass [Client Component SSR]
    ./src/app/[locale]/hy-ui-lab/icon-button/spectrum-scroll-gradient.tsx [Client Component SSR]
    ./src/app/[locale]/hy-ui-lab/icon-button/icon-button-visual-lab.tsx [Client Component SSR]
    ./src/app/[locale]/hy-ui-lab/icon-button/icon-button-visual-lab.tsx [Server Component]
    ./src/app/[locale]/hy-ui-lab/icon-button/page.tsx [Server Component] @ http://localhost:3000/_next/static/chunks/node_modules_next_dist_115brz8._.js:3272
[29712999ms] [LOG] [Fast Refresh] rebuilding @ http://localhost:3000/_next/static/chunks/node_modules_next_dist_115brz8._.js:2431
[29713534ms] [ERROR] ./src/app/[locale]/hy-ui-lab/icon-button/spectrum-scroll-gradient.module.sass
Error evaluating Node.js code
Error: Expected identifier.
   ╷
12 │ +  scroll-snap-align: start
   │                      ^
   ╵
  src/app/[locale]/hy-ui-lab/icon-button/spectrum-scroll-gradient.module.sass 12:22  root stylesheet
  (from /Users/tialarocha/Desktop/hydririvers-ops-dashboard/node_modules/next/dist/build/webpack/loaders/resolve-url-loader/index.js, /Users/tialarocha/Desktop/hydririvers-ops-dashboard/node_modules/next/dist/compiled/sass-loader/cjs.js)
Caused by: Error: Expected identifier.
   ╷
12 │ +  scroll-snap-align: start
   │                      ^
   ╵
  src/app/[locale]/hy-ui-lab/icon-button/spectrum-scroll-gradient.module.sass 12:22  root stylesheet
    [at Object.wrapException (/Users/tialarocha/Desktop/hydririvers-ops-dashboard/node_modules/sass/sass.dart.js:2337:47)]
    [at SpanScanner.error$3$length$position (/Users/tialarocha/Desktop/hydririvers-ops-dashboard/node_modules/sass/sass.dart.js:87427:15)]
    [at SpanScanner.error$1 (/Users/tialarocha/Desktop/hydririvers-ops-dashboard/node_modules/sass/sass.dart.js:87430:19)]
    [at SelectorParser0.identifier$2$normalize$unit (/Users/tialarocha/Desktop/hydririvers-ops-dashboard/node_modules/sass/sass.dart.js:117743:12)]
    [at SelectorParser0.identifier$0 (/Users/tialarocha/Desktop/hydririvers-ops-dashboard/node_modules/sass/sass.dart.js:117750:19)]
    [at SelectorParser0._selector$_pseudoSelector$0 (/Users/tialarocha/Desktop/hydririvers-ops-dashboard/node_modules/sass/sass.dart.js:120263:21)]
    [at SelectorParser0._selector$_simpleSelector$1$allowParent (/Users/tialarocha/Desktop/hydririvers-ops-dashboard/node_modules/sass/sass.dart.js:120171:24)]
    [at SelectorParser0._selector$_compoundSelector$0 (/Users/tialarocha/Desktop/hydririvers-ops-dashboard/node_modules/sass/sass.dart.js:120142:31)]
    [at SelectorParser0._selector$_complexSelector$1$lineBreak (/Users/tialarocha/Desktop/hydririvers-ops-dashboard/node_modules/sass/sass.dart.js:120112:32)]
    [at SelectorParser0._selector$_complexSelector$0 (/Users/tialarocha/Desktop/hydririvers-ops-dashboard/node_modules/sass/sass.dart.js:120134:19)]

Import traces:
  Client Component Browser:
    ./src/app/[locale]/hy-ui-lab/icon-button/spectrum-scroll-gradient.module.sass [Client Component Browser]
    ./src/app/[locale]/hy-ui-lab/icon-button/spectrum-scroll-gradient.tsx [Client Component Browser]
    ./src/app/[locale]/hy-ui-lab/icon-button/icon-button-visual-lab.tsx [Client Component Browser]
    ./src/app/[locale]/hy-ui-lab/icon-button/icon-button-visual-lab.tsx [Server Component]
    ./src/app/[locale]/hy-ui-lab/icon-button/page.tsx [Server Component]

  Client Component SSR:
    ./src/app/[locale]/hy-ui-lab/icon-button/spectrum-scroll-gradient.module.sass [Client Component SSR]
    ./src/app/[locale]/hy-ui-lab/icon-button/spectrum-scroll-gradient.tsx [Client Component SSR]
    ./src/app/[locale]/hy-ui-lab/icon-button/icon-button-visual-lab.tsx [Client Component SSR]
    ./src/app/[locale]/hy-ui-lab/icon-button/icon-button-visual-lab.tsx [Server Component]
    ./src/app/[locale]/hy-ui-lab/icon-button/page.tsx [Server Component] @ http://localhost:3000/_next/static/chunks/node_modules_next_dist_115brz8._.js:3272
[29713656ms] [LOG] [Fast Refresh] rebuilding @ http://localhost:3000/_next/static/chunks/node_modules_next_dist_115brz8._.js:2431
[29715828ms] [ERROR] Failed to load resource: the server responded with a status of 500 (Internal Server Error) @ http://localhost:3000/pt-BR/cargas?_rsc=8ldac:0
[29718184ms] [ERROR] Failed to load resource: the server responded with a status of 500 (Internal Server Error) @ http://localhost:3000/pt-BR/cargas?_rsc=8ldac:0
[29718365ms] [ERROR] Failed to load resource: the server responded with a status of 500 (Internal Server Error) @ http://localhost:3000/pt-BR/cargas:0
[29720031ms] [INFO] %cDownload the React DevTools for a better development experience: https://react.dev/link/react-devtools font-weight:bold @ http://localhost:3000/_next/static/chunks/node_modules_react-dom_0bruynb._.js:13920
[29720324ms] Error: ./src/app/[locale]/hy-ui-lab/icon-button/spectrum-scroll-gradient.module.sass
Error evaluating Node.js code
Error: Expected identifier.
   ╷
12 │ +  scroll-snap-align: start
   │                      ^
   ╵
  src/app/[locale]/hy-ui-lab/icon-button/spectrum-scroll-gradient.module.sass 12:22  root stylesheet
  (from /Users/tialarocha/Desktop/hydririvers-ops-dashboard/node_modules/next/dist/build/webpack/loaders/resolve-url-loader/index.js, /Users/tialarocha/Desktop/hydririvers-ops-dashboard/node_modules/next/dist/compiled/sass-loader/cjs.js)
Caused by: Error: Expected identifier.
   ╷
12 │ +  scroll-snap-align: start
   │                      ^
   ╵
  src/app/[locale]/hy-ui-lab/icon-button/spectrum-scroll-gradient.module.sass 12:22  root stylesheet
    [at Object.wrapException (/Users/tialarocha/Desktop/hydririvers-ops-dashboard/node_modules/sass/sass.dart.js:2337:47)]
    [at SpanScanner.error$3$length$position (/Users/tialarocha/Desktop/hydririvers-ops-dashboard/node_modules/sass/sass.dart.js:87427:15)]
    [at SpanScanner.error$1 (/Users/tialarocha/Desktop/hydririvers-ops-dashboard/node_modules/sass/sass.dart.js:87430:19)]
    [at SelectorParser0.identifier$2$normalize$unit (/Users/tialarocha/Desktop/hydririvers-ops-dashboard/node_modules/sass/sass.dart.js:117743:12)]
    [at SelectorParser0.identifier$0 (/Users/tialarocha/Desktop/hydririvers-ops-dashboard/node_modules/sass/sass.dart.js:117750:19)]
    [at SelectorParser0._selector$_pseudoSelector$0 (/Users/tialarocha/Desktop/hydririvers-ops-dashboard/node_modules/sass/sass.dart.js:120263:21)]
    [at SelectorParser0._selector$_simpleSelector$1$allowParent (/Users/tialarocha/Desktop/hydririvers-ops-dashboard/node_modules/sass/sass.dart.js:120171:24)]
    [at SelectorParser0._selector$_compoundSelector$0 (/Users/tialarocha/Desktop/hydririvers-ops-dashboard/node_modules/sass/sass.dart.js:120142:31)]
    [at SelectorParser0._selector$_complexSelector$1$lineBreak (/Users/tialarocha/Desktop/hydririvers-ops-dashboard/node_modules/sass/sass.dart.js:120112:32)]
    [at SelectorParser0._selector$_complexSelector$0 (/Users/tialarocha/Desktop/hydririvers-ops-dashboard/node_modules/sass/sass.dart.js:120134:19)]

Import traces:
  Client Component Browser:
    ./src/app/[locale]/hy-ui-lab/icon-button/spectrum-scroll-gradient.module.sass [Client Component Browser]
    ./src/app/[locale]/hy-ui-lab/icon-button/spectrum-scroll-gradient.tsx [Client Component Browser]
    ./src/app/[locale]/hy-ui-lab/icon-button/icon-button-visual-lab.tsx [Client Component Browser]
    ./src/app/[locale]/hy-ui-lab/icon-button/icon-button-visual-lab.tsx [Server Component]
    ./src/app/[locale]/hy-ui-lab/icon-button/page.tsx [Server Component]

  Client Component SSR:
    ./src/app/[locale]/hy-ui-lab/icon-button/spectrum-scroll-gradient.module.sass [Client Component SSR]
    ./src/app/[locale]/hy-ui-lab/icon-button/spectrum-scroll-gradient.tsx [Client Component SSR]
    ./src/app/[locale]/hy-ui-lab/icon-button/icon-button-visual-lab.tsx [Client Component SSR]
    ./src/app/[locale]/hy-ui-lab/icon-button/icon-button-visual-lab.tsx [Server Component]
    ./src/app/[locale]/hy-ui-lab/icon-button/page.tsx [Server Component]


    at Object.getCompilationErrors (file:///Users/tialarocha/Desktop/hydririvers-ops-dashboard/node_modules/next/dist/server/dev/hot-reloader-turbopack.js:1186:59)
    at DevBundlerService.getCompilationError (file:///Users/tialarocha/Desktop/hydririvers-ops-dashboard/node_modules/next/dist/server/lib/dev-bundler-service.js:44:55)
    at DevServer.getCompilationError (file:///Users/tialarocha/Desktop/hydririvers-ops-dashboard/node_modules/next/dist/server/dev/next-dev-server.js:719:42)
    at DevServer.findPageComponents (file:///Users/tialarocha/Desktop/hydririvers-ops-dashboard/node_modules/next/dist/server/dev/next-dev-server.js:689:43)
    at async DevServer.renderErrorToResponseImpl (file:///Users/tialarocha/Desktop/hydririvers-ops-dashboard/node_modules/next/dist/server/base-server.js:1745:26)
[29720248ms] [LOG] [HMR] connected @ http://localhost:3000/_next/static/chunks/node_modules_next_dist_0u_w_5s._.js:1226
[29720297ms] [ERROR] ./src/app/[locale]/hy-ui-lab/icon-button/spectrum-scroll-gradient.module.sass
Error evaluating Node.js code
Error: Expected identifier.
   ╷
12 │ +  scroll-snap-align: start
   │                      ^
   ╵
  src/app/[locale]/hy-ui-lab/icon-button/spectrum-scroll-gradient.module.sass 12:22  root stylesheet
  (from /Users/tialarocha/Desktop/hydririvers-ops-dashboard/node_modules/next/dist/build/webpack/loaders/resolve-url-loader/index.js, /Users/tialarocha/Desktop/hydririvers-ops-dashboard/node_modules/next/dist/compiled/sass-loader/cjs.js)
Caused by: Error: Expected identifier.
   ╷
12 │ +  scroll-snap-align: start
   │                      ^
   ╵
  src/app/[locale]/hy-ui-lab/icon-button/spectrum-scroll-gradient.module.sass 12:22  root stylesheet
    [at Object.wrapException (/Users/tialarocha/Desktop/hydririvers-ops-dashboard/node_modules/sass/sass.dart.js:2337:47)]
    [at SpanScanner.error$3$length$position (/Users/tialarocha/Desktop/hydririvers-ops-dashboard/node_modules/sass/sass.dart.js:87427:15)]
    [at SpanScanner.error$1 (/Users/tialarocha/Desktop/hydririvers-ops-dashboard/node_modules/sass/sass.dart.js:87430:19)]
    [at SelectorParser0.identifier$2$normalize$unit (/Users/tialarocha/Desktop/hydririvers-ops-dashboard/node_modules/sass/sass.dart.js:117743:12)]
    [at SelectorParser0.identifier$0 (/Users/tialarocha/Desktop/hydririvers-ops-dashboard/node_modules/sass/sass.dart.js:117750:19)]
    [at SelectorParser0._selector$_pseudoSelector$0 (/Users/tialarocha/Desktop/hydririvers-ops-dashboard/node_modules/sass/sass.dart.js:120263:21)]
    [at SelectorParser0._selector$_simpleSelector$1$allowParent (/Users/tialarocha/Desktop/hydririvers-ops-dashboard/node_modules/sass/sass.dart.js:120171:24)]
    [at SelectorParser0._selector$_compoundSelector$0 (/Users/tialarocha/Desktop/hydririvers-ops-dashboard/node_modules/sass/sass.dart.js:120142:31)]
    [at SelectorParser0._selector$_complexSelector$1$lineBreak (/Users/tialarocha/Desktop/hydririvers-ops-dashboard/node_modules/sass/sass.dart.js:120112:32)]
    [at SelectorParser0._selector$_complexSelector$0 (/Users/tialarocha/Desktop/hydririvers-ops-dashboard/node_modules/sass/sass.dart.js:120134:19)]

Import traces:
  Client Component Browser:
    ./src/app/[locale]/hy-ui-lab/icon-button/spectrum-scroll-gradient.module.sass [Client Component Browser]
    ./src/app/[locale]/hy-ui-lab/icon-button/spectrum-scroll-gradient.tsx [Client Component Browser]
    ./src/app/[locale]/hy-ui-lab/icon-button/icon-button-visual-lab.tsx [Client Component Browser]
    ./src/app/[locale]/hy-ui-lab/icon-button/icon-button-visual-lab.tsx [Server Component]
    ./src/app/[locale]/hy-ui-lab/icon-button/page.tsx [Server Component]

  Client Component SSR:
    ./src/app/[locale]/hy-ui-lab/icon-button/spectrum-scroll-gradient.module.sass [Client Component SSR]
    ./src/app/[locale]/hy-ui-lab/icon-button/spectrum-scroll-gradient.tsx [Client Component SSR]
    ./src/app/[locale]/hy-ui-lab/icon-button/icon-button-visual-lab.tsx [Client Component SSR]
    ./src/app/[locale]/hy-ui-lab/icon-button/icon-button-visual-lab.tsx [Server Component]
    ./src/app/[locale]/hy-ui-lab/icon-button/page.tsx [Server Component] @ http://localhost:3000/_next/static/chunks/node_modules_next_dist_0u_w_5s._.js:1945
[29721428ms] [WARNING] [Fast Refresh] performing full reload because your application had an unrecoverable error @ http://localhost:3000/_next/static/chunks/node_modules_next_dist_0u_w_5s._.js:1226
[29723125ms] [LOG] [Fast Refresh] rebuilding @ http://localhost:3000/_next/static/chunks/node_modules_next_dist_0u_w_5s._.js:1226
[29723158ms] [LOG] [Fast Refresh] done in 134ms @ http://localhost:3000/_next/static/chunks/node_modules_next_dist_0u_w_5s._.js:1226
[29725941ms] [INFO] %cDownload the React DevTools for a better development experience: https://react.dev/link/react-devtools font-weight:bold @ http://localhost:3000/_next/static/chunks/node_modules_next_dist_115brz8._.js:2431
[29726525ms] [LOG] [HMR] connected @ http://localhost:3000/_next/static/chunks/node_modules_next_dist_115brz8._.js:2431
[29727674ms] [LOG] [Fast Refresh] rebuilding @ http://localhost:3000/_next/static/chunks/node_modules_next_dist_115brz8._.js:2431
[29727783ms] [LOG] [Fast Refresh] done in 211ms @ http://localhost:3000/_next/static/chunks/node_modules_next_dist_115brz8._.js:2431
[29728783ms] [LOG] [Fast Refresh] rebuilding @ http://localhost:3000/_next/static/chunks/node_modules_next_dist_115brz8._.js:2431
[29729947ms] [LOG] [Fast Refresh] done in 1266ms @ http://localhost:3000/_next/static/chunks/node_modules_next_dist_115brz8._.js:2431
[29730067ms] [LOG] [Fast Refresh] rebuilding @ http://localhost:3000/_next/static/chunks/node_modules_next_dist_115brz8._.js:2431
[29730534ms] [ERROR] Failed to load resource: the server responded with a status of 401 (Unauthorized) @ http://localhost:3000/api/auth/me:0
[29733664ms] [WARNING] The resource http://localhost:3000/_next/static/chunks/src_shared_ui_page-shell_page-shell_module_scss_module_0i25aaj.css was preloaded using link preload but not used within a few seconds from the window's load event. Please make sure it has an appropriate `as` value and it is preloaded intentionally. @ http://localhost:3000/pt-BR/cargas:0
[29735102ms] [LOG] [Fast Refresh] done in 5134ms @ http://localhost:3000/_next/static/chunks/node_modules_next_dist_115brz8._.js:2431
[29735745ms] [LOG] [Fast Refresh] rebuilding @ http://localhost:3000/_next/static/chunks/node_modules_next_dist_115brz8._.js:2431
[29735827ms] [LOG] [Fast Refresh] done in 189ms @ http://localhost:3000/_next/static/chunks/node_modules_next_dist_115brz8._.js:2431
[29738685ms] [WARNING] The resource http://localhost:3000/_next/static/chunks/src_shared_ui_page-shell_page-shell_module_scss_module_0i25aaj.css was preloaded using link preload but not used within a few seconds from the window's load event. Please make sure it has an appropriate `as` value and it is preloaded intentionally. @ http://localhost:3000/pt-BR/cargas:0
[29741720ms] [LOG] [Fast Refresh] rebuilding @ http://localhost:3000/_next/static/chunks/node_modules_next_dist_115brz8._.js:2431
[29742576ms] [LOG] [Fast Refresh] done in 947ms @ http://localhost:3000/_next/static/chunks/node_modules_next_dist_115brz8._.js:2431
[29744442ms] [LOG] [Fast Refresh] rebuilding @ http://localhost:3000/_next/static/chunks/node_modules_next_dist_115brz8._.js:2431
[29745190ms] [WARNING] The resource http://localhost:3000/_next/static/chunks/src_shared_ui_page-shell_page-shell_module_scss_module_0i25aaj.css was preloaded using link preload but not used within a few seconds from the window's load event. Please make sure it has an appropriate `as` value and it is preloaded intentionally. @ http://localhost:3000/pt-BR/cargas:0
[29748786ms] [LOG] [Fast Refresh] done in 4446ms @ http://localhost:3000/_next/static/chunks/node_modules_next_dist_115brz8._.js:2431
[29749332ms] [LOG] [Fast Refresh] rebuilding @ http://localhost:3000/_next/static/chunks/node_modules_next_dist_115brz8._.js:2431
[29750614ms] [LOG] [Fast Refresh] done in 1384ms @ http://localhost:3000/_next/static/chunks/node_modules_next_dist_115brz8._.js:2431
[29751291ms] [LOG] [Fast Refresh] rebuilding @ http://localhost:3000/_next/static/chunks/node_modules_next_dist_115brz8._.js:2431
[29751698ms] [LOG] [Fast Refresh] done in 508ms @ http://localhost:3000/_next/static/chunks/node_modules_next_dist_115brz8._.js:2431
[29756694ms] [LOG] [Fast Refresh] rebuilding @ http://localhost:3000/_next/static/chunks/node_modules_next_dist_115brz8._.js:2431
[29757212ms] [LOG] [Fast Refresh] done in 620ms @ http://localhost:3000/_next/static/chunks/node_modules_next_dist_115brz8._.js:2431
[29758116ms] [LOG] [Fast Refresh] rebuilding @ http://localhost:3000/_next/static/chunks/node_modules_next_dist_115brz8._.js:2431
[29758415ms] [LOG] [Fast Refresh] done in 400ms @ http://localhost:3000/_next/static/chunks/node_modules_next_dist_115brz8._.js:2431
[29758894ms] [LOG] [Fast Refresh] rebuilding @ http://localhost:3000/_next/static/chunks/node_modules_next_dist_115brz8._.js:2431
[29758941ms] [LOG] [Fast Refresh] done in 148ms @ http://localhost:3000/_next/static/chunks/node_modules_next_dist_115brz8._.js:2431
[29759805ms] [LOG] [Fast Refresh] rebuilding @ http://localhost:3000/_next/static/chunks/node_modules_next_dist_115brz8._.js:2431
[29759967ms] [LOG] [Fast Refresh] done in 264ms @ http://localhost:3000/_next/static/chunks/node_modules_next_dist_115brz8._.js:2431
[29761270ms] [LOG] [Fast Refresh] rebuilding @ http://localhost:3000/_next/static/chunks/node_modules_next_dist_115brz8._.js:2431
[29761610ms] [LOG] [Fast Refresh] done in 453ms @ http://localhost:3000/_next/static/chunks/node_modules_next_dist_115brz8._.js:2431
[29761999ms] [LOG] [Fast Refresh] rebuilding @ http://localhost:3000/_next/static/chunks/node_modules_next_dist_115brz8._.js:2431
[29762089ms] [LOG] [Fast Refresh] done in 192ms @ http://localhost:3000/_next/static/chunks/node_modules_next_dist_115brz8._.js:2431
[29763957ms] [WARNING] The resource http://localhost:3000/_next/static/chunks/src_shared_ui_page-shell_page-shell_module_scss_module_0i25aaj.css was preloaded using link preload but not used within a few seconds from the window's load event. Please make sure it has an appropriate `as` value and it is preloaded intentionally. @ http://localhost:3000/pt-BR/cargas:0
[29808273ms] [LOG] [Fast Refresh] rebuilding @ http://localhost:3000/_next/static/chunks/node_modules_next_dist_115brz8._.js:2431
[29808301ms] [LOG] [Fast Refresh] done in 137ms @ http://localhost:3000/_next/static/chunks/node_modules_next_dist_115brz8._.js:2431
[29880246ms] [LOG] [Fast Refresh] rebuilding @ http://localhost:3000/_next/static/chunks/node_modules_next_dist_115brz8._.js:2431
[29880253ms] [LOG] [Fast Refresh] done in 108ms @ http://localhost:3000/_next/static/chunks/node_modules_next_dist_115brz8._.js:2431
[29946639ms] [LOG] [Fast Refresh] rebuilding @ http://localhost:3000/_next/static/chunks/node_modules_next_dist_115brz8._.js:2431
[29946755ms] [LOG] [Fast Refresh] done in 218ms @ http://localhost:3000/_next/static/chunks/node_modules_next_dist_115brz8._.js:2431
[30084083ms] [LOG] [Fast Refresh] rebuilding @ http://localhost:3000/_next/static/chunks/node_modules_next_dist_115brz8._.js:2431
[30084165ms] [LOG] [Fast Refresh] done in 168ms @ http://localhost:3000/_next/static/chunks/node_modules_next_dist_115brz8._.js:2431
[30097675ms] [LOG] [Fast Refresh] rebuilding @ http://localhost:3000/_next/static/chunks/node_modules_next_dist_115brz8._.js:2431
[30097782ms] [LOG] [Fast Refresh] done in 182ms @ http://localhost:3000/_next/static/chunks/node_modules_next_dist_115brz8._.js:2431
[30098145ms] [LOG] [Fast Refresh] rebuilding @ http://localhost:3000/_next/static/chunks/node_modules_next_dist_115brz8._.js:2431
[30098666ms] [LOG] [Fast Refresh] done in 386ms @ http://localhost:3000/_next/static/chunks/node_modules_next_dist_115brz8._.js:2431
[30099302ms] [LOG] [Fast Refresh] rebuilding @ http://localhost:3000/_next/static/chunks/node_modules_next_dist_115brz8._.js:2431
[30099320ms] [LOG] [Fast Refresh] done in 33ms @ http://localhost:3000/_next/static/chunks/node_modules_next_dist_115brz8._.js:2431
[30100067ms] [LOG] [Fast Refresh] rebuilding @ http://localhost:3000/_next/static/chunks/node_modules_next_dist_115brz8._.js:2431
[30100091ms] [LOG] [Fast Refresh] done in 30ms @ http://localhost:3000/_next/static/chunks/node_modules_next_dist_115brz8._.js:2431
[30101670ms] [WARNING] The resource http://localhost:3000/_next/static/chunks/src_shared_ui_page-shell_page-shell_module_scss_module_0i25aaj.css was preloaded using link preload but not used within a few seconds from the window's load event. Please make sure it has an appropriate `as` value and it is preloaded intentionally. @ http://localhost:3000/pt-BR/cargas:0
[30203281ms] [LOG] [Fast Refresh] rebuilding @ http://localhost:3000/_next/static/chunks/node_modules_next_dist_115brz8._.js:2431
[30203518ms] [LOG] [Fast Refresh] done in 347ms @ http://localhost:3000/_next/static/chunks/node_modules_next_dist_115brz8._.js:2431
[30206196ms] [LOG] [Fast Refresh] rebuilding @ http://localhost:3000/_next/static/chunks/node_modules_next_dist_115brz8._.js:2431
[30206388ms] [LOG] [Fast Refresh] done in 297ms @ http://localhost:3000/_next/static/chunks/node_modules_next_dist_115brz8._.js:2431
[30350519ms] [LOG] [Fast Refresh] rebuilding @ http://localhost:3000/_next/static/chunks/node_modules_next_dist_115brz8._.js:2431
[30350541ms] [LOG] [Fast Refresh] done in 124ms @ http://localhost:3000/_next/static/chunks/node_modules_next_dist_115brz8._.js:2431
[30354235ms] [LOG] [Fast Refresh] rebuilding @ http://localhost:3000/_next/static/chunks/node_modules_next_dist_115brz8._.js:2431
[30357574ms] [WARNING] The resource http://localhost:3000/_next/static/chunks/src_shared_ui_page-shell_page-shell_module_scss_module_0i25aaj.css was preloaded using link preload but not used within a few seconds from the window's load event. Please make sure it has an appropriate `as` value and it is preloaded intentionally. @ http://localhost:3000/pt-BR/cargas:0
[30357581ms] [LOG] [Fast Refresh] done in 3449ms @ http://localhost:3000/_next/static/chunks/node_modules_next_dist_115brz8._.js:2431
[31038935ms] [LOG] [Fast Refresh] rebuilding @ http://localhost:3000/_next/static/chunks/node_modules_next_dist_115brz8._.js:2431
[31042249ms] [WARNING] The resource http://localhost:3000/_next/static/chunks/src_shared_ui_page-shell_page-shell_module_scss_module_0i25aaj.css was preloaded using link preload but not used within a few seconds from the window's load event. Please make sure it has an appropriate `as` value and it is preloaded intentionally. @ http://localhost:3000/pt-BR/cargas:0
[31042520ms] [LOG] [Fast Refresh] done in 3691ms @ http://localhost:3000/_next/static/chunks/node_modules_next_dist_115brz8._.js:2431
[31043773ms] [LOG] [Fast Refresh] rebuilding @ http://localhost:3000/_next/static/chunks/node_modules_next_dist_115brz8._.js:2431
[31044356ms] [LOG] [Fast Refresh] done in 684ms @ http://localhost:3000/_next/static/chunks/node_modules_next_dist_115brz8._.js:2431
[31045329ms] [LOG] [Fast Refresh] rebuilding @ http://localhost:3000/_next/static/chunks/node_modules_next_dist_115brz8._.js:2431
[31045369ms] [LOG] [Fast Refresh] done in 141ms @ http://localhost:3000/_next/static/chunks/node_modules_next_dist_115brz8._.js:2431
[31045947ms] [LOG] [Fast Refresh] rebuilding @ http://localhost:3000/_next/static/chunks/node_modules_next_dist_115brz8._.js:2431
[31046018ms] [LOG] [Fast Refresh] done in 172ms @ http://localhost:3000/_next/static/chunks/node_modules_next_dist_115brz8._.js:2431
[31047080ms] [WARNING] The resource http://localhost:3000/_next/static/chunks/src_shared_ui_page-shell_page-shell_module_scss_module_0i25aaj.css was preloaded using link preload but not used within a few seconds from the window's load event. Please make sure it has an appropriate `as` value and it is preloaded intentionally. @ http://localhost:3000/pt-BR/cargas:0
[31619707ms] [LOG] [Fast Refresh] rebuilding @ http://localhost:3000/_next/static/chunks/node_modules_next_dist_115brz8._.js:2431
[31619828ms] [LOG] [Fast Refresh] done in 166ms @ http://localhost:3000/_next/static/chunks/node_modules_next_dist_115brz8._.js:2431
[31622162ms] [LOG] [Fast Refresh] rebuilding @ http://localhost:3000/_next/static/chunks/node_modules_next_dist_115brz8._.js:2431
[31622244ms] [LOG] [Fast Refresh] done in 141ms @ http://localhost:3000/_next/static/chunks/node_modules_next_dist_115brz8._.js:2431
[31623711ms] [LOG] [Fast Refresh] rebuilding @ http://localhost:3000/_next/static/chunks/node_modules_next_dist_115brz8._.js:2431
[31623744ms] [LOG] [Fast Refresh] done in 51ms @ http://localhost:3000/_next/static/chunks/node_modules_next_dist_115brz8._.js:2431
[31624654ms] [LOG] [Fast Refresh] rebuilding @ http://localhost:3000/_next/static/chunks/node_modules_next_dist_115brz8._.js:2431
[31624685ms] [LOG] [Fast Refresh] done in 59ms @ http://localhost:3000/_next/static/chunks/node_modules_next_dist_115brz8._.js:2431
[31627666ms] [WARNING] The resource http://localhost:3000/_next/static/chunks/src_shared_ui_page-shell_page-shell_module_scss_module_0i25aaj.css was preloaded using link preload but not used within a few seconds from the window's load event. Please make sure it has an appropriate `as` value and it is preloaded intentionally. @ http://localhost:3000/pt-BR/cargas:0
[31718861ms] [LOG] [Fast Refresh] rebuilding @ http://localhost:3000/_next/static/chunks/node_modules_next_dist_115brz8._.js:2431
[31718988ms] [LOG] [Fast Refresh] done in 230ms @ http://localhost:3000/_next/static/chunks/node_modules_next_dist_115brz8._.js:2431
[33182201ms] [LOG] [Fast Refresh] rebuilding @ http://localhost:3000/_next/static/chunks/node_modules_next_dist_115brz8._.js:2431
[33182276ms] [LOG] [Fast Refresh] done in 182ms @ http://localhost:3000/_next/static/chunks/node_modules_next_dist_115brz8._.js:2431
[33504202ms] [LOG] [Fast Refresh] rebuilding @ http://localhost:3000/_next/static/chunks/node_modules_next_dist_115brz8._.js:2431
[33504319ms] [LOG] [Fast Refresh] done in 190ms @ http://localhost:3000/_next/static/chunks/node_modules_next_dist_115brz8._.js:2431
[33511163ms] [LOG] [Fast Refresh] rebuilding @ http://localhost:3000/_next/static/chunks/node_modules_next_dist_115brz8._.js:2431
[33511265ms] [LOG] [Fast Refresh] done in 190ms @ http://localhost:3000/_next/static/chunks/node_modules_next_dist_115brz8._.js:2431
[33511803ms] [LOG] [Fast Refresh] rebuilding @ http://localhost:3000/_next/static/chunks/node_modules_next_dist_115brz8._.js:2431
[33511829ms] [LOG] [Fast Refresh] done in 47ms @ http://localhost:3000/_next/static/chunks/node_modules_next_dist_115brz8._.js:2431
[33514832ms] [WARNING] The resource http://localhost:3000/_next/static/chunks/src_shared_ui_page-shell_page-shell_module_scss_module_0i25aaj.css was preloaded using link preload but not used within a few seconds from the window's load event. Please make sure it has an appropriate `as` value and it is preloaded intentionally. @ http://localhost:3000/pt-BR/cargas:0
[33518559ms] [LOG] [Fast Refresh] rebuilding @ http://localhost:3000/_next/static/chunks/node_modules_next_dist_115brz8._.js:2431
[33518600ms] [LOG] [Fast Refresh] done in 99ms @ http://localhost:3000/_next/static/chunks/node_modules_next_dist_115brz8._.js:2431
[33521613ms] [WARNING] The resource http://localhost:3000/_next/static/chunks/src_shared_ui_page-shell_page-shell_module_scss_module_0i25aaj.css was preloaded using link preload but not used within a few seconds from the window's load event. Please make sure it has an appropriate `as` value and it is preloaded intentionally. @ http://localhost:3000/pt-BR/cargas:0
[33526263ms] [LOG] [Fast Refresh] rebuilding @ http://localhost:3000/_next/static/chunks/node_modules_next_dist_115brz8._.js:2431
[33526805ms] [LOG] [Fast Refresh] done in 642ms @ http://localhost:3000/_next/static/chunks/node_modules_next_dist_115brz8._.js:2431
[33526949ms] [LOG] [Fast Refresh] rebuilding @ http://localhost:3000/_next/static/chunks/node_modules_next_dist_115brz8._.js:2431
[33528243ms] [LOG] [Fast Refresh] done in 1393ms @ http://localhost:3000/_next/static/chunks/node_modules_next_dist_115brz8._.js:2431
[33529128ms] [LOG] [Fast Refresh] rebuilding @ http://localhost:3000/_next/static/chunks/node_modules_next_dist_115brz8._.js:2431
[33529224ms] [LOG] [Fast Refresh] done in 199ms @ http://localhost:3000/_next/static/chunks/node_modules_next_dist_115brz8._.js:2431
[33529387ms] [LOG] [Fast Refresh] rebuilding @ http://localhost:3000/_next/static/chunks/node_modules_next_dist_115brz8._.js:2431
[33529647ms] [WARNING] The resource http://localhost:3000/_next/static/chunks/src_shared_ui_page-shell_page-shell_module_scss_module_0i25aaj.css was preloaded using link preload but not used within a few seconds from the window's load event. Please make sure it has an appropriate `as` value and it is preloaded intentionally. @ http://localhost:3000/pt-BR/cargas:0
[33530506ms] [LOG] [Fast Refresh] done in 1220ms @ http://localhost:3000/_next/static/chunks/node_modules_next_dist_115brz8._.js:2431
[33531183ms] [LOG] [Fast Refresh] rebuilding @ http://localhost:3000/_next/static/chunks/node_modules_next_dist_115brz8._.js:2431
[33531309ms] [LOG] [Fast Refresh] done in 226ms @ http://localhost:3000/_next/static/chunks/node_modules_next_dist_115brz8._.js:2431
[33532953ms] [LOG] [Fast Refresh] rebuilding @ http://localhost:3000/_next/static/chunks/node_modules_next_dist_115brz8._.js:2431
[33532965ms] [LOG] [Fast Refresh] done in 113ms @ http://localhost:3000/_next/static/chunks/node_modules_next_dist_115brz8._.js:2431
[33534302ms] [WARNING] The resource http://localhost:3000/_next/static/chunks/src_shared_ui_page-shell_page-shell_module_scss_module_0i25aaj.css was preloaded using link preload but not used within a few seconds from the window's load event. Please make sure it has an appropriate `as` value and it is preloaded intentionally. @ http://localhost:3000/pt-BR/cargas:0
[33597110ms] [LOG] [Fast Refresh] rebuilding @ http://localhost:3000/_next/static/chunks/node_modules_next_dist_115brz8._.js:2431
[33597125ms] [LOG] [Fast Refresh] done in 117ms @ http://localhost:3000/_next/static/chunks/node_modules_next_dist_115brz8._.js:2431
[33597988ms] [LOG] [Fast Refresh] rebuilding @ http://localhost:3000/_next/static/chunks/node_modules_next_dist_115brz8._.js:2431
[33598018ms] [LOG] [Fast Refresh] done in 133ms @ http://localhost:3000/_next/static/chunks/node_modules_next_dist_115brz8._.js:2431
[34050477ms] [LOG] [Fast Refresh] rebuilding @ http://localhost:3000/_next/static/chunks/node_modules_next_dist_115brz8._.js:2431
[34051274ms] [LOG] [Fast Refresh] done in 479ms @ http://localhost:3000/_next/static/chunks/node_modules_next_dist_115brz8._.js:2431
[34051553ms] [LOG] [Fast Refresh] rebuilding @ http://localhost:3000/_next/static/chunks/node_modules_next_dist_115brz8._.js:2431
[34051844ms] [LOG] [Fast Refresh] done in 119ms @ http://localhost:3000/_next/static/chunks/node_modules_next_dist_115brz8._.js:2431
[34052079ms] [LOG] [Fast Refresh] rebuilding @ http://localhost:3000/_next/static/chunks/node_modules_next_dist_115brz8._.js:2431
[34052322ms] [LOG] [Fast Refresh] done in 344ms @ http://localhost:3000/_next/static/chunks/node_modules_next_dist_115brz8._.js:2431
[34052756ms] [LOG] [Fast Refresh] rebuilding @ http://localhost:3000/_next/static/chunks/node_modules_next_dist_115brz8._.js:2431
[34052892ms] [LOG] [Fast Refresh] done in 236ms @ http://localhost:3000/_next/static/chunks/node_modules_next_dist_115brz8._.js:2431
[34053369ms] [LOG] [Fast Refresh] rebuilding @ http://localhost:3000/_next/static/chunks/node_modules_next_dist_115brz8._.js:2431
[34053406ms] [LOG] [Fast Refresh] done in 138ms @ http://localhost:3000/_next/static/chunks/node_modules_next_dist_115brz8._.js:2431
[34053940ms] [LOG] [Fast Refresh] rebuilding @ http://localhost:3000/_next/static/chunks/node_modules_next_dist_115brz8._.js:2431
[34054113ms] [LOG] [Fast Refresh] done in 145ms @ http://localhost:3000/_next/static/chunks/node_modules_next_dist_115brz8._.js:2431
[34056480ms] [LOG] [Fast Refresh] rebuilding @ http://localhost:3000/_next/static/chunks/node_modules_next_dist_115brz8._.js:2431
[34056503ms] [LOG] [Fast Refresh] done in 87ms @ http://localhost:3000/_next/static/chunks/node_modules_next_dist_115brz8._.js:2431
[34058375ms] [LOG] [Fast Refresh] rebuilding @ http://localhost:3000/_next/static/chunks/node_modules_next_dist_115brz8._.js:2431
[34058442ms] [LOG] [Fast Refresh] done in 132ms @ http://localhost:3000/_next/static/chunks/node_modules_next_dist_115brz8._.js:2431
[34058849ms] [LOG] [Fast Refresh] rebuilding @ http://localhost:3000/_next/static/chunks/node_modules_next_dist_115brz8._.js:2431
[34058948ms] [LOG] [Fast Refresh] done in 89ms @ http://localhost:3000/_next/static/chunks/node_modules_next_dist_115brz8._.js:2431
[34061464ms] [WARNING] The resource http://localhost:3000/_next/static/chunks/src_shared_ui_page-shell_page-shell_module_scss_module_0i25aaj.css was preloaded using link preload but not used within a few seconds from the window's load event. Please make sure it has an appropriate `as` value and it is preloaded intentionally. @ http://localhost:3000/pt-BR/cargas:0
[34064271ms] [LOG] [Fast Refresh] rebuilding @ http://localhost:3000/_next/static/chunks/node_modules_next_dist_115brz8._.js:2431
[34064292ms] [LOG] [Fast Refresh] done in 97ms @ http://localhost:3000/_next/static/chunks/node_modules_next_dist_115brz8._.js:2431
[34065023ms] [LOG] [Fast Refresh] rebuilding @ http://localhost:3000/_next/static/chunks/node_modules_next_dist_115brz8._.js:2431
[34065092ms] [LOG] [Fast Refresh] done in 141ms @ http://localhost:3000/_next/static/chunks/node_modules_next_dist_115brz8._.js:2431
[34067785ms] [LOG] [Fast Refresh] rebuilding @ http://localhost:3000/_next/static/chunks/node_modules_next_dist_115brz8._.js:2431
[34067823ms] [LOG] [Fast Refresh] done in 111ms @ http://localhost:3000/_next/static/chunks/node_modules_next_dist_115brz8._.js:2431
[34070865ms] [WARNING] The resource http://localhost:3000/_next/static/chunks/src_shared_ui_page-shell_page-shell_module_scss_module_0i25aaj.css was preloaded using link preload but not used within a few seconds from the window's load event. Please make sure it has an appropriate `as` value and it is preloaded intentionally. @ http://localhost:3000/pt-BR/cargas:0
[34098943ms] [LOG] [Fast Refresh] rebuilding @ http://localhost:3000/_next/static/chunks/node_modules_next_dist_115brz8._.js:2431
[34098974ms] [LOG] [Fast Refresh] done in 133ms @ http://localhost:3000/_next/static/chunks/node_modules_next_dist_115brz8._.js:2431
[34107700ms] [LOG] [Fast Refresh] rebuilding @ http://localhost:3000/_next/static/chunks/node_modules_next_dist_115brz8._.js:2431
[34107721ms] [LOG] [Fast Refresh] done in 46ms @ http://localhost:3000/_next/static/chunks/node_modules_next_dist_115brz8._.js:2431
[34191669ms] [LOG] [Fast Refresh] rebuilding @ http://localhost:3000/_next/static/chunks/node_modules_next_dist_115brz8._.js:2431
[34192171ms] [LOG] [Fast Refresh] done in 611ms @ http://localhost:3000/_next/static/chunks/node_modules_next_dist_115brz8._.js:2431
[34193613ms] [LOG] [Fast Refresh] rebuilding @ http://localhost:3000/_next/static/chunks/node_modules_next_dist_115brz8._.js:2431
[34195443ms] [LOG] [Fast Refresh] done in 1933ms @ http://localhost:3000/_next/static/chunks/node_modules_next_dist_115brz8._.js:2431
[34196923ms] [WARNING] The resource http://localhost:3000/_next/static/chunks/src_shared_ui_page-shell_page-shell_module_scss_module_0i25aaj.css was preloaded using link preload but not used within a few seconds from the window's load event. Please make sure it has an appropriate `as` value and it is preloaded intentionally. @ http://localhost:3000/pt-BR/cargas:0
[34492971ms] [LOG] [Fast Refresh] rebuilding @ http://localhost:3000/_next/static/chunks/node_modules_next_dist_115brz8._.js:2431
[34492991ms] [LOG] [Fast Refresh] done in 123ms @ http://localhost:3000/_next/static/chunks/node_modules_next_dist_115brz8._.js:2431
[34493186ms] [LOG] [Fast Refresh] rebuilding @ http://localhost:3000/_next/static/chunks/node_modules_next_dist_115brz8._.js:2431
[34493266ms] [LOG] [Fast Refresh] done in 181ms @ http://localhost:3000/_next/static/chunks/node_modules_next_dist_115brz8._.js:2431
[34546826ms] [LOG] [Fast Refresh] rebuilding @ http://localhost:3000/_next/static/chunks/node_modules_next_dist_115brz8._.js:2431
[34547094ms] [LOG] [Fast Refresh] done in 369ms @ http://localhost:3000/_next/static/chunks/node_modules_next_dist_115brz8._.js:2431
[34833821ms] [LOG] [Fast Refresh] rebuilding @ http://localhost:3000/_next/static/chunks/node_modules_next_dist_115brz8._.js:2431
[34834121ms] [LOG] [Fast Refresh] done in 403ms @ http://localhost:3000/_next/static/chunks/node_modules_next_dist_115brz8._.js:2431
[34834589ms] [LOG] [Fast Refresh] rebuilding @ http://localhost:3000/_next/static/chunks/node_modules_next_dist_115brz8._.js:2431
[34834839ms] [LOG] [Fast Refresh] done in 231ms @ http://localhost:3000/_next/static/chunks/node_modules_next_dist_115brz8._.js:2431
[34836425ms] [LOG] [Fast Refresh] rebuilding @ http://localhost:3000/_next/static/chunks/node_modules_next_dist_115brz8._.js:2431
[34836666ms] [LOG] [Fast Refresh] done in 313ms @ http://localhost:3000/_next/static/chunks/node_modules_next_dist_115brz8._.js:2431
[34839700ms] [WARNING] The resource http://localhost:3000/_next/static/chunks/src_shared_ui_page-shell_page-shell_module_scss_module_0i25aaj.css was preloaded using link preload but not used within a few seconds from the window's load event. Please make sure it has an appropriate `as` value and it is preloaded intentionally. @ http://localhost:3000/pt-BR/cargas:0
[34899212ms] [LOG] [Fast Refresh] rebuilding @ http://localhost:3000/_next/static/chunks/node_modules_next_dist_115brz8._.js:2431
[34899354ms] [LOG] [Fast Refresh] done in 243ms @ http://localhost:3000/_next/static/chunks/node_modules_next_dist_115brz8._.js:2431
[34902361ms] [LOG] [Fast Refresh] rebuilding @ http://localhost:3000/_next/static/chunks/node_modules_next_dist_115brz8._.js:2431
[34902396ms] [LOG] [Fast Refresh] done in 137ms @ http://localhost:3000/_next/static/chunks/node_modules_next_dist_115brz8._.js:2431
[34940748ms] [LOG] [Fast Refresh] rebuilding @ http://localhost:3000/_next/static/chunks/node_modules_next_dist_115brz8._.js:2431
[34940759ms] [LOG] [Fast Refresh] done in 116ms @ http://localhost:3000/_next/static/chunks/node_modules_next_dist_115brz8._.js:2431
[34998249ms] [LOG] [Fast Refresh] rebuilding @ http://localhost:3000/_next/static/chunks/node_modules_next_dist_115brz8._.js:2431
[34998366ms] [LOG] [Fast Refresh] done in 219ms @ http://localhost:3000/_next/static/chunks/node_modules_next_dist_115brz8._.js:2431
[35000524ms] [LOG] [Fast Refresh] rebuilding @ http://localhost:3000/_next/static/chunks/node_modules_next_dist_115brz8._.js:2431
[35000653ms] [LOG] [Fast Refresh] done in 231ms @ http://localhost:3000/_next/static/chunks/node_modules_next_dist_115brz8._.js:2431
